日期,代號,名稱,開盤,最高,最低,收盤,成交量,還原收盤
2024-06-19,2301,光寶科,106.0,107.5,104.5,106.0,22202703,98.28372955322266
2024-06-20,2301,光寶科,106.0,107.5,105.5,106.0,11734891,98.28372955322266
2024-06-21,2301,光寶科,105.5,107.0,104.0,105.0,18483384,97.35652160644531
2024-06-24,2301,光寶科,105.0,105.5,103.5,103.5,13390678,95.96571350097656
2024-06-25,2301,光寶科,104.0,105.0,102.0,105.0,13844478,97.35652160644531
2024-06-26,2301,光寶科,105.5,107.0,104.0,106.5,24080481,98.74732971191406
2024-06-27,2301,光寶科,106.0,108.0,105.0,108.0,39392500,100.13813781738281
2024-06-28,2301,光寶科,108.0,108.5,106.0,106.0,30649345,98.28372955322266
2024-07-01,2301,光寶科,107.0,110.5,106.5,110.5,39988817,102.45614624023438
2024-07-02,2301,光寶科,110.0,110.0,108.0,110.0,26626627,101.99254608154297
2024-07-03,2301,光寶科,110.5,111.0,107.0,108.0,23313824,100.13813781738281
2024-07-04,2301,光寶科,108.5,112.0,108.0,111.5,43863835,103.38335418701172
2024-07-05,2301,光寶科,110.5,111.0,107.0,107.0,25060165,99.21092987060547
2024-07-08,2301,光寶科,107.0,108.5,105.5,107.5,21259705,99.67453002929688
2024-07-09,2301,光寶科,107.5,108.0,105.0,107.0,17789480,99.21092987060547
2024-07-10,2301,光寶科,107.5,111.5,107.0,109.0,33286381,101.06534576416016
2024-07-11,2301,光寶科,110.0,111.5,109.0,109.5,16461747,101.52893829345703
2024-07-12,2301,光寶科,109.0,110.5,108.0,109.0,10762270,101.06534576416016
2024-07-15,2301,光寶科,109.5,110.0,108.5,109.0,6881393,101.06534576416016
2024-07-16,2301,光寶科,109.5,111.0,109.0,111.0,13408711,102.91975402832031
2024-07-17,2301,光寶科,111.0,111.0,108.0,108.0,17861914,100.13813781738281
2024-07-18,2301,光寶科,106.5,109.5,106.0,109.5,15268195,101.52893829345703
2024-07-19,2301,光寶科,109.0,109.5,107.5,109.5,16187742,101.52893829345703
2024-07-22,2301,光寶科,108.5,109.0,104.0,106.0,18839547,98.28372955322266
2024-07-23,2301,光寶科,106.5,107.5,104.5,106.0,16195623,98.28372955322266
2024-07-26,2301,光寶科,101.5,103.0,99.9000015258789,102.0,19278083,94.57490539550781
2024-07-29,2301,光寶科,103.0,103.5,99.80000305175781,99.80000305175781,15319391,92.5350570678711
2024-07-30,2301,光寶科,99.0,99.80000305175781,96.69999694824219,99.80000305175781,20074885,92.5350570678711
2024-07-31,2301,光寶科,99.0,100.0,98.0,99.0999984741211,13119026,91.8860092163086
2024-08-01,2301,光寶科,103.0,109.0,102.5,109.0,36160844,101.06534576416016
2024-08-02,2301,光寶科,107.0,110.0,105.0,106.0,50327109,98.28372955322266
2024-08-05,2301,光寶科,100.5,101.0,95.4000015258789,95.9000015258789,37980802,88.9189682006836
2024-08-06,2301,光寶科,99.80000305175781,99.80000305175781,93.19999694824219,98.5,23100260,91.32969665527344
2024-08-07,2301,光寶科,99.5,105.0,99.0,104.0,19342846,96.42931365966797
2024-08-08,2301,光寶科,102.0,104.0,100.5,102.0,18228548,94.57490539550781
2024-08-09,2301,光寶科,105.0,105.5,103.0,104.0,13998851,96.42931365966797
2024-08-12,2301,光寶科,104.5,105.0,103.5,105.0,7366940,97.35652160644531
2024-08-13,2301,光寶科,106.0,108.0,103.5,108.0,16676419,100.13813781738281
2024-08-14,2301,光寶科,108.5,109.5,106.0,109.5,17584562,101.52893829345703
2024-08-15,2301,光寶科,109.5,110.0,107.0,107.0,10064706,99.21092987060547
2024-08-16,2301,光寶科,108.5,109.0,107.0,108.0,16649311,100.13813781738281
2024-08-19,2301,光寶科,106.5,109.0,106.0,109.0,18221941,102.97223663330078
2024-08-20,2301,光寶科,109.0,109.5,107.0,107.0,8539035,101.08283233642578
2024-08-21,2301,光寶科,107.0,108.0,106.0,107.0,5279126,101.08283233642578
2024-08-22,2301,光寶科,107.5,108.0,106.0,106.5,4866710,100.61048889160156
2024-08-23,2301,光寶科,107.0,108.0,105.5,107.5,6602597,101.55518341064453
2024-08-26,2301,光寶科,108.0,109.0,107.0,107.5,5085536,101.55518341064453
2024-08-27,2301,光寶科,107.0,108.0,106.5,107.5,3471744,101.55518341064453
2024-08-28,2301,光寶科,107.5,108.0,106.0,106.5,5394996,100.61048889160156
2024-08-29,2301,光寶科,105.5,107.5,104.0,106.5,8703097,100.61048889160156
2024-08-30,2301,光寶科,107.0,108.0,106.5,107.0,13928401,101.08283233642578
2024-09-02,2301,光寶科,107.5,108.0,106.0,107.0,3502279,101.08283233642578
2024-09-03,2301,光寶科,106.5,107.0,104.5,105.0,7492409,99.19343566894531
2024-09-04,2301,光寶科,100.5,103.5,99.19999694824219,100.5,11465244,94.94229888916016
2024-09-05,2301,光寶科,102.5,103.0,101.0,101.5,7363435,95.8869857788086
2024-09-06,2301,光寶科,101.5,103.0,100.5,102.0,5190168,96.35933685302734
2024-09-09,2301,光寶科,100.0,102.5,100.0,101.5,6637925,95.8869857788086
2024-09-10,2301,光寶科,101.5,102.5,96.69999694824219,96.69999694824219,12821147,91.35242462158203
2024-09-11,2301,光寶科,95.5,99.5999984741211,95.5,99.5999984741211,7948477,94.09205627441406
2024-09-12,2301,光寶科,101.0,102.0,100.5,101.5,7135705,95.8869857788086
2024-09-13,2301,光寶科,102.0,102.0,100.0,101.5,7023570,95.8869857788086
2024-09-16,2301,光寶科,101.5,101.5,100.5,101.5,2457162,95.8869857788086
2024-09-18,2301,光寶科,101.5,102.5,99.80000305175781,100.5,8093496,94.94229888916016
2024-09-19,2301,光寶科,100.5,102.0,99.5,100.5,10604995,94.94229888916016
2024-09-20,2301,光寶科,100.5,102.0,98.69999694824219,98.69999694824219,20827191,93.24182891845703
2024-09-23,2301,光寶科,100.0,100.0,98.0,98.5999984741211,8091454,93.14735412597656
2024-09-24,2301,光寶科,98.69999694824219,100.5,98.69999694824219,99.5999984741211,8883727,94.09205627441406
2024-09-25,2301,光寶科,100.5,102.0,100.0,100.5,10433988,94.94229888916016
2024-09-26,2301,光寶科,101.5,102.0,99.5,100.0,7700163,94.4699478149414
2024-09-27,2301,光寶科,101.0,101.5,100.0,100.0,7795387,94.4699478149414
2024-09-30,2301,光寶科,100.5,101.0,99.5,99.5,5642422,93.99759674072266
2024-10-01,2301,光寶科,100.0,102.0,100.0,101.5,5732945,95.8869857788086
2024-10-04,2301,光寶科,100.5,101.5,99.80000305175781,99.80000305175781,7541730,94.28099822998047
2024-10-07,2301,光寶科,100.5,101.5,100.5,101.0,5379987,95.41463470458984
2024-10-08,2301,光寶科,100.5,100.5,99.0,99.69999694824219,6185790,94.1865234375
2024-10-09,2301,光寶科,100.0,102.0,100.0,100.5,5720686,94.94229888916016
2024-10-11,2301,光寶科,100.5,101.5,100.0,100.5,3784820,94.94229888916016
2024-10-14,2301,光寶科,101.0,102.0,100.5,101.5,3533837,95.8869857788086
2024-10-15,2301,光寶科,102.0,103.0,101.0,101.5,5752193,95.8869857788086
2024-10-16,2301,光寶科,101.0,102.5,101.0,101.5,7013980,95.8869857788086
2024-10-17,2301,光寶科,102.0,105.0,102.0,104.5,10058291,98.72108459472656
2024-10-18,2301,光寶科,106.0,107.0,104.0,104.5,10944557,98.72108459472656
2024-10-21,2301,光寶科,104.5,106.0,104.0,106.0,4859705,100.13813781738281
2024-10-22,2301,光寶科,105.5,106.0,104.0,105.0,4082338,99.19343566894531
2024-10-23,2301,光寶科,105.0,105.0,103.5,104.0,4157051,98.24873352050781
2024-10-24,2301,光寶科,103.5,104.0,102.5,103.0,5846492,97.30403137207031
2024-10-25,2301,光寶科,103.5,104.5,103.0,104.0,2649955,98.24873352050781
2024-10-28,2301,光寶科,104.5,105.5,104.0,104.5,3626492,98.72108459472656
2024-10-29,2301,光寶科,105.0,105.0,102.0,103.0,4949086,97.30403137207031
2024-10-30,2301,光寶科,104.0,104.5,102.5,102.5,6000543,96.83168029785156
2024-11-01,2301,光寶科,99.5,101.0,99.0,101.0,14764016,95.41463470458984
2024-11-04,2301,光寶科,101.0,102.5,100.0,102.0,5530186,96.35933685302734
2024-11-05,2301,光寶科,101.5,102.5,101.0,102.5,4094142,96.83168029785156
2024-11-06,2301,光寶科,102.5,105.5,102.0,105.5,8494239,99.66578674316406
2024-11-07,2301,光寶科,105.0,106.0,104.5,105.0,3724534,99.19343566894531
2024-11-08,2301,光寶科,106.0,106.0,105.0,105.0,3528522,99.19343566894531
2024-11-11,2301,光寶科,106.5,111.0,106.0,109.0,32314172,102.97223663330078
2024-11-12,2301,光寶科,107.0,108.0,105.0,105.0,15325648,99.19343566894531
2024-11-13,2301,光寶科,105.0,108.0,105.0,107.0,7927273,101.08283233642578
2024-11-14,2301,光寶科,107.0,107.5,105.0,105.0,8371625,99.19343566894531
2024-11-15,2301,光寶科,106.0,106.5,101.5,101.5,13203026,95.8869857788086
2024-11-18,2301,光寶科,102.0,103.0,100.5,100.5,7239470,94.94229888916016
2024-11-19,2301,光寶科,102.0,103.5,100.5,102.5,6184439,96.83168029785156
2024-11-20,2301,光寶科,101.5,101.5,101.5,101.5,7300709,95.8869857788086
2024-11-21,2301,光寶科,101.5,104.0,101.0,103.5,5212320,97.77638244628906
2024-11-22,2301,光寶科,104.0,107.5,104.0,107.0,10824930,101.08283233642578
2024-11-25,2301,光寶科,108.0,109.5,106.0,106.0,22520700,100.13813781738281
2024-11-26,2301,光寶科,106.0,107.0,105.0,107.0,7440591,101.08283233642578
2024-11-27,2301,光寶科,106.0,106.5,104.5,104.5,7323240,98.72108459472656
2024-11-28,2301,光寶科,104.5,105.0,102.5,104.0,6413788,98.24873352050781
2024-11-29,2301,光寶科,103.0,105.5,102.5,104.0,7103382,98.24873352050781
2024-12-02,2301,光寶科,105.5,107.0,105.0,105.5,4993488,99.66578674316406
2024-12-03,2301,光寶科,106.0,108.0,105.0,105.5,11949101,99.66578674316406
2024-12-04,2301,光寶科,105.5,106.0,103.5,104.5,10638188,98.72108459472656
2024-12-05,2301,光寶科,104.5,105.0,103.5,104.0,9238548,98.24873352050781
2024-12-06,2301,光寶科,104.0,106.0,103.5,104.5,6971658,98.72108459472656
2024-12-09,2301,光寶科,105.0,106.0,104.0,105.0,4189352,99.19343566894531
2024-12-10,2301,光寶科,105.0,105.5,102.0,103.0,8134393,97.30403137207031
2024-12-11,2301,光寶科,103.0,104.5,102.5,102.5,5943836,96.83168029785156
2024-12-12,2301,光寶科,103.5,106.0,103.0,104.5,7365471,98.72108459472656
2024-12-13,2301,光寶科,104.0,104.5,101.5,102.0,7458809,96.35933685302734
2024-12-16,2301,光寶科,103.0,103.0,100.5,100.5,5070638,94.94229888916016
2024-12-17,2301,光寶科,100.0,101.5,99.80000305175781,99.80000305175781,9654334,94.28099822998047
2024-12-18,2301,光寶科,99.80000305175781,101.0,99.80000305175781,100.5,5463641,94.94229888916016
2024-12-19,2301,光寶科,99.30000305175781,101.5,98.80000305175781,100.0,7295100,94.4699478149414
2024-12-20,2301,光寶科,100.0,101.0,99.5,99.5,8381736,93.99759674072266
2024-12-23,2301,光寶科,100.5,101.5,100.0,100.0,5245255,94.4699478149414
2024-12-24,2301,光寶科,101.0,101.5,100.5,100.5,3891292,94.94229888916016
2024-12-25,2301,光寶科,101.0,102.0,101.0,101.0,2815998,95.41463470458984
2024-12-26,2301,光寶科,101.5,102.0,101.0,102.0,3069334,96.35933685302734
2024-12-27,2301,光寶科,102.0,103.0,101.5,101.5,4191935,95.8869857788086
2024-12-30,2301,光寶科,102.0,102.0,100.5,100.5,2819798,94.94229888916016
2024-12-31,2301,光寶科,100.0,100.5,99.19999694824219,99.5,5333226,93.99759674072266
2025-01-02,2301,光寶科,99.80000305175781,101.5,99.69999694824219,100.5,5002566,94.94229888916016
2025-01-03,2301,光寶科,101.5,101.5,101.0,101.0,3026892,95.41463470458984
2025-01-06,2301,光寶科,101.5,102.5,101.0,102.0,5025846,96.35933685302734
2025-01-07,2301,光寶科,102.5,103.0,101.5,101.5,4710288,95.8869857788086
2025-01-08,2301,光寶科,102.0,102.5,101.5,101.5,5303422,95.8869857788086
2025-01-09,2301,光寶科,102.0,106.0,102.0,104.0,17769807,98.24873352050781
2025-01-10,2301,光寶科,103.5,105.0,103.0,103.0,5823581,97.30403137207031
2025-01-13,2301,光寶科,102.5,103.5,101.0,102.0,6438578,96.35933685302734
2025-01-14,2301,光寶科,102.5,104.5,102.5,104.0,4545332,98.24873352050781
2025-01-15,2301,光寶科,103.5,104.5,101.0,101.0,6117548,95.41463470458984
2025-01-16,2301,光寶科,104.0,107.5,103.5,107.5,21284235,101.55518341064453
2025-01-17,2301,光寶科,106.5,107.5,106.0,107.0,7504389,101.08283233642578
2025-01-20,2301,光寶科,106.5,109.5,106.5,108.0,14320437,102.02753448486328
2025-01-21,2301,光寶科,108.0,108.5,106.0,107.0,6714644,101.08283233642578
2025-01-22,2301,光寶科,108.0,109.0,107.5,109.0,7289294,102.97223663330078
2025-02-03,2301,光寶科,105.0,108.0,104.5,107.5,9472314,101.55518341064453
2025-02-04,2301,光寶科,108.0,108.5,106.5,106.5,4875029,100.61048889160156
2025-02-05,2301,光寶科,108.0,109.5,107.5,108.5,6057654,102.49988555908203
2025-02-06,2301,光寶科,109.0,109.5,108.0,108.5,3888822,102.49988555908203
2025-02-07,2301,光寶科,108.5,109.0,106.5,107.5,4320009,101.55518341064453
2025-02-10,2301,光寶科,107.5,109.0,107.0,108.5,6991416,102.49988555908203
2025-02-11,2301,光寶科,109.0,109.0,108.0,108.0,3389602,102.02753448486328
2025-02-12,2301,光寶科,108.5,109.0,107.5,108.0,4027186,102.02753448486328
2025-02-13,2301,光寶科,108.5,112.0,108.5,111.0,19211444,104.86163330078125
2025-02-14,2301,光寶科,111.5,111.5,109.0,109.0,4959368,102.97223663330078
2025-02-17,2301,光寶科,110.0,111.5,109.5,111.0,6325999,104.86163330078125
2025-02-18,2301,光寶科,111.0,111.5,110.5,111.5,5443702,105.333984375
2025-02-19,2301,光寶科,111.5,113.5,110.0,111.0,12200635,104.86163330078125
2025-02-20,2301,光寶科,111.0,112.0,109.5,111.5,11582637,105.333984375
2025-02-21,2301,光寶科,111.5,112.0,110.5,112.0,5168904,105.80633544921875
2025-02-24,2301,光寶科,111.5,113.0,110.5,111.5,5764199,105.333984375
2025-02-25,2301,光寶科,111.0,112.5,110.5,111.5,8906456,105.333984375
2025-02-26,2301,光寶科,111.5,112.0,109.5,112.0,10380532,105.80633544921875
2025-02-27,2301,光寶科,111.5,111.5,106.0,107.0,23369088,101.08283233642578
2025-03-03,2301,光寶科,107.0,110.0,106.5,109.5,11555621,103.444580078125
2025-03-04,2301,光寶科,108.0,110.0,107.5,109.0,12144519,102.97223663330078
2025-03-05,2301,光寶科,109.5,110.0,108.5,109.0,7547311,102.97223663330078
2025-03-06,2301,光寶科,109.5,110.0,107.0,107.5,6393813,101.55518341064453
2025-03-07,2301,光寶科,107.5,108.5,106.5,106.5,6524953,100.61048889160156
2025-03-10,2301,光寶科,107.0,108.0,105.5,106.5,6954984,100.61048889160156
2025-03-11,2301,光寶科,105.0,106.5,104.5,105.0,11543940,99.19343566894531
2025-03-12,2301,光寶科,106.5,108.5,106.0,107.0,6289501,101.08283233642578
2025-03-13,2301,光寶科,108.0,108.5,105.0,105.5,7435817,99.66578674316406
2025-03-14,2301,光寶科,106.0,106.5,105.0,105.5,5953804,99.66578674316406
2025-03-17,2301,光寶科,108.0,108.0,106.5,107.0,5311361,101.08283233642578
2025-03-18,2301,光寶科,107.5,108.5,105.5,107.0,7489092,101.08283233642578
2025-03-19,2301,光寶科,107.5,108.0,105.0,105.5,7402448,99.66578674316406
2025-03-20,2301,光寶科,103.5,104.5,102.5,102.5,9286234,99.18831634521484
2025-03-21,2301,光寶科,104.0,105.0,103.0,104.0,16361492,100.63986206054688
2025-03-24,2301,光寶科,104.0,105.0,101.5,101.5,8084252,98.22063446044922
2025-03-25,2301,光寶科,102.5,103.0,100.0,100.0,11564209,96.76909637451172
2025-03-26,2301,光寶科,101.0,102.0,100.5,101.5,7449798,98.22063446044922
2025-03-27,2301,光寶科,101.0,102.0,100.0,101.5,6555256,98.22063446044922
2025-03-28,2301,光寶科,100.0,100.0,97.30000305175781,98.0,14455539,94.83370971679688
2025-03-31,2301,光寶科,95.5,95.9000015258789,90.9000015258789,90.9000015258789,17946876,87.9631118774414
2025-04-01,2301,光寶科,92.80000305175781,95.30000305175781,92.5999984741211,94.30000305175781,8465072,91.25325775146484
2025-04-02,2301,光寶科,94.0,95.30000305175781,93.9000015258789,94.80000305175781,4284270,91.73710632324219
2025-04-07,2301,光寶科,85.4000015258789,85.4000015258789,85.4000015258789,85.4000015258789,2139576,82.64080810546875
2025-04-08,2301,光寶科,78.0,81.0,76.9000015258789,76.9000015258789,17625200,74.41543579101562
2025-04-09,2301,光寶科,72.9000015258789,76.9000015258789,70.5,71.5999984741211,19569867,69.28666687011719
2025-04-10,2301,光寶科,78.69999694824219,78.69999694824219,78.69999694824219,78.69999694824219,3323914,76.15727233886719
2025-04-11,2301,光寶科,75.80000305175781,86.0,75.80000305175781,85.5999984741211,20221473,82.83434295654297
2025-04-14,2301,光寶科,88.9000015258789,90.80000305175781,86.69999694824219,87.19999694824219,15600635,84.38264465332031
2025-04-15,2301,光寶科,87.80000305175781,91.0,87.30000305175781,89.5999984741211,9688845,86.70510864257812
2025-04-16,2301,光寶科,88.9000015258789,90.19999694824219,88.5,88.80000305175781,6307777,85.93095397949219
2025-04-17,2301,光寶科,88.5,88.80000305175781,87.0999984741211,88.0999984741211,7460049,85.25357055664062
2025-04-18,2301,光寶科,88.69999694824219,90.0999984741211,88.5999984741211,89.0,4620520,86.12449645996094
2025-04-21,2301,光寶科,89.0,89.9000015258789,88.80000305175781,88.80000305175781,4959697,85.93095397949219
2025-04-22,2301,光寶科,87.9000015258789,89.4000015258789,87.9000015258789,88.80000305175781,6960189,85.93095397949219
2025-04-23,2301,光寶科,90.0,90.30000305175781,89.5,89.9000015258789,8018495,86.99542236328125
2025-04-24,2301,光寶科,90.0,90.69999694824219,89.5999984741211,89.9000015258789,5999920,86.99542236328125
2025-04-25,2301,光寶科,91.0,92.4000015258789,91.0,91.69999694824219,3374630,88.73725128173828
2025-04-28,2301,光寶科,92.30000305175781,94.0,92.0999984741211,93.5,4007403,90.4791030883789
2025-04-29,2301,光寶科,93.19999694824219,95.0,92.0999984741211,93.80000305175781,7086653,90.76941680908203
2025-04-30,2301,光寶科,93.0999984741211,96.19999694824219,93.0999984741211,96.0,7262602,92.89833068847656
2025-05-02,2301,光寶科,96.5999984741211,101.0,95.69999694824219,100.5,13679919,97.25294494628906
2025-05-05,2301,光寶科,101.5,102.0,98.9000015258789,100.5,8976351,97.25294494628906
2025-05-06,2301,光寶科,100.0,103.0,99.9000015258789,100.0,10315904,96.76909637451172
2025-05-07,2301,光寶科,100.5,101.5,98.9000015258789,99.30000305175781,6513334,96.09171295166016
2025-05-08,2301,光寶科,99.69999694824219,100.5,98.80000305175781,98.9000015258789,5632026,95.70463562011719
2025-05-09,2301,光寶科,99.5,101.5,98.9000015258789,100.5,8632597,97.25294494628906
2025-05-12,2301,光寶科,100.5,101.5,100.5,101.0,3796622,97.73678588867188
2025-05-13,2301,光寶科,101.5,102.5,101.0,101.5,7147194,98.22063446044922
2025-05-14,2301,光寶科,102.0,103.5,102.0,103.0,6191878,99.67216491699219
2025-05-15,2301,光寶科,103.0,103.5,102.5,103.0,3605826,99.67216491699219
2025-05-16,2301,光寶科,102.5,104.0,100.5,102.0,7038461,98.70447540283203
2025-05-19,2301,光寶科,101.0,103.0,100.5,101.0,5090770,97.73678588867188
2025-05-20,2301,光寶科,102.5,103.0,101.0,101.0,3047417,97.73678588867188
2025-05-21,2301,光寶科,102.0,104.5,101.5,104.5,8839798,101.12370300292969
2025-05-22,2301,光寶科,103.0,104.0,101.5,102.5,6986557,99.18831634521484
2025-05-23,2301,光寶科,102.0,102.5,100.5,101.0,6665406,97.73678588867188
2025-05-26,2301,光寶科,101.5,101.5,100.0,101.5,8100456,98.22063446044922
2025-05-27,2301,光寶科,101.5,103.5,100.5,101.5,13035680,98.22063446044922
2025-05-28,2301,光寶科,102.5,103.0,100.5,103.0,13212441,99.67216491699219
2025-05-29,2301,光寶科,103.5,104.0,101.0,101.5,18448767,98.22063446044922
2025-06-02,2301,光寶科,101.0,101.5,100.0,101.0,6991124,97.73678588867188
2025-06-03,2301,光寶科,101.5,103.5,101.0,103.0,8597382,99.67216491699219
2025-06-04,2301,光寶科,103.5,107.5,103.5,106.0,15834417,102.57524108886719
2025-06-05,2301,光寶科,106.0,107.5,105.0,106.0,9923914,102.57524108886719
2025-06-06,2301,光寶科,106.0,107.0,105.5,106.0,4443115,102.57524108886719
2025-06-09,2301,光寶科,107.0,107.0,104.5,105.5,3170226,102.09139251708984
2025-06-10,2301,光寶科,105.5,107.0,105.0,107.0,4508537,103.54293060302734
2025-06-11,2301,光寶科,107.0,107.5,104.0,106.0,9745328,102.57524108886719
2025-06-12,2301,光寶科,106.0,107.5,105.5,107.5,5355526,104.02677154541016
2025-06-13,2301,光寶科,107.0,108.5,106.0,108.5,8695323,104.99446868896484
2025-06-16,2301,光寶科,107.5,108.5,107.0,108.5,3641893,104.99446868896484
2025-06-17,2301,光寶科,109.0,109.5,107.0,107.5,5060902,104.02677154541016
2025-06-18,2301,光寶科,108.5,109.5,107.5,108.5,5514981,104.99446868896484
2025-06-19,2301,光寶科,108.5,109.0,107.0,107.0,2692221,103.54293060302734
2025-06-20,2301,光寶科,107.0,108.5,106.0,107.0,14505977,103.54293060302734
2025-06-23,2301,光寶科,106.0,107.5,105.5,106.0,6642332,102.57524108886719
2025-06-24,2301,光寶科,108.0,110.0,107.5,109.0,9962940,105.47831726074219
2025-06-25,2301,光寶科,109.0,110.0,108.0,109.5,5240050,105.962158203125
2025-06-26,2301,光寶科,110.0,112.0,110.0,111.0,11323813,107.4136962890625
2025-06-27,2301,光寶科,111.5,112.5,110.5,111.5,11074316,107.89753723144531
2025-06-30,2301,光寶科,111.0,112.5,109.5,110.5,9350155,106.92984771728516
2025-07-01,2301,光寶科,111.0,112.5,110.5,111.5,7198977,107.89753723144531
2025-07-02,2301,光寶科,110.5,112.5,110.5,112.0,6025434,108.38138580322266
2025-07-03,2301,光寶科,112.0,115.0,112.0,115.0,14958272,111.28446197509766
2025-07-04,2301,光寶科,115.0,116.5,112.5,113.5,9513121,109.83292388916016
2025-07-07,2301,光寶科,113.5,114.0,111.5,114.0,7624160,110.3167724609375
2025-07-08,2301,光寶科,114.0,115.0,113.0,114.5,7826786,110.80061340332031
2025-07-09,2301,光寶科,115.0,116.5,114.0,116.5,9163634,112.73599243164062
2025-07-10,2301,光寶科,116.0,118.0,115.0,117.5,10058129,113.70368957519531
2025-07-11,2301,光寶科,117.5,118.5,115.5,118.0,11011845,114.18753051757812
2025-07-14,2301,光寶科,117.5,118.0,114.0,115.5,5860747,111.76830291748047
2025-07-15,2301,光寶科,115.0,117.0,115.0,117.0,7414427,113.21983337402344
2025-07-16,2301,光寶科,117.0,118.0,116.5,117.0,11961453,113.21983337402344
2025-07-17,2301,光寶科,117.0,117.0,114.5,115.0,10206062,111.28446197509766
2025-07-18,2301,光寶科,115.5,116.5,114.5,116.0,5916231,112.25214385986328
2025-07-21,2301,光寶科,116.5,118.0,115.5,116.0,7209528,112.25214385986328
2025-07-22,2301,光寶科,116.5,118.5,114.5,115.0,10842693,111.28446197509766
2025-07-23,2301,光寶科,116.5,117.0,115.5,117.0,8682459,113.21983337402344
2025-07-24,2301,光寶科,117.0,118.0,115.5,116.5,6815699,112.73599243164062
2025-07-25,2301,光寶科,116.5,117.5,116.0,117.5,6359074,113.70368957519531
2025-07-28,2301,光寶科,118.5,126.5,118.5,124.5,31257323,120.47752380371094
2025-07-29,2301,光寶科,124.5,124.5,121.5,124.5,15975685,120.47752380371094
2025-07-30,2301,光寶科,124.5,128.0,123.5,126.0,17369537,121.9290542602539
2025-07-31,2301,光寶科,121.5,121.5,115.0,119.0,37747467,115.15522003173828
2025-08-04,2301,光寶科,119.5,122.0,119.0,121.5,13986531,117.57444763183594
2025-08-05,2301,光寶科,125.0,133.5,122.5,133.5,59968014,129.18675231933594
2025-08-06,2301,光寶科,136.0,141.0,132.5,133.0,127567616,128.70289611816406
2025-08-07,2301,光寶科,135.0,142.5,133.0,137.5,69444421,133.05751037597656
2025-08-08,2301,光寶科,138.5,141.5,136.5,137.0,37866517,132.5736541748047
2025-08-11,2301,光寶科,137.5,141.5,134.5,140.5,39656394,135.9605712890625
2025-08-12,2301,光寶科,142.0,142.5,137.0,137.5,26749264,133.05751037597656
2025-08-13,2301,光寶科,140.0,141.0,135.5,137.0,35173947,132.5736541748047
2025-08-14,2301,光寶科,137.5,138.0,130.5,132.5,31853949,128.2190399169922
2025-08-15,2301,光寶科,132.5,136.0,130.5,134.0,23677280,129.6705780029297
2025-08-18,2301,光寶科,134.5,137.5,132.5,134.0,21385306,129.6705780029297
2025-08-19,2301,光寶科,132.5,133.0,127.0,127.5,32186276,125.25
2025-08-20,2301,光寶科,126.0,126.5,122.0,123.0,17957205,120.82940673828125
2025-08-21,2301,光寶科,124.5,127.5,123.5,125.0,17533331,122.79411315917969
2025-08-22,2301,光寶科,125.0,127.0,124.0,124.0,13775538,121.81175994873047
2025-08-25,2301,光寶科,127.0,127.5,124.5,125.0,10205725,122.79411315917969
2025-08-26,2301,光寶科,125.0,127.0,123.0,125.0,8779425,122.79411315917969
2025-08-27,2301,光寶科,125.0,133.0,124.0,131.0,28566742,128.688232421875
2025-08-28,2301,光寶科,131.0,132.5,129.0,130.0,10570471,127.70587921142578
2025-08-29,2301,光寶科,131.0,135.0,130.0,130.0,22992122,127.70587921142578
2025-09-01,2301,光寶科,129.5,130.5,124.0,126.0,13720231,123.7764663696289
2025-09-02,2301,光寶科,127.0,128.5,122.5,125.0,12057775,122.79411315917969
2025-09-03,2301,光寶科,125.5,127.0,124.5,125.0,4762873,122.79411315917969
2025-09-04,2301,光寶科,126.0,128.0,125.0,125.5,12005702,123.28529357910156
2025-09-05,2301,光寶科,128.0,131.5,127.0,130.5,21354895,128.19705200195312
2025-09-08,2301,光寶科,133.5,135.0,130.5,134.0,21722134,131.63528442382812
2025-09-09,2301,光寶科,135.5,144.5,134.0,140.5,58577980,138.0205841064453
2025-09-10,2301,光寶科,150.0,154.5,149.5,154.5,20427264,151.77352905273438
2025-09-11,2301,光寶科,161.0,169.5,156.5,165.5,156826000,162.57940673828125
2025-09-12,2301,光寶科,169.0,173.0,160.5,163.0,87130032,160.12351989746094
2025-09-15,2301,光寶科,168.0,168.0,158.5,161.0,48699777,158.1588134765625
2025-09-16,2301,光寶科,161.0,167.0,160.0,167.0,41174969,164.0529327392578
2025-09-17,2301,光寶科,165.5,166.5,159.0,159.5,35254307,156.68528747558594
2025-09-18,2301,光寶科,159.5,168.0,159.5,164.5,42535309,161.59706115722656
2025-09-19,2301,光寶科,165.0,170.5,163.5,169.0,49743388,166.01763916015625
2025-09-22,2301,光寶科,168.5,185.5,167.0,185.5,66101140,182.22647094726562
2025-09-23,2301,光寶科,185.0,189.5,179.0,183.0,67494565,179.7705841064453
2025-09-24,2301,光寶科,184.0,186.5,174.0,175.0,47516715,171.91175842285156
2025-09-25,2301,光寶科,175.0,175.5,170.5,172.0,27065585,168.96470642089844
2025-09-26,2301,光寶科,168.5,170.5,161.0,163.5,32040129,160.6147003173828
2025-09-30,2301,光寶科,168.5,176.0,168.0,172.5,41007223,169.45587158203125
2025-10-01,2301,光寶科,173.0,174.0,169.0,169.5,24345639,166.50881958007812
2025-10-02,2301,光寶科,172.0,174.5,170.5,170.5,25507106,167.4911651611328
2025-10-03,2301,光寶科,171.0,174.0,168.0,172.0,22540245,168.96470642089844
2025-10-07,2301,光寶科,174.0,178.0,170.0,173.0,39586032,169.94705200195312
2025-10-08,2301,光寶科,170.5,174.0,168.0,172.0,21047359,168.96470642089844
2025-10-09,2301,光寶科,174.5,176.0,169.0,171.0,24899149,167.9823455810547
2025-10-13,2301,光寶科,162.0,170.0,161.0,168.0,24299007,165.03529357910156
2025-10-14,2301,光寶科,170.5,171.5,160.0,160.0,28670138,157.1764678955078
2025-10-15,2301,光寶科,160.5,163.5,158.5,161.5,34685465,158.64999389648438
2025-10-16,2301,光寶科,170.0,172.5,165.5,169.0,53003648,166.01763916015625
2025-10-17,2301,光寶科,167.0,169.0,164.0,165.5,24806896,162.57940673828125
2025-10-20,2301,光寶科,166.0,167.5,161.0,164.5,24721163,161.59706115722656
2025-10-21,2301,光寶科,166.0,169.5,164.0,165.5,23528530,162.57940673828125
2025-10-22,2301,光寶科,164.5,169.0,164.0,167.5,15062055,164.5441131591797
2025-10-23,2301,光寶科,165.0,173.5,164.5,170.5,25875388,167.4911651611328
2025-10-27,2301,光寶科,177.5,185.0,176.5,182.0,62430729,178.78822326660156
2025-10-28,2301,光寶科,181.0,194.0,180.0,188.5,67785645,185.17352294921875
2025-10-29,2301,光寶科,189.0,197.0,188.0,195.0,56735951,191.55882263183594
2025-10-30,2301,光寶科,185.0,186.0,175.5,181.0,104384281,177.80587768554688
2025-10-31,2301,光寶科,179.0,181.5,173.5,179.5,44791887,176.3323516845703
2025-11-03,2301,光寶科,180.0,181.5,177.0,180.0,28701592,176.82351684570312
2025-11-04,2301,光寶科,180.5,181.5,170.0,170.0,33403097,167.0
2025-11-05,2301,光寶科,165.0,169.5,164.0,169.0,20054931,166.01763916015625
2025-11-06,2301,光寶科,171.0,172.0,168.0,169.0,16225593,166.01763916015625
2025-11-07,2301,光寶科,168.0,169.0,165.5,166.5,11882176,163.56175231933594
2025-11-10,2301,光寶科,168.5,170.5,167.5,169.0,12340577,166.01763916015625
2025-11-11,2301,光寶科,171.0,175.0,167.5,167.5,16082731,164.5441131591797
2025-11-12,2301,光寶科,168.0,169.0,166.5,166.5,10358275,163.56175231933594
2025-11-13,2301,光寶科,167.0,168.0,164.0,164.5,17911389,161.59706115722656
2025-11-14,2301,光寶科,160.5,164.0,159.5,162.5,20541423,159.63235473632812
2025-11-17,2301,光寶科,163.0,165.0,161.5,162.5,17741154,159.63235473632812
2025-11-18,2301,光寶科,160.0,160.0,152.5,154.5,48838928,151.77352905273438
2025-11-19,2301,光寶科,154.5,156.5,150.0,153.5,32719001,150.79116821289062
2025-11-20,2301,光寶科,158.0,160.5,156.5,160.0,29651990,157.1764678955078
2025-11-21,2301,光寶科,154.5,155.5,150.5,153.5,25277047,150.79116821289062
2025-11-24,2301,光寶科,157.0,157.5,152.5,155.0,34219152,152.2646942138672
2025-11-25,2301,光寶科,158.0,158.5,154.0,154.5,22791616,151.77352905273438
2025-11-26,2301,光寶科,157.0,161.5,156.0,158.5,19735455,155.70294189453125
2025-11-27,2301,光寶科,159.5,160.0,158.0,158.0,9069460,155.21176147460938
2025-11-28,2301,光寶科,160.5,160.5,156.5,159.0,8944036,156.19410705566406
2025-12-01,2301,光寶科,158.5,162.0,156.0,159.0,11191394,156.19410705566406
2025-12-02,2301,光寶科,160.0,162.0,159.5,160.0,9629288,157.1764678955078
2025-12-03,2301,光寶科,160.5,161.5,159.0,160.0,8197945,157.1764678955078
2025-12-04,2301,光寶科,161.0,163.5,160.0,162.0,10196945,159.14117431640625
2025-12-05,2301,光寶科,162.5,164.5,159.0,160.0,9741264,157.1764678955078
2025-12-08,2301,光寶科,160.0,161.0,158.0,160.5,8682595,157.6676483154297
2025-12-09,2301,光寶科,160.0,161.5,159.0,159.0,6230630,156.19410705566406
2025-12-10,2301,光寶科,160.5,161.0,158.0,159.5,7969675,156.68528747558594
2025-12-11,2301,光寶科,159.0,161.0,153.5,153.5,14835634,150.79116821289062
2025-12-12,2301,光寶科,154.5,155.5,152.5,153.5,9040376,150.79116821289062
2025-12-15,2301,光寶科,148.5,153.0,148.0,151.5,7385593,148.8264617919922
2025-12-16,2301,光寶科,151.0,152.5,150.5,151.5,11099203,148.8264617919922
2025-12-17,2301,光寶科,152.5,156.0,152.0,154.5,9767512,151.77352905273438
2025-12-18,2301,光寶科,153.5,156.0,153.0,155.0,8773037,152.2646942138672
2025-12-19,2301,光寶科,157.0,161.0,156.0,159.5,17663901,156.68528747558594
2025-12-22,2301,光寶科,162.0,171.0,161.0,169.0,36205874,166.01763916015625
2025-12-23,2301,光寶科,169.0,169.0,163.0,163.0,14631866,160.12351989746094
2025-12-24,2301,光寶科,164.0,165.5,163.5,165.5,8555433,162.57940673828125
2025-12-26,2301,光寶科,165.5,165.5,160.5,162.5,16435677,159.63235473632812
2025-12-29,2301,光寶科,163.5,166.0,162.0,165.0,13365399,162.08822631835938
2025-12-30,2301,光寶科,164.0,165.5,161.0,162.0,14460622,159.14117431640625
2025-12-31,2301,光寶科,164.0,164.0,160.5,163.5,14362516,160.6147003173828
2026-01-02,2301,光寶科,164.5,171.5,164.5,167.0,24372608,164.0529327392578
2026-01-05,2301,光寶科,170.0,172.5,166.5,169.5,26994645,166.50881958007812
2026-01-06,2301,光寶科,170.0,171.0,166.5,170.5,19064057,167.4911651611328
2026-01-07,2301,光寶科,171.5,173.0,163.0,163.5,25311294,160.6147003173828
2026-01-08,2301,光寶科,163.5,164.5,160.0,161.5,12029039,158.64999389648438
2026-01-09,2301,光寶科,161.0,162.0,157.5,160.0,13421413,157.1764678955078
2026-01-12,2301,光寶科,162.0,165.5,162.0,164.5,10997231,161.59706115722656
2026-01-13,2301,光寶科,166.0,168.5,163.0,163.5,14306108,160.6147003173828
2026-01-14,2301,光寶科,163.5,168.5,162.5,167.0,14439968,164.0529327392578
2026-01-15,2301,光寶科,168.0,169.0,163.5,165.0,9782785,162.08822631835938
2026-01-16,2301,光寶科,166.0,172.0,165.5,166.0,22274298,163.07058715820312
2026-01-19,2301,光寶科,166.0,169.0,162.5,163.0,13520686,160.12351989746094
2026-01-20,2301,光寶科,161.0,163.0,159.5,161.5,11256796,158.64999389648438
2026-01-21,2301,光寶科,159.5,167.5,159.0,161.0,17411670,158.1588134765625
2026-01-22,2301,光寶科,166.0,177.0,166.0,177.0,53710891,173.87646484375
2026-01-23,2301,光寶科,182.5,184.5,171.0,172.0,82107598,168.96470642089844
2026-01-26,2301,光寶科,171.5,174.0,165.5,167.0,29036760,164.0529327392578
2026-01-27,2301,光寶科,167.0,170.0,164.0,169.5,21680121,166.50881958007812
2026-01-28,2301,光寶科,170.5,174.5,167.5,172.5,28013525,169.45587158203125
2026-01-29,2301,光寶科,174.0,174.0,165.0,167.0,20786876,164.0529327392578
2026-01-30,2301,光寶科,165.5,166.5,161.5,164.0,16478082,161.1058807373047
2026-02-02,2301,光寶科,162.5,164.0,158.0,160.5,17713316,157.6676483154297
2026-02-03,2301,光寶科,163.5,171.5,162.0,170.5,22491112,167.4911651611328
2026-02-04,2301,光寶科,170.5,178.0,167.5,173.5,33022292,170.438232421875
2026-02-05,2301,光寶科,170.0,172.0,165.0,165.5,20538210,162.57940673828125
2026-02-06,2301,光寶科,163.0,165.0,161.0,164.5,12171633,161.59706115722656
2026-02-09,2301,光寶科,169.0,174.0,167.0,173.5,25837769,170.438232421875
2026-02-10,2301,光寶科,174.0,180.5,172.0,177.5,51526647,174.36764526367188
2026-02-11,2301,光寶科,175.5,181.0,174.0,179.5,32868691,176.3323516845703
2026-02-23,2301,光寶科,184.5,187.5,180.5,184.5,38655342,181.24411010742188
2026-02-24,2301,光寶科,186.5,194.0,183.5,193.5,37479179,190.0852813720703
2026-02-25,2301,光寶科,197.0,200.0,188.0,192.0,29995726,188.61175537109375
2026-02-26,2301,光寶科,185.0,185.5,173.0,173.0,95783903,169.94705200195312
2026-03-02,2301,光寶科,167.0,174.0,165.5,169.0,32029273,166.01763916015625
2026-03-03,2301,光寶科,170.0,171.0,164.0,165.0,28383607,162.08822631835938
2026-03-04,2301,光寶科,162.0,163.5,155.0,155.5,38217528,152.75587463378906
2026-03-05,2301,光寶科,161.5,162.5,158.5,161.0,23934439,158.1588134765625
2026-03-06,2301,光寶科,158.5,161.0,157.0,159.0,15374474,156.19410705566406
2026-03-09,2301,光寶科,147.0,150.0,146.0,149.0,21347907,146.37059020996094
2026-03-10,2301,光寶科,155.5,158.5,153.0,155.0,18117231,152.2646942138672
2026-03-11,2301,光寶科,157.5,161.0,157.5,159.0,11871782,156.19410705566406
2026-03-12,2301,光寶科,157.5,161.5,155.0,159.5,18052510,156.68528747558594
2026-03-13,2301,光寶科,158.0,171.5,157.5,167.0,27558513,164.0529327392578
2026-03-16,2301,光寶科,167.0,168.0,163.0,165.0,13031833,162.08822631835938
2026-03-17,2301,光寶科,165.0,169.5,164.5,168.0,18286298,165.03529357910156
2026-03-18,2301,光寶科,171.0,173.0,167.5,170.0,23178466,167.0
2026-03-19,2301,光寶科,164.5,165.0,160.5,160.5,20390987,160.5
2026-03-20,2301,光寶科,161.0,162.5,158.5,160.0,13422415,160.0
2026-03-23,2301,光寶科,153.5,157.0,151.0,154.0,10070662,154.0
2026-03-24,2301,光寶科,156.5,158.5,152.5,153.0,8575759,153.0
2026-03-25,2301,光寶科,158.5,161.5,156.5,157.5,14371682,157.5
2026-03-26,2301,光寶科,158.5,159.5,153.5,154.0,14779817,154.0
2026-03-27,2301,光寶科,153.5,154.5,149.0,152.0,12895310,152.0
2026-03-30,2301,光寶科,148.0,151.5,147.5,149.5,8727693,149.5
2026-03-31,2301,光寶科,147.5,147.5,139.5,140.5,23529272,140.5
2026-04-01,2301,光寶科,147.0,148.0,146.0,147.5,10067501,147.5
2026-04-02,2301,光寶科,148.5,148.5,142.5,145.0,11050812,145.0
2026-04-07,2301,光寶科,145.5,147.0,141.5,142.5,14709639,142.5
2026-04-08,2301,光寶科,152.0,156.5,150.5,156.5,16902378,156.5
2026-04-09,2301,光寶科,156.5,159.5,152.0,155.0,25150814,155.0
2026-04-10,2301,光寶科,158.5,164.5,156.0,161.5,38675042,161.5
2026-04-13,2301,光寶科,159.5,159.5,153.0,153.5,30262901,153.5
2026-04-14,2301,光寶科,156.5,158.0,155.5,157.5,16730347,157.5
2026-04-15,2301,光寶科,159.5,160.5,155.5,159.0,24347400,159.0
2026-04-16,2301,光寶科,161.5,162.5,159.5,161.0,18339434,161.0
2026-04-17,2301,光寶科,161.5,163.5,160.0,162.0,18624697,162.0
2026-04-20,2301,光寶科,164.5,169.5,163.5,165.0,29919651,165.0
2026-04-21,2301,光寶科,165.0,173.5,163.5,171.5,44707291,171.5
2026-04-22,2301,光寶科,172.0,178.0,170.0,176.0,36357577,176.0
2026-04-23,2301,光寶科,181.0,181.0,160.5,164.5,47832969,164.5
2026-04-24,2301,光寶科,166.0,170.5,162.5,169.5,25163750,169.5
2026-04-27,2301,光寶科,174.5,181.0,171.0,172.0,38088901,172.0
2026-04-28,2301,光寶科,173.0,175.0,169.0,172.5,23547189,172.5
2026-04-29,2301,光寶科,171.0,174.0,168.0,172.0,21691294,172.0
2026-04-30,2301,光寶科,170.0,179.5,164.5,166.0,56713665,166.0
2026-05-04,2301,光寶科,168.5,175.5,168.0,171.5,36600436,171.5
2026-05-05,2301,光寶科,172.0,172.5,168.5,171.0,16716400,171.0
2026-05-06,2301,光寶科,175.0,187.0,173.5,185.0,86367974,185.0
2026-05-07,2301,光寶科,188.0,203.5,185.5,203.5,52861307,203.5
2026-05-08,2301,光寶科,208.0,214.5,198.5,204.0,97418122,204.0
2026-05-11,2301,光寶科,210.5,224.0,208.0,224.0,43402545,224.0
2026-05-12,2301,光寶科,245.0,246.0,230.0,234.5,90740897,234.5
2026-05-13,2301,光寶科,222.0,225.0,211.5,211.5,43756936,211.5
2026-05-14,2301,光寶科,209.0,211.0,203.0,207.0,41278427,207.0
2026-05-15,2301,光寶科,213.0,218.5,203.5,204.5,40698105,204.5
2026-05-18,2301,光寶科,202.0,211.0,196.0,207.5,26515578,207.5
2026-05-19,2301,光寶科,210.0,213.0,203.0,206.5,22528712,206.5
2026-05-20,2301,光寶科,207.5,212.5,203.0,204.0,22341789,204.0
2024-06-19,2308,台達電,358.0,371.0,356.5,367.0,27262125,360.58551025390625
2024-06-20,2308,台達電,368.5,371.0,364.0,369.5,15658314,363.04180908203125
2024-06-21,2308,台達電,367.0,387.5,363.0,383.0,27328765,376.30584716796875
2024-06-24,2308,台達電,378.0,382.0,372.5,376.5,14788504,369.9194641113281
2024-06-25,2308,台達電,375.0,391.5,369.5,387.0,19342112,380.2359619140625
2024-06-26,2308,台達電,387.0,392.5,383.5,385.0,13606956,378.2709045410156
2024-06-27,2308,台達電,383.0,387.5,381.0,386.5,8110428,379.74468994140625
2024-06-28,2308,台達電,388.0,396.0,387.0,387.5,14517508,380.7272033691406
2024-07-01,2308,台達電,388.5,396.0,385.0,390.5,8171543,383.6747741699219
2024-07-02,2308,台達電,384.0,388.5,382.0,383.0,10480225,376.30584716796875
2024-07-03,2308,台達電,383.0,386.0,377.0,379.5,10079137,372.8670349121094
2024-07-04,2308,台達電,382.0,388.0,379.5,382.0,8370304,375.3233337402344
2024-07-05,2308,台達電,385.0,392.5,384.0,387.0,11011210,380.2359619140625
2024-07-08,2308,台達電,385.5,404.0,385.0,402.0,19276224,394.9737854003906
2024-07-09,2308,台達電,400.0,413.0,396.0,410.0,18394935,402.8339538574219
2024-07-10,2308,台達電,412.5,422.5,410.0,420.5,16984440,413.1504211425781
2024-07-11,2308,台達電,420.5,435.0,416.5,434.0,14686355,426.41448974609375
2024-07-12,2308,台達電,423.5,428.0,420.0,422.0,11593686,414.62420654296875
2024-07-15,2308,台達電,421.0,424.0,412.0,415.0,9957443,407.7465515136719
2024-07-16,2308,台達電,408.0,417.5,408.0,412.5,9149976,405.2902526855469
2024-07-17,2308,台達電,410.0,415.0,407.0,411.0,8138419,403.81646728515625
2024-07-18,2308,台達電,399.0,405.0,396.0,401.5,12596981,394.4825134277344
2024-07-19,2308,台達電,396.0,403.0,393.5,399.0,9753619,392.0262145996094
2024-07-22,2308,台達電,394.5,396.0,372.0,373.5,16977855,366.9718933105469
2024-07-23,2308,台達電,380.0,391.0,378.5,389.5,10284203,382.6922607421875
2024-07-26,2308,台達電,371.0,390.0,369.0,388.0,15418212,381.2184753417969
2024-07-29,2308,台達電,397.5,405.0,393.0,396.0,12455583,389.0786437988281
2024-07-30,2308,台達電,396.0,400.0,389.0,400.0,9070732,393.00872802734375
2024-07-31,2308,台達電,403.0,418.0,400.0,414.5,17954450,407.25531005859375
2024-08-01,2308,台達電,423.0,427.0,415.0,424.0,21610324,416.5892639160156
2024-08-02,2308,台達電,392.5,405.0,389.0,390.0,21524543,383.1835021972656
2024-08-05,2308,台達電,351.0,360.0,351.0,351.0,22193364,344.86517333984375
2024-08-06,2308,台達電,370.0,377.0,347.0,373.0,22656609,366.48065185546875
2024-08-07,2308,台達電,375.0,389.0,373.5,379.5,15060540,372.8670349121094
2024-08-08,2308,台達電,380.0,386.5,373.5,377.0,13918520,370.4107360839844
2024-08-09,2308,台達電,383.5,397.5,383.5,387.5,14785272,380.7272033691406
2024-08-12,2308,台達電,404.0,407.0,395.0,399.0,13303160,392.0262145996094
2024-08-13,2308,台達電,405.5,406.0,396.0,399.5,6194292,392.5174865722656
2024-08-14,2308,台達電,405.0,412.5,402.5,409.0,8988188,401.8514404296875
2024-08-15,2308,台達電,413.5,413.5,406.0,409.0,7223463,401.8514404296875
2024-08-16,2308,台達電,416.0,417.0,409.0,411.0,8601345,403.81646728515625
2024-08-19,2308,台達電,407.0,410.5,404.0,404.5,6549779,397.4300842285156
2024-08-20,2308,台達電,408.0,412.0,402.0,402.5,5535444,395.46502685546875
2024-08-21,2308,台達電,399.0,407.0,397.0,400.0,11392681,393.00872802734375
2024-08-22,2308,台達電,400.0,403.5,399.5,402.0,4367333,394.9737854003906
2024-08-23,2308,台達電,400.0,403.0,396.5,402.0,4590172,394.9737854003906
2024-08-26,2308,台達電,405.0,408.0,394.0,395.0,6359095,388.09613037109375
2024-08-27,2308,台達電,391.0,400.0,390.5,400.0,3095579,393.00872802734375
2024-08-28,2308,台達電,400.0,400.5,394.5,400.5,3109258,393.5
2024-08-29,2308,台達電,394.0,400.0,392.5,397.5,3811373,390.55242919921875
2024-08-30,2308,台達電,403.0,405.5,399.5,399.5,9353162,392.5174865722656
2024-09-02,2308,台達電,405.0,405.0,392.0,394.5,6586239,387.6048583984375
2024-09-03,2308,台達電,394.5,397.0,392.0,392.5,5984980,385.63983154296875
2024-09-04,2308,台達電,372.5,379.0,364.0,372.0,12529472,365.49810791015625
2024-09-05,2308,台達電,375.0,381.0,368.5,369.0,7722618,362.5505676269531
2024-09-06,2308,台達電,370.5,377.0,369.0,375.5,7390351,368.93695068359375
2024-09-09,2308,台達電,359.0,366.0,358.5,362.5,9215501,356.1641540527344
2024-09-10,2308,台達電,366.5,371.5,365.5,369.0,7282460,362.5505676269531
2024-09-11,2308,台達電,365.0,369.0,360.5,364.5,8409792,358.12921142578125
2024-09-12,2308,台達電,377.0,389.5,376.0,389.0,8894805,382.20098876953125
2024-09-13,2308,台達電,392.5,392.5,382.0,385.0,4663800,378.2709045410156
2024-09-16,2308,台達電,385.0,389.0,381.0,385.5,3624545,378.7621765136719
2024-09-18,2308,台達電,381.0,385.0,376.5,380.0,6556263,373.3583068847656
2024-09-19,2308,台達電,382.5,391.5,382.5,391.5,7207787,384.65728759765625
2024-09-20,2308,台達電,395.0,397.5,387.0,387.0,9136601,380.2359619140625
2024-09-23,2308,台達電,392.5,393.5,389.0,390.5,5020496,383.6747741699219
2024-09-24,2308,台達電,390.5,397.0,387.0,397.0,3850774,390.0611572265625
2024-09-25,2308,台達電,395.0,401.5,395.0,398.0,8606574,391.043701171875
2024-09-26,2308,台達電,394.0,399.0,394.0,396.0,7370610,389.0786437988281
2024-09-27,2308,台達電,398.0,404.0,397.5,400.0,8232728,393.00872802734375
2024-09-30,2308,台達電,389.5,395.0,380.5,380.5,8344665,373.84954833984375
2024-10-01,2308,台達電,379.5,388.0,379.5,384.5,5868987,377.7796325683594
2024-10-04,2308,台達電,372.0,376.5,366.0,366.0,16627056,359.6029968261719
2024-10-07,2308,台達電,371.5,377.5,363.5,372.5,15414148,365.9893798828125
2024-10-08,2308,台達電,371.0,382.0,370.0,382.0,10171348,375.3233337402344
2024-10-09,2308,台達電,387.0,387.5,379.0,381.5,9331512,374.83209228515625
2024-10-11,2308,台達電,381.0,386.5,378.5,380.0,5817406,373.3583068847656
2024-10-14,2308,台達電,376.5,389.0,376.5,387.5,6546725,380.7272033691406
2024-10-15,2308,台達電,388.0,400.5,387.5,398.5,11524844,391.5349426269531
2024-10-16,2308,台達電,393.0,396.0,387.0,389.0,9403088,382.20098876953125
2024-10-17,2308,台達電,394.5,394.5,385.5,392.0,6769479,385.1485595703125
2024-10-18,2308,台達電,397.0,405.0,395.0,402.0,12959796,394.9737854003906
2024-10-21,2308,台達電,403.0,404.0,397.5,400.0,5116616,393.00872802734375
2024-10-22,2308,台達電,400.0,404.5,396.0,404.5,6272355,397.4300842285156
2024-10-23,2308,台達電,400.0,401.5,397.0,398.5,3487185,391.5349426269531
2024-10-24,2308,台達電,395.0,398.5,393.5,393.5,5396460,386.6223449707031
2024-10-25,2308,台達電,393.0,402.0,393.0,402.0,6453110,394.9737854003906
2024-10-28,2308,台達電,404.0,413.0,401.5,405.0,8652651,397.9213562011719
2024-10-29,2308,台達電,401.5,406.0,396.5,406.0,8256951,398.90386962890625
2024-10-30,2308,台達電,407.0,407.5,399.0,404.0,11943686,396.9388122558594
2024-11-01,2308,台達電,381.0,396.0,381.0,390.5,13189106,383.6747741699219
2024-11-04,2308,台達電,388.0,395.0,388.0,395.0,8698905,388.09613037109375
2024-11-05,2308,台達電,392.0,403.0,391.0,398.5,5569740,391.5349426269531
2024-11-06,2308,台達電,396.0,403.0,395.0,403.0,7211207,395.956298828125
2024-11-07,2308,台達電,403.0,403.0,397.0,399.0,6116649,392.0262145996094
2024-11-08,2308,台達電,400.0,403.0,398.0,400.0,6679657,393.00872802734375
2024-11-11,2308,台達電,400.0,402.0,396.5,401.0,6098507,393.9912414550781
2024-11-12,2308,台達電,400.0,409.0,395.5,397.0,12544916,390.0611572265625
2024-11-13,2308,台達電,392.0,397.0,391.5,393.5,6205958,386.6223449707031
2024-11-14,2308,台達電,395.0,395.5,386.0,389.0,6985748,382.20098876953125
2024-11-15,2308,台達電,392.0,393.5,386.0,386.0,5062478,379.25341796875
2024-11-18,2308,台達電,386.5,389.0,383.5,386.5,4209054,379.74468994140625
2024-11-19,2308,台達電,385.0,388.0,382.0,388.0,5048593,381.2184753417969
2024-11-20,2308,台達電,386.5,386.5,386.5,386.5,6252197,379.74468994140625
2024-11-21,2308,台達電,380.0,382.5,376.0,381.0,9970868,374.3408203125
2024-11-22,2308,台達電,386.0,394.0,386.0,394.0,6811218,387.1136169433594
2024-11-25,2308,台達電,397.0,400.0,393.5,393.5,9755212,386.6223449707031
2024-11-26,2308,台達電,391.0,393.0,387.5,387.5,3536692,380.7272033691406
2024-11-27,2308,台達電,386.0,393.0,386.0,386.0,2711116,379.25341796875
2024-11-28,2308,台達電,386.0,388.0,378.5,384.0,5038111,377.28839111328125
2024-11-29,2308,台達電,376.5,386.0,374.5,381.0,6334609,374.3408203125
2024-12-02,2308,台達電,386.0,391.0,386.0,388.5,2840583,381.709716796875
2024-12-03,2308,台達電,391.0,394.0,390.0,391.0,4794785,384.1660461425781
2024-12-04,2308,台達電,393.0,395.0,390.0,395.0,3312822,388.09613037109375
2024-12-05,2308,台達電,396.5,398.5,391.5,391.5,4924741,384.65728759765625
2024-12-06,2308,台達電,389.0,399.5,389.0,399.0,6341198,392.0262145996094
2024-12-09,2308,台達電,399.0,406.5,398.0,405.0,7631308,397.9213562011719
2024-12-10,2308,台達電,404.5,404.5,398.5,403.0,7292463,395.956298828125
2024-12-11,2308,台達電,403.0,418.0,401.5,414.5,12553245,407.25531005859375
2024-12-12,2308,台達電,412.0,421.0,412.0,417.0,8575396,409.71160888671875
2024-12-13,2308,台達電,421.5,432.5,418.5,423.0,14190436,415.6067199707031
2024-12-16,2308,台達電,426.0,429.5,421.5,426.0,8747143,418.5542907714844
2024-12-17,2308,台達電,418.5,425.0,416.0,419.5,8338235,412.16790771484375
2024-12-18,2308,台達電,414.5,425.5,414.5,425.5,6226938,418.06304931640625
2024-12-19,2308,台達電,415.0,419.5,413.0,416.5,7012984,409.2203369140625
2024-12-20,2308,台達電,408.0,417.5,407.0,412.0,8318027,404.7989807128906
2024-12-23,2308,台達電,420.0,425.0,417.0,420.0,4464278,412.6591796875
2024-12-24,2308,台達電,421.0,427.5,420.0,425.5,5490650,418.06304931640625
2024-12-25,2308,台達電,425.0,427.0,419.5,422.5,1990180,415.115478515625
2024-12-26,2308,台達電,423.0,428.0,422.5,428.0,2472540,420.51934814453125
2024-12-27,2308,台達電,426.0,433.0,425.5,431.5,3045217,423.9581604003906
2024-12-30,2308,台達電,431.0,438.0,429.5,434.5,4956839,426.9057312011719
2024-12-31,2308,台達電,430.0,433.5,428.0,430.5,3638189,422.97564697265625
2025-01-02,2308,台達電,430.5,436.5,412.5,417.0,11192962,409.71160888671875
2025-01-03,2308,台達電,419.5,422.0,412.5,414.0,9296991,406.7640380859375
2025-01-06,2308,台達電,422.0,422.0,415.0,418.5,5850642,411.1853942871094
2025-01-07,2308,台達電,425.0,434.0,423.5,432.0,7409053,424.4494323730469
2025-01-08,2308,台達電,440.5,446.0,425.5,428.0,11336057,420.51934814453125
2025-01-09,2308,台達電,428.0,430.0,417.0,417.5,5111761,410.2028503417969
2025-01-10,2308,台達電,420.0,420.5,416.0,420.0,3864851,412.6591796875
2025-01-13,2308,台達電,413.5,415.5,400.0,400.0,8744187,393.00872802734375
2025-01-14,2308,台達電,410.0,412.5,403.0,410.0,10130114,402.8339538574219
2025-01-15,2308,台達電,404.5,406.5,398.5,400.5,7451745,393.5
2025-01-16,2308,台達電,408.5,424.5,405.5,418.5,9382557,411.1853942871094
2025-01-17,2308,台達電,421.0,426.0,414.5,422.0,6489319,414.62420654296875
2025-01-20,2308,台達電,425.0,431.5,425.0,427.0,4669776,419.5368347167969
2025-01-21,2308,台達電,425.0,428.5,418.5,421.5,6449745,414.1329650878906
2025-01-22,2308,台達電,424.0,438.0,424.0,437.5,9474389,429.8533020019531
2025-02-03,2308,台達電,400.0,407.0,394.5,399.0,20139532,392.0262145996094
2025-02-04,2308,台達電,401.5,408.0,396.5,397.0,9534874,390.0611572265625
2025-02-05,2308,台達電,403.0,410.0,403.0,405.5,6548251,398.41259765625
2025-02-06,2308,台達電,413.5,417.5,411.5,417.0,8811916,409.71160888671875
2025-02-07,2308,台達電,418.0,418.5,409.0,415.0,4812142,407.7465515136719
2025-02-10,2308,台達電,405.0,409.5,404.0,404.5,5268719,397.4300842285156
2025-02-11,2308,台達電,405.0,408.0,402.0,402.0,6778905,394.9737854003906
2025-02-12,2308,台達電,403.0,406.5,401.0,401.0,3916708,393.9912414550781
2025-02-13,2308,台達電,401.0,406.0,400.5,405.0,5636862,397.9213562011719
2025-02-14,2308,台達電,402.0,406.0,400.0,401.0,4860464,393.9912414550781
2025-02-17,2308,台達電,400.0,408.5,400.0,406.0,4526789,398.90386962890625
2025-02-18,2308,台達電,402.0,403.5,390.5,391.0,20018112,384.1660461425781
2025-02-19,2308,台達電,386.0,394.0,386.0,392.0,7986505,385.1485595703125
2025-02-20,2308,台達電,392.5,394.5,390.0,390.0,7510785,383.1835021972656
2025-02-21,2308,台達電,386.5,396.0,386.5,396.0,8569868,389.0786437988281
2025-02-24,2308,台達電,391.5,396.0,389.5,395.5,6950019,388.5873718261719
2025-02-25,2308,台達電,389.5,397.0,389.5,393.0,7103863,386.1310729980469
2025-02-26,2308,台達電,392.0,399.0,391.0,399.0,8789809,392.0262145996094
2025-02-27,2308,台達電,394.0,407.0,394.0,402.0,19590848,394.9737854003906
2025-03-03,2308,台達電,397.0,400.0,390.0,390.0,11721984,383.1835021972656
2025-03-04,2308,台達電,385.0,387.0,373.0,377.5,19452498,370.9019775390625
2025-03-05,2308,台達電,379.0,383.0,377.5,378.5,10116547,371.884521484375
2025-03-06,2308,台達電,381.5,387.5,380.5,383.5,8270692,376.797119140625
2025-03-07,2308,台達電,381.5,381.5,375.0,375.0,8921265,368.4456787109375
2025-03-10,2308,台達電,375.0,381.0,375.0,375.5,5451626,368.93695068359375
2025-03-11,2308,台達電,372.0,373.5,365.5,370.5,9403893,364.02435302734375
2025-03-12,2308,台達電,371.5,389.5,371.5,387.5,13031685,380.7272033691406
2025-03-13,2308,台達電,392.5,398.0,388.0,388.5,11384379,381.709716796875
2025-03-14,2308,台達電,385.0,386.0,377.0,378.5,9108047,371.884521484375
2025-03-17,2308,台達電,385.0,396.0,383.0,394.0,11902227,387.1136169433594
2025-03-18,2308,台達電,393.0,400.0,392.5,400.0,8162071,393.00872802734375
2025-03-19,2308,台達電,398.0,400.0,390.5,390.5,6964005,383.6747741699219
2025-03-20,2308,台達電,391.0,401.0,391.0,393.5,7133147,386.6223449707031
2025-03-21,2308,台達電,392.5,398.0,390.0,396.0,8097221,389.0786437988281
2025-03-24,2308,台達電,400.0,406.0,392.0,392.0,10078008,385.1485595703125
2025-03-25,2308,台達電,392.5,395.5,390.5,392.0,4649203,385.1485595703125
2025-03-26,2308,台達電,396.5,400.5,394.0,399.0,9411426,392.0262145996094
2025-03-27,2308,台達電,395.0,395.0,381.5,392.0,5016744,385.1485595703125
2025-03-28,2308,台達電,383.0,386.5,375.0,376.5,9435073,369.9194641113281
2025-03-31,2308,台達電,365.0,369.5,360.0,360.0,8691223,353.7078552246094
2025-04-01,2308,台達電,365.0,371.5,362.5,371.0,6160920,364.5155944824219
2025-04-02,2308,台達電,365.0,373.5,364.0,369.5,3389999,363.04180908203125
2025-04-07,2308,台達電,333.0,333.0,333.0,333.0,2196910,327.1797790527344
2025-04-08,2308,台達電,300.5,311.0,300.0,305.0,28156853,299.6691589355469
2025-04-09,2308,台達電,293.0,304.5,275.0,280.5,16901587,275.5973815917969
2025-04-10,2308,台達電,308.5,308.5,308.5,308.5,3270591,303.10797119140625
2025-04-11,2308,台達電,306.5,335.0,300.5,335.0,22014107,329.1448059082031
2025-04-14,2308,台達電,349.5,350.0,328.0,330.0,17476535,324.2322082519531
2025-04-15,2308,台達電,329.5,332.5,324.0,330.5,7198521,324.7234802246094
2025-04-16,2308,台達電,325.0,327.5,320.5,320.5,7262799,314.89825439453125
2025-04-17,2308,台達電,313.5,316.5,307.0,315.5,11970974,309.9856262207031
2025-04-18,2308,台達電,316.0,320.0,315.0,319.5,2443456,313.91571044921875
2025-04-21,2308,台達電,316.5,319.0,309.5,312.0,3215675,306.54681396484375
2025-04-22,2308,台達電,308.5,317.0,308.5,310.0,4505507,304.5817565917969
2025-04-23,2308,台達電,316.5,331.5,314.5,329.5,7128300,323.7409362792969
2025-04-24,2308,台達電,332.0,334.5,324.5,326.5,5268652,320.7933654785156
2025-04-25,2308,台達電,334.0,339.5,329.5,330.5,8015088,324.7234802246094
2025-04-28,2308,台達電,343.0,344.0,335.5,340.5,6256932,334.5486755371094
2025-04-29,2308,台達電,339.0,340.0,332.0,340.0,7308691,334.05743408203125
2025-04-30,2308,台達電,337.5,338.5,333.0,333.5,7771275,327.6710205078125
2025-05-02,2308,台達電,339.5,356.0,337.0,354.0,12799777,347.8127136230469
2025-05-05,2308,台達電,364.0,364.0,352.5,358.0,10719987,351.7428283691406
2025-05-06,2308,台達電,355.0,363.0,353.0,359.0,7370329,352.725341796875
2025-05-07,2308,台達電,360.0,368.0,359.5,363.5,7607451,357.1466979980469
2025-05-08,2308,台達電,363.0,375.0,362.5,372.0,9611005,365.49810791015625
2025-05-09,2308,台達電,377.5,378.0,370.5,374.0,9755813,367.4631652832031
2025-05-12,2308,台達電,375.0,375.5,368.0,370.0,4638215,363.5330810546875
2025-05-13,2308,台達電,376.0,378.0,367.5,368.0,6316275,361.5680236816406
2025-05-14,2308,台達電,369.5,375.0,369.5,372.0,9096626,365.49810791015625
2025-05-15,2308,台達電,374.0,376.0,368.0,370.5,4578850,364.02435302734375
2025-05-16,2308,台達電,367.0,372.0,364.0,371.0,4282212,364.5155944824219
2025-05-19,2308,台達電,367.0,369.0,362.0,363.0,3935670,356.6554260253906
2025-05-20,2308,台達電,361.0,368.5,361.0,365.5,4213227,359.1117248535156
2025-05-21,2308,台達電,369.0,379.0,366.5,378.5,6185556,371.884521484375
2025-05-22,2308,台達電,376.5,383.5,372.5,378.0,6923417,371.39324951171875
2025-05-23,2308,台達電,378.0,380.5,372.0,373.5,5281106,366.9718933105469
2025-05-26,2308,台達電,374.0,376.5,369.5,370.5,6179396,364.02435302734375
2025-05-27,2308,台達電,368.0,372.5,365.0,367.5,4513583,361.0767822265625
2025-05-28,2308,台達電,371.0,373.5,367.0,370.0,4201968,363.5330810546875
2025-05-29,2308,台達電,373.0,381.5,372.5,374.0,13005295,367.4631652832031
2025-06-02,2308,台達電,381.0,381.0,366.0,367.5,5906314,361.0767822265625
2025-06-03,2308,台達電,374.5,386.0,373.0,379.5,14118434,372.8670349121094
2025-06-04,2308,台達電,382.0,389.0,379.0,389.0,10651570,382.20098876953125
2025-06-05,2308,台達電,395.0,398.5,390.0,398.0,11147342,391.043701171875
2025-06-06,2308,台達電,395.0,399.0,392.5,396.0,7562289,389.0786437988281
2025-06-09,2308,台達電,397.5,398.0,393.0,397.5,3767191,390.55242919921875
2025-06-10,2308,台達電,398.0,403.5,398.0,402.0,6805847,394.9737854003906
2025-06-11,2308,台達電,402.0,404.0,396.5,402.0,6391497,394.9737854003906
2025-06-12,2308,台達電,405.5,405.5,399.0,399.5,4715311,392.5174865722656
2025-06-13,2308,台達電,395.0,402.5,393.5,398.0,6256987,391.043701171875
2025-06-16,2308,台達電,398.0,401.0,396.5,400.5,4977272,393.5
2025-06-17,2308,台達電,395.0,398.5,393.0,395.0,6977658,395.0
2025-06-18,2308,台達電,395.0,402.0,394.0,400.5,5519023,400.5
2025-06-19,2308,台達電,400.5,408.0,400.5,404.0,9073025,404.0
2025-06-20,2308,台達電,402.0,406.0,398.5,400.0,19669788,400.0
2025-06-23,2308,台達電,396.0,403.0,396.0,400.0,6099946,400.0
2025-06-24,2308,台達電,402.0,418.0,402.0,417.0,11116100,417.0
2025-06-25,2308,台達電,420.0,428.5,420.0,423.5,11108825,423.5
2025-06-26,2308,台達電,422.5,424.5,418.0,420.0,7336581,420.0
2025-06-27,2308,台達電,421.0,426.5,419.5,424.0,7345295,424.0
2025-06-30,2308,台達電,420.5,425.0,413.0,413.0,5198117,413.0
2025-07-01,2308,台達電,417.0,432.5,417.0,428.0,10078725,428.0
2025-07-02,2308,台達電,421.5,434.5,421.0,429.5,6626261,429.5
2025-07-03,2308,台達電,431.5,460.0,431.0,459.0,22317749,459.0
2025-07-04,2308,台達電,451.5,461.5,450.5,457.0,14577748,457.0
2025-07-07,2308,台達電,452.0,458.5,448.0,450.0,8986785,450.0
2025-07-08,2308,台達電,450.0,455.0,446.5,451.5,10717852,451.5
2025-07-09,2308,台達電,442.0,452.0,440.0,451.0,11825025,451.0
2025-07-10,2308,台達電,458.0,485.5,458.0,482.5,22619776,482.5
2025-07-11,2308,台達電,471.0,491.5,471.0,483.0,13587750,483.0
2025-07-14,2308,台達電,478.5,482.5,472.5,473.0,6912679,473.0
2025-07-15,2308,台達電,483.0,496.0,480.0,494.0,15644025,494.0
2025-07-16,2308,台達電,500.0,513.0,495.5,500.0,23245466,500.0
2025-07-17,2308,台達電,494.0,503.0,490.0,499.0,9166864,499.0
2025-07-18,2308,台達電,499.0,509.0,499.0,509.0,7238844,509.0
2025-07-21,2308,台達電,513.0,517.0,511.0,515.0,9627700,515.0
2025-07-22,2308,台達電,515.0,533.0,508.0,513.0,13326683,513.0
2025-07-23,2308,台達電,517.0,527.0,517.0,520.0,10567662,520.0
2025-07-24,2308,台達電,515.0,519.0,508.0,518.0,9134695,518.0
2025-07-25,2308,台達電,512.0,518.0,508.0,517.0,8134464,517.0
2025-07-28,2308,台達電,524.0,529.0,520.0,522.0,7048224,522.0
2025-07-29,2308,台達電,520.0,529.0,516.0,525.0,7290167,525.0
2025-07-30,2308,台達電,528.0,533.0,520.0,530.0,7441150,530.0
2025-07-31,2308,台達電,581.0,582.0,561.0,567.0,14290496,567.0
2025-08-04,2308,台達電,579.0,594.0,578.0,593.0,11241547,593.0
2025-08-05,2308,台達電,600.0,636.0,600.0,632.0,20244945,632.0
2025-08-06,2308,台達電,607.0,632.0,605.0,621.0,20094089,621.0
2025-08-07,2308,台達電,623.0,633.0,618.0,623.0,14701639,623.0
2025-08-08,2308,台達電,626.0,637.0,626.0,637.0,11940640,637.0
2025-08-11,2308,台達電,635.0,643.0,628.0,638.0,9087647,638.0
2025-08-12,2308,台達電,642.0,649.0,636.0,642.0,8669434,642.0
2025-08-13,2308,台達電,665.0,681.0,662.0,675.0,23398116,675.0
2025-08-14,2308,台達電,667.0,675.0,663.0,670.0,11571094,670.0
2025-08-15,2308,台達電,670.0,695.0,669.0,686.0,14052732,686.0
2025-08-18,2308,台達電,690.0,695.0,681.0,688.0,12090726,688.0
2025-08-19,2308,台達電,683.0,691.0,660.0,661.0,12791048,661.0
2025-08-20,2308,台達電,628.0,657.0,624.0,625.0,23360715,625.0
2025-08-21,2308,台達電,620.0,655.0,619.0,648.0,17291029,648.0
2025-08-22,2308,台達電,668.0,672.0,658.0,664.0,9862231,664.0
2025-08-25,2308,台達電,680.0,685.0,667.0,676.0,9498974,676.0
2025-08-26,2308,台達電,675.0,685.0,672.0,685.0,10083437,685.0
2025-08-27,2308,台達電,690.0,730.0,687.0,720.0,15231644,720.0
2025-08-28,2308,台達電,717.0,717.0,705.0,709.0,8589429,709.0
2025-08-29,2308,台達電,709.0,718.0,705.0,711.0,10833614,711.0
2025-09-01,2308,台達電,706.0,724.0,678.0,688.0,13704967,688.0
2025-09-02,2308,台達電,698.0,704.0,678.0,685.0,11127649,685.0
2025-09-03,2308,台達電,683.0,687.0,675.0,680.0,11506701,680.0
2025-09-04,2308,台達電,689.0,705.0,685.0,691.0,9965095,691.0
2025-09-05,2308,台達電,720.0,726.0,711.0,726.0,14205816,726.0
2025-09-08,2308,台達電,745.0,745.0,726.0,726.0,11029416,726.0
2025-09-09,2308,台達電,729.0,798.0,728.0,784.0,20739103,784.0
2025-09-10,2308,台達電,807.0,844.0,806.0,837.0,22858768,837.0
2025-09-11,2308,台達電,825.0,853.0,825.0,831.0,25892416,831.0
2025-09-12,2308,台達電,834.0,854.0,834.0,837.0,19279803,837.0
2025-09-15,2308,台達電,842.0,848.0,829.0,836.0,11977009,836.0
2025-09-16,2308,台達電,833.0,841.0,821.0,841.0,14964160,841.0
2025-09-17,2308,台達電,840.0,853.0,831.0,836.0,10046309,836.0
2025-09-18,2308,台達電,837.0,899.0,837.0,892.0,21414831,892.0
2025-09-19,2308,台達電,894.0,909.0,885.0,888.0,19564182,888.0
2025-09-22,2308,台達電,880.0,915.0,880.0,907.0,14261438,907.0
2025-09-23,2308,台達電,913.0,917.0,890.0,893.0,16298095,893.0
2025-09-24,2308,台達電,888.0,893.0,866.0,891.0,15633116,891.0
2025-09-25,2308,台達電,886.0,903.0,883.0,884.0,11493170,884.0
2025-09-26,2308,台達電,867.0,869.0,837.0,848.0,18652130,848.0
2025-09-30,2308,台達電,852.0,888.0,851.0,854.0,16138286,854.0
2025-10-01,2308,台達電,870.0,878.0,860.0,871.0,9681582,871.0
2025-10-02,2308,台達電,893.0,910.0,893.0,894.0,17801201,894.0
2025-10-03,2308,台達電,900.0,944.0,895.0,942.0,17752218,942.0
2025-10-07,2308,台達電,942.0,995.0,941.0,987.0,25013368,987.0
2025-10-08,2308,台達電,963.0,985.0,962.0,981.0,11682890,981.0
2025-10-09,2308,台達電,1000.0,1005.0,986.0,999.0,14545045,999.0
2025-10-13,2308,台達電,968.0,1045.0,968.0,1030.0,23036958,1030.0
2025-10-14,2308,台達電,1050.0,1060.0,990.0,992.0,19658119,992.0
2025-10-15,2308,台達電,1000.0,1015.0,987.0,1015.0,12815338,1015.0
2025-10-16,2308,台達電,1005.0,1025.0,1000.0,1025.0,7584072,1025.0
2025-10-17,2308,台達電,1005.0,1050.0,996.0,999.0,12240453,999.0
2025-10-20,2308,台達電,998.0,1020.0,986.0,1015.0,11890513,1015.0
2025-10-21,2308,台達電,1015.0,1030.0,1000.0,1020.0,7639845,1020.0
2025-10-22,2308,台達電,1005.0,1020.0,1000.0,1020.0,5599702,1020.0
2025-10-23,2308,台達電,1005.0,1020.0,1000.0,1010.0,5140862,1010.0
2025-10-27,2308,台達電,1035.0,1075.0,1035.0,1070.0,13894647,1070.0
2025-10-28,2308,台達電,1060.0,1080.0,1055.0,1075.0,8604771,1075.0
2025-10-29,2308,台達電,1075.0,1085.0,1035.0,1060.0,12152233,1060.0
2025-10-30,2308,台達電,1070.0,1070.0,1005.0,1010.0,21746938,1010.0
2025-10-31,2308,台達電,1000.0,1015.0,990.0,995.0,18521789,995.0
2025-11-03,2308,台達電,992.0,1005.0,982.0,983.0,14781907,983.0
2025-11-04,2308,台達電,980.0,1010.0,975.0,975.0,17580080,975.0
2025-11-05,2308,台達電,930.0,972.0,930.0,967.0,16538385,967.0
2025-11-06,2308,台達電,980.0,994.0,977.0,978.0,9760798,978.0
2025-11-07,2308,台達電,960.0,972.0,956.0,965.0,9119881,965.0
2025-11-10,2308,台達電,980.0,994.0,968.0,982.0,10503689,982.0
2025-11-11,2308,台達電,993.0,998.0,972.0,972.0,10930686,972.0
2025-11-12,2308,台達電,965.0,981.0,954.0,967.0,13794867,967.0
2025-11-13,2308,台達電,965.0,973.0,958.0,958.0,10534466,958.0
2025-11-14,2308,台達電,938.0,945.0,922.0,922.0,17956984,922.0
2025-11-17,2308,台達電,931.0,946.0,916.0,916.0,10205990,916.0
2025-11-18,2308,台達電,906.0,930.0,898.0,898.0,12776058,898.0
2025-11-19,2308,台達電,890.0,911.0,889.0,894.0,11496641,894.0
2025-11-20,2308,台達電,939.0,965.0,934.0,954.0,15713499,954.0
2025-11-21,2308,台達電,907.0,913.0,895.0,895.0,16093630,895.0
2025-11-24,2308,台達電,904.0,909.0,893.0,893.0,18570764,893.0
2025-11-25,2308,台達電,913.0,926.0,899.0,910.0,10214403,910.0
2025-11-26,2308,台達電,928.0,950.0,916.0,945.0,11021726,945.0
2025-11-27,2308,台達電,955.0,959.0,938.0,942.0,8485835,942.0
2025-11-28,2308,台達電,946.0,946.0,928.0,932.0,7920998,932.0
2025-12-01,2308,台達電,936.0,978.0,932.0,973.0,16772623,973.0
2025-12-02,2308,台達電,988.0,998.0,974.0,989.0,19606844,989.0
2025-12-03,2308,台達電,997.0,1005.0,984.0,997.0,12394746,997.0
2025-12-04,2308,台達電,999.0,1005.0,991.0,999.0,6602493,999.0
2025-12-05,2308,台達電,998.0,1005.0,973.0,979.0,9363660,979.0
2025-12-08,2308,台達電,985.0,993.0,970.0,979.0,5590132,979.0
2025-12-09,2308,台達電,976.0,980.0,966.0,971.0,7569165,971.0
2025-12-10,2308,台達電,973.0,978.0,965.0,968.0,6126655,968.0
2025-12-11,2308,台達電,970.0,976.0,945.0,945.0,11239205,945.0
2025-12-12,2308,台達電,945.0,948.0,929.0,938.0,9026719,938.0
2025-12-15,2308,台達電,917.0,933.0,916.0,922.0,6527359,922.0
2025-12-16,2308,台達電,908.0,915.0,899.0,901.0,10227812,901.0
2025-12-17,2308,台達電,900.0,907.0,890.0,890.0,12462736,890.0
2025-12-18,2308,台達電,889.0,896.0,886.0,891.0,6069232,891.0
2025-12-19,2308,台達電,899.0,923.0,895.0,911.0,12394315,911.0
2025-12-22,2308,台達電,911.0,957.0,909.0,953.0,13468014,953.0
2025-12-23,2308,台達電,962.0,965.0,943.0,943.0,5730016,943.0
2025-12-24,2308,台達電,952.0,960.0,948.0,955.0,4891620,955.0
2025-12-26,2308,台達電,960.0,962.0,952.0,956.0,3106463,956.0
2025-12-29,2308,台達電,960.0,974.0,960.0,962.0,6073574,962.0
2025-12-30,2308,台達電,964.0,970.0,957.0,961.0,4433797,961.0
2025-12-31,2308,台達電,959.0,974.0,950.0,963.0,8863603,963.0
2026-01-02,2308,台達電,970.0,998.0,969.0,995.0,13024209,995.0
2026-01-05,2308,台達電,1010.0,1025.0,1000.0,1010.0,12466679,1010.0
2026-01-06,2308,台達電,1005.0,1050.0,983.0,1050.0,16032166,1050.0
2026-01-07,2308,台達電,1080.0,1085.0,988.0,1030.0,18172207,1030.0
2026-01-08,2308,台達電,1035.0,1040.0,1010.0,1010.0,9003951,1010.0
2026-01-09,2308,台達電,1000.0,1030.0,995.0,1015.0,7391100,1015.0
2026-01-12,2308,台達電,1040.0,1065.0,1035.0,1055.0,11344658,1055.0
2026-01-13,2308,台達電,1070.0,1080.0,1025.0,1030.0,11474459,1030.0
2026-01-14,2308,台達電,1040.0,1070.0,1040.0,1060.0,8593128,1060.0
2026-01-15,2308,台達電,1055.0,1060.0,1025.0,1045.0,8172566,1045.0
2026-01-16,2308,台達電,1075.0,1135.0,1060.0,1125.0,22782095,1125.0
2026-01-19,2308,台達電,1145.0,1160.0,1110.0,1120.0,12008197,1120.0
2026-01-20,2308,台達電,1105.0,1140.0,1100.0,1130.0,7198430,1130.0
2026-01-21,2308,台達電,1130.0,1185.0,1115.0,1135.0,18083264,1135.0
2026-01-22,2308,台達電,1200.0,1245.0,1195.0,1245.0,19318986,1245.0
2026-01-23,2308,台達電,1280.0,1285.0,1245.0,1260.0,17512693,1260.0
2026-01-26,2308,台達電,1220.0,1240.0,1205.0,1230.0,11798393,1230.0
2026-01-27,2308,台達電,1230.0,1260.0,1220.0,1250.0,8618449,1250.0
2026-01-28,2308,台達電,1250.0,1280.0,1235.0,1280.0,10930051,1280.0
2026-01-29,2308,台達電,1310.0,1315.0,1240.0,1255.0,12829784,1255.0
2026-01-30,2308,台達電,1250.0,1255.0,1215.0,1220.0,10202205,1220.0
2026-02-02,2308,台達電,1185.0,1200.0,1160.0,1175.0,12433041,1175.0
2026-02-03,2308,台達電,1205.0,1220.0,1175.0,1215.0,11004255,1215.0
2026-02-04,2308,台達電,1220.0,1220.0,1195.0,1210.0,7111184,1210.0
2026-02-05,2308,台達電,1175.0,1180.0,1130.0,1150.0,14283127,1150.0
2026-02-06,2308,台達電,1135.0,1170.0,1115.0,1160.0,10257879,1160.0
2026-02-09,2308,台達電,1200.0,1210.0,1180.0,1180.0,8765470,1180.0
2026-02-10,2308,台達電,1205.0,1210.0,1170.0,1185.0,7916235,1185.0
2026-02-11,2308,台達電,1200.0,1265.0,1190.0,1260.0,14422679,1260.0
2026-02-23,2308,台達電,1320.0,1380.0,1295.0,1305.0,21053140,1305.0
2026-02-24,2308,台達電,1355.0,1385.0,1335.0,1385.0,13399510,1385.0
2026-02-25,2308,台達電,1425.0,1480.0,1380.0,1435.0,13893910,1435.0
2026-02-26,2308,台達電,1450.0,1455.0,1415.0,1430.0,16681606,1430.0
2026-03-02,2308,台達電,1355.0,1445.0,1355.0,1425.0,14087742,1425.0
2026-03-03,2308,台達電,1410.0,1435.0,1340.0,1340.0,16095323,1340.0
2026-03-04,2308,台達電,1295.0,1320.0,1250.0,1255.0,16961184,1255.0
2026-03-05,2308,台達電,1335.0,1365.0,1310.0,1335.0,13120905,1335.0
2026-03-06,2308,台達電,1340.0,1345.0,1310.0,1320.0,10254707,1320.0
2026-03-09,2308,台達電,1210.0,1230.0,1195.0,1220.0,21625496,1220.0
2026-03-10,2308,台達電,1280.0,1325.0,1275.0,1290.0,11474848,1290.0
2026-03-11,2308,台達電,1350.0,1415.0,1325.0,1400.0,13726816,1400.0
2026-03-12,2308,台達電,1390.0,1410.0,1365.0,1370.0,7368490,1370.0
2026-03-13,2308,台達電,1355.0,1405.0,1340.0,1385.0,7461038,1385.0
2026-03-16,2308,台達電,1395.0,1395.0,1350.0,1360.0,5929443,1360.0
2026-03-17,2308,台達電,1385.0,1470.0,1385.0,1440.0,12515796,1440.0
2026-03-18,2308,台達電,1465.0,1490.0,1450.0,1465.0,10696722,1465.0
2026-03-19,2308,台達電,1450.0,1480.0,1445.0,1455.0,7980699,1455.0
2026-03-20,2308,台達電,1450.0,1530.0,1410.0,1475.0,15113545,1475.0
2026-03-23,2308,台達電,1405.0,1425.0,1385.0,1410.0,12888516,1410.0
2026-03-24,2308,台達電,1455.0,1470.0,1410.0,1415.0,12355449,1415.0
2026-03-25,2308,台達電,1485.0,1555.0,1485.0,1550.0,15224832,1550.0
2026-03-26,2308,台達電,1535.0,1565.0,1515.0,1515.0,12323637,1515.0
2026-03-27,2308,台達電,1460.0,1520.0,1440.0,1510.0,10081583,1510.0
2026-03-30,2308,台達電,1480.0,1495.0,1450.0,1485.0,11069480,1485.0
2026-03-31,2308,台達電,1465.0,1470.0,1365.0,1380.0,18001261,1380.0
2026-04-01,2308,台達電,1465.0,1495.0,1450.0,1475.0,11380012,1475.0
2026-04-02,2308,台達電,1480.0,1510.0,1420.0,1430.0,9316602,1430.0
2026-04-07,2308,台達電,1495.0,1515.0,1490.0,1515.0,9471155,1515.0
2026-04-08,2308,台達電,1630.0,1665.0,1615.0,1665.0,11931374,1665.0
2026-04-09,2308,台達電,1685.0,1705.0,1635.0,1645.0,14632032,1645.0
2026-04-10,2308,台達電,1690.0,1750.0,1675.0,1735.0,10973678,1735.0
2026-04-13,2308,台達電,1730.0,1760.0,1710.0,1740.0,6680545,1740.0
2026-04-14,2308,台達電,1805.0,1820.0,1750.0,1750.0,9707370,1750.0
2026-04-15,2308,台達電,1785.0,1835.0,1785.0,1785.0,9811750,1785.0
2026-04-16,2308,台達電,1835.0,1845.0,1785.0,1845.0,9212364,1845.0
2026-04-17,2308,台達電,1865.0,1870.0,1830.0,1840.0,8436351,1840.0
2026-04-20,2308,台達電,1860.0,1980.0,1860.0,1900.0,9692483,1900.0
2026-04-21,2308,台達電,1950.0,2035.0,1930.0,2015.0,8888821,2015.0
2026-04-22,2308,台達電,2040.0,2045.0,1995.0,2015.0,10117948,2015.0
2026-04-23,2308,台達電,2100.0,2115.0,1935.0,1980.0,15088821,1980.0
2026-04-24,2308,台達電,2005.0,2090.0,1990.0,2075.0,10846873,2075.0
2026-04-27,2308,台達電,2070.0,2080.0,1995.0,2020.0,13935817,2020.0
2026-04-28,2308,台達電,2030.0,2160.0,2030.0,2125.0,13898931,2125.0
2026-04-29,2308,台達電,2040.0,2170.0,2035.0,2165.0,11741236,2165.0
2026-04-30,2308,台達電,2220.0,2280.0,2150.0,2165.0,13424815,2165.0
2026-05-04,2308,台達電,2250.0,2260.0,2150.0,2220.0,11783423,2220.0
2026-05-05,2308,台達電,2185.0,2195.0,2145.0,2165.0,9420938,2165.0
2026-05-06,2308,台達電,2215.0,2270.0,2150.0,2210.0,14353798,2210.0
2026-05-07,2308,台達電,2275.0,2370.0,2250.0,2280.0,14784421,2280.0
2026-05-08,2308,台達電,2230.0,2250.0,2170.0,2200.0,10393004,2200.0
2026-05-11,2308,台達電,2215.0,2270.0,2205.0,2245.0,8790271,2245.0
2026-05-12,2308,台達電,2225.0,2260.0,2190.0,2195.0,11944561,2195.0
2026-05-13,2308,台達電,2160.0,2185.0,2140.0,2165.0,6913371,2165.0
2026-05-14,2308,台達電,2210.0,2250.0,2155.0,2155.0,6872103,2155.0
2026-05-15,2308,台達電,2185.0,2195.0,2075.0,2075.0,10469059,2075.0
2026-05-18,2308,台達電,1985.0,2040.0,1985.0,2020.0,8419378,2020.0
2026-05-19,2308,台達電,2020.0,2025.0,1910.0,1915.0,13603182,1915.0
2026-05-20,2308,台達電,1880.0,1960.0,1880.0,1915.0,10853286,1915.0
2024-06-19,2382,廣達,292.5,320.0,291.5,316.0,108990272,301.6112060546875
2024-06-20,2382,廣達,319.0,331.5,318.0,330.0,72523002,314.9737243652344
2024-06-21,2382,廣達,320.5,322.0,311.0,319.5,51704030,304.95184326171875
2024-06-24,2382,廣達,313.0,317.0,304.0,304.0,42233860,290.1576232910156
2024-06-25,2382,廣達,301.0,306.0,293.5,305.0,40789360,291.1120910644531
2024-06-26,2382,廣達,308.0,313.5,307.0,309.5,26223768,295.4071960449219
2024-06-27,2382,廣達,304.0,308.5,299.0,305.0,19545453,291.1120910644531
2024-06-28,2382,廣達,306.0,314.0,306.0,312.0,19574399,297.7933349609375
2024-07-01,2382,廣達,313.0,313.0,307.5,308.5,15985543,294.4527282714844
2024-07-02,2382,廣達,310.5,312.5,304.5,306.5,18672895,292.5437927246094
2024-07-03,2382,廣達,311.0,311.0,306.0,308.0,13187172,293.9754943847656
2024-07-04,2382,廣達,314.0,315.5,309.0,309.0,15133353,294.9299621582031
2024-07-05,2382,廣達,312.0,316.0,309.0,312.0,14210800,297.7933349609375
2024-07-08,2382,廣達,312.0,326.5,309.5,319.5,28404075,304.95184326171875
2024-07-09,2382,廣達,329.0,342.5,326.0,336.0,67607370,320.7005310058594
2024-07-10,2382,廣達,344.0,345.0,331.0,341.0,35949326,325.4728698730469
2024-07-11,2382,廣達,343.0,343.0,332.5,332.5,23543564,317.3598937988281
2024-07-12,2382,廣達,324.0,332.0,320.0,326.0,18461514,311.1558837890625
2024-07-15,2382,廣達,330.0,332.5,322.5,323.0,17659297,308.29248046875
2024-07-16,2382,廣達,324.0,327.0,318.0,322.5,17147929,307.81524658203125
2024-07-17,2382,廣達,321.0,321.0,313.5,314.0,19421197,299.7022705078125
2024-07-18,2382,廣達,302.5,307.0,296.5,298.0,43202067,284.4308166503906
2024-07-19,2382,廣達,298.0,302.5,295.5,297.0,21294863,283.4763488769531
2024-07-22,2382,廣達,296.0,298.5,283.0,288.0,24337318,274.88616943359375
2024-07-23,2382,廣達,294.5,297.0,292.0,297.0,17482511,283.4763488769531
2024-07-26,2382,廣達,275.0,282.0,272.0,275.0,36010798,262.4781188964844
2024-07-29,2382,廣達,278.0,279.5,270.0,270.0,24380182,257.7057800292969
2024-07-30,2382,廣達,266.0,271.5,261.5,270.5,31549538,258.1830139160156
2024-07-31,2382,廣達,262.5,279.5,262.5,272.5,39418152,260.0919494628906
2024-08-01,2382,廣達,286.0,291.0,281.0,289.0,39810771,275.84063720703125
2024-08-02,2382,廣達,274.5,277.0,265.5,266.0,40859651,253.88792419433594
2024-08-05,2382,廣達,245.0,250.5,239.5,239.5,52868210,228.59457397460938
2024-08-06,2382,廣達,249.5,251.0,233.0,247.0,44177529,235.75306701660156
2024-08-07,2382,廣達,245.0,260.5,242.5,250.0,52826492,238.61647033691406
2024-08-08,2382,廣達,240.0,244.0,236.0,240.0,56730041,229.07180786132812
2024-08-09,2382,廣達,249.0,255.0,247.0,250.0,49626663,238.61647033691406
2024-08-12,2382,廣達,260.0,272.0,256.5,267.0,48834674,254.84239196777344
2024-08-13,2382,廣達,272.0,272.5,265.0,266.5,26687351,254.3651580810547
2024-08-14,2382,廣達,271.0,275.5,269.0,271.0,28844838,258.6602478027344
2024-08-15,2382,廣達,273.5,275.0,270.5,271.5,16536299,259.1374816894531
2024-08-16,2382,廣達,278.0,281.5,276.0,278.5,28752281,265.8187561035156
2024-08-19,2382,廣達,280.5,280.5,276.5,278.0,14672629,265.3415222167969
2024-08-20,2382,廣達,283.0,289.0,282.5,284.0,26840428,271.06829833984375
2024-08-21,2382,廣達,282.0,286.0,280.5,282.0,19992207,269.15936279296875
2024-08-22,2382,廣達,283.0,284.0,276.0,276.0,15883914,263.4325866699219
2024-08-23,2382,廣達,272.0,277.5,271.0,276.0,19259852,263.4325866699219
2024-08-26,2382,廣達,278.5,283.0,275.0,275.0,14895348,262.4781188964844
2024-08-27,2382,廣達,273.5,276.0,270.0,275.5,16841706,262.9553527832031
2024-08-28,2382,廣達,275.5,280.0,272.0,278.5,15959378,265.8187561035156
2024-08-29,2382,廣達,268.5,273.5,266.5,272.0,22693820,259.6147155761719
2024-08-30,2382,廣達,272.0,272.5,268.0,268.0,21323663,255.79684448242188
2024-09-02,2382,廣達,270.5,273.0,267.0,267.0,11868963,254.84239196777344
2024-09-03,2382,廣達,268.0,273.0,265.5,272.0,19100170,259.6147155761719
2024-09-04,2382,廣達,255.0,255.0,248.0,250.0,42812306,238.61647033691406
2024-09-05,2382,廣達,251.5,253.0,247.0,247.0,20068853,235.75306701660156
2024-09-06,2382,廣達,250.0,260.0,249.0,256.5,27834075,244.82049560546875
2024-09-09,2382,廣達,250.0,251.5,247.5,250.0,31844504,238.61647033691406
2024-09-10,2382,廣達,247.0,247.0,238.0,239.5,54527225,228.59457397460938
2024-09-11,2382,廣達,241.0,245.5,241.0,242.0,16585710,230.98074340820312
2024-09-12,2382,廣達,250.0,257.5,250.0,253.0,38745453,241.4798583984375
2024-09-13,2382,廣達,254.5,256.0,250.5,254.5,18233844,242.91156005859375
2024-09-16,2382,廣達,255.0,256.0,252.0,254.0,13175269,242.434326171875
2024-09-18,2382,廣達,252.5,254.0,249.0,250.0,13305144,238.61647033691406
2024-09-19,2382,廣達,251.0,254.0,248.0,253.0,15072098,241.4798583984375
2024-09-20,2382,廣達,257.5,259.5,252.5,252.5,24018450,241.00262451171875
2024-09-23,2382,廣達,255.0,257.0,253.5,257.0,10598670,245.2977294921875
2024-09-24,2382,廣達,256.0,258.5,253.5,256.5,18106808,244.82049560546875
2024-09-25,2382,廣達,263.0,275.0,262.5,272.5,47171801,260.0919494628906
2024-09-26,2382,廣達,277.5,278.0,272.5,275.5,27178576,262.9553527832031
2024-09-27,2382,廣達,278.0,283.0,275.5,277.0,29084059,264.3870544433594
2024-09-30,2382,廣達,272.0,273.0,264.0,264.0,29002493,251.97898864746094
2024-10-01,2382,廣達,268.5,271.5,266.0,268.0,13490163,255.79684448242188
2024-10-04,2382,廣達,265.5,272.5,261.5,262.0,28719313,250.07005310058594
2024-10-07,2382,廣達,267.5,271.0,265.0,267.5,19062186,255.3196258544922
2024-10-08,2382,廣達,264.5,265.5,262.5,265.5,12499194,253.4106903076172
2024-10-09,2382,廣達,272.5,279.0,271.5,273.5,33634736,261.0464172363281
2024-10-11,2382,廣達,277.0,284.0,276.0,282.0,37256119,269.15936279296875
2024-10-14,2382,廣達,282.5,285.0,278.5,283.5,16945056,270.591064453125
2024-10-15,2382,廣達,289.0,297.5,287.0,295.5,48884679,282.044677734375
2024-10-16,2382,廣達,290.0,298.0,288.0,295.0,29762514,281.56744384765625
2024-10-17,2382,廣達,300.0,303.0,295.0,300.5,25936445,286.8169860839844
2024-10-18,2382,廣達,310.5,316.0,302.5,307.0,56598857,293.0210266113281
2024-10-21,2382,廣達,311.0,313.0,309.0,309.0,20834171,294.9299621582031
2024-10-22,2382,廣達,312.0,322.5,310.0,319.0,43717204,304.474609375
2024-10-23,2382,廣達,318.5,319.0,315.0,317.0,20966093,302.565673828125
2024-10-24,2382,廣達,315.0,315.0,303.5,305.0,38902304,291.1120910644531
2024-10-25,2382,廣達,306.5,312.5,306.0,310.0,15863904,295.8844299316406
2024-10-28,2382,廣達,313.0,314.0,306.0,310.0,18865841,295.8844299316406
2024-10-29,2382,廣達,308.0,308.0,299.5,303.0,23056921,289.2031555175781
2024-10-30,2382,廣達,304.0,308.5,303.0,303.5,16205521,289.6803894042969
2024-11-01,2382,廣達,290.0,307.5,289.5,305.0,21632951,291.1120910644531
2024-11-04,2382,廣達,306.5,314.5,306.0,313.5,23577291,299.22503662109375
2024-11-05,2382,廣達,310.5,320.0,309.5,318.0,25410159,303.5201416015625
2024-11-06,2382,廣達,319.0,324.5,318.0,320.5,30416641,305.90631103515625
2024-11-07,2382,廣達,323.0,329.0,320.0,325.5,28410045,310.67864990234375
2024-11-08,2382,廣達,328.0,333.0,326.5,328.0,31781667,313.0648193359375
2024-11-11,2382,廣達,328.0,328.0,322.0,325.0,23596609,310.201416015625
2024-11-12,2382,廣達,319.5,321.0,313.0,313.0,29974660,298.747802734375
2024-11-13,2382,廣達,311.0,322.5,311.0,322.0,30441886,307.3380126953125
2024-11-14,2382,廣達,319.0,320.5,310.0,314.5,26243215,300.17950439453125
2024-11-15,2382,廣達,308.0,308.0,295.0,297.0,74915637,283.4763488769531
2024-11-18,2382,廣達,295.0,298.0,288.5,290.5,29001059,277.2723388671875
2024-11-19,2382,廣達,293.5,293.5,288.0,290.0,32141834,276.79510498046875
2024-11-20,2382,廣達,295.5,295.5,295.5,295.5,24526181,282.044677734375
2024-11-21,2382,廣達,290.5,297.0,289.0,294.0,18646313,280.61297607421875
2024-11-22,2382,廣達,298.0,301.0,296.5,297.0,19974378,283.4763488769531
2024-11-25,2382,廣達,301.5,304.0,299.0,299.0,23017222,285.3852844238281
2024-11-26,2382,廣達,297.0,300.5,293.0,297.0,14832771,283.4763488769531
2024-11-27,2382,廣達,294.5,294.5,286.5,286.5,22711911,273.4544677734375
2024-11-28,2382,廣達,288.0,290.0,284.0,288.0,15362099,274.88616943359375
2024-11-29,2382,廣達,286.0,293.5,285.0,291.0,13988329,277.74957275390625
2024-12-02,2382,廣達,295.0,296.0,292.5,293.0,11485077,279.65850830078125
2024-12-03,2382,廣達,297.5,300.5,293.0,293.0,15710058,279.65850830078125
2024-12-04,2382,廣達,294.5,295.5,292.0,294.0,13557910,280.61297607421875
2024-12-05,2382,廣達,297.5,298.0,294.0,294.0,10911479,280.61297607421875
2024-12-06,2382,廣達,297.0,300.5,295.5,297.0,13808402,283.4763488769531
2024-12-09,2382,廣達,299.5,300.5,295.0,296.0,12306407,282.52191162109375
2024-12-10,2382,廣達,297.0,298.5,291.0,293.0,14427132,279.65850830078125
2024-12-11,2382,廣達,290.5,292.0,286.0,287.0,21335948,273.93170166015625
2024-12-12,2382,廣達,291.0,292.0,286.0,286.0,14976319,272.97723388671875
2024-12-13,2382,廣達,285.0,287.5,285.0,285.5,12200744,272.5
2024-12-16,2382,廣達,287.0,287.5,274.0,275.0,28991647,262.4781188964844
2024-12-17,2382,廣達,273.0,277.5,273.0,275.0,17637500,262.4781188964844
2024-12-18,2382,廣達,272.0,277.0,272.0,276.0,15895913,263.4325866699219
2024-12-19,2382,廣達,272.5,275.5,269.0,274.5,23712359,262.0008850097656
2024-12-20,2382,廣達,274.0,279.0,273.0,277.5,16457770,264.8642883300781
2024-12-23,2382,廣達,285.0,290.5,284.5,289.0,28828977,275.84063720703125
2024-12-24,2382,廣達,292.0,293.0,289.5,291.0,18590184,277.74957275390625
2024-12-25,2382,廣達,293.0,296.0,291.0,292.0,13632627,278.70404052734375
2024-12-26,2382,廣達,294.5,295.0,290.5,291.0,10927365,277.74957275390625
2024-12-27,2382,廣達,290.5,292.0,288.5,291.0,6492283,277.74957275390625
2024-12-30,2382,廣達,290.0,291.0,288.0,288.0,9409363,274.88616943359375
2024-12-31,2382,廣達,286.5,287.5,284.0,287.0,9669319,273.93170166015625
2025-01-02,2382,廣達,285.0,289.0,280.0,280.0,16133262,267.25042724609375
2025-01-03,2382,廣達,283.0,293.5,279.5,289.0,29343116,275.84063720703125
2025-01-06,2382,廣達,293.5,299.0,290.5,294.0,35113786,280.61297607421875
2025-01-07,2382,廣達,299.0,299.0,294.5,295.5,22275626,282.044677734375
2025-01-08,2382,廣達,293.5,297.0,292.0,295.0,13151731,281.56744384765625
2025-01-09,2382,廣達,295.0,296.5,288.0,288.0,15315431,274.88616943359375
2025-01-10,2382,廣達,286.5,289.0,283.0,283.5,14645191,270.591064453125
2025-01-13,2382,廣達,280.0,281.0,270.5,270.5,36989579,258.1830139160156
2025-01-14,2382,廣達,267.5,271.0,262.0,269.0,34307639,256.7513122558594
2025-01-15,2382,廣達,268.0,272.0,260.0,260.0,30545530,248.1611328125
2025-01-16,2382,廣達,267.0,267.5,260.0,260.0,29433453,248.1611328125
2025-01-17,2382,廣達,261.0,263.5,259.0,260.5,22707181,248.6383514404297
2025-01-20,2382,廣達,260.0,268.5,259.5,267.0,24130889,254.84239196777344
2025-01-21,2382,廣達,267.0,269.5,265.5,269.0,12185918,256.7513122558594
2025-01-22,2382,廣達,270.0,271.5,267.5,269.5,21735937,257.2285461425781
2025-02-03,2382,廣達,243.0,246.5,243.0,243.0,56989643,231.93521118164062
2025-02-04,2382,廣達,242.0,243.0,235.0,235.0,58985951,224.2994842529297
2025-02-05,2382,廣達,235.5,243.0,235.5,240.0,33545796,229.07180786132812
2025-02-06,2382,廣達,243.5,246.0,241.0,242.5,26217854,231.45797729492188
2025-02-07,2382,廣達,245.0,252.0,244.5,252.0,26247358,240.525390625
2025-02-10,2382,廣達,253.5,253.5,249.0,252.0,23013509,240.525390625
2025-02-11,2382,廣達,257.0,262.0,255.0,258.0,26993684,246.252197265625
2025-02-12,2382,廣達,259.0,260.0,256.0,258.0,15061730,246.252197265625
2025-02-13,2382,廣達,256.0,261.0,256.0,260.0,18791431,248.1611328125
2025-02-14,2382,廣達,257.5,262.0,257.5,260.0,14717100,248.1611328125
2025-02-17,2382,廣達,260.0,261.5,260.0,260.5,8036847,248.6383514404297
2025-02-18,2382,廣達,261.5,264.5,260.0,264.5,11471037,252.4562225341797
2025-02-19,2382,廣達,265.0,271.0,264.0,269.5,23284384,257.2285461425781
2025-02-20,2382,廣達,268.5,270.0,266.0,266.5,13263243,254.3651580810547
2025-02-21,2382,廣達,266.5,270.0,265.5,270.0,9604363,257.7057800292969
2025-02-24,2382,廣達,265.0,266.0,263.0,265.0,15220301,252.93345642089844
2025-02-25,2382,廣達,258.0,260.5,254.0,254.5,32291063,242.91156005859375
2025-02-26,2382,廣達,247.0,260.5,247.0,260.0,21101071,248.1611328125
2025-02-27,2382,廣達,260.0,260.0,250.0,250.5,35035460,239.0937042236328
2025-03-03,2382,廣達,249.0,254.0,248.0,250.5,30185036,239.0937042236328
2025-03-04,2382,廣達,248.0,259.0,246.0,258.5,28496178,246.72943115234375
2025-03-05,2382,廣達,259.5,263.0,258.0,262.0,19318169,250.07005310058594
2025-03-06,2382,廣達,263.0,264.5,260.5,260.5,12558989,248.6383514404297
2025-03-07,2382,廣達,256.0,262.0,256.0,258.0,14792239,246.252197265625
2025-03-10,2382,廣達,260.5,264.0,257.0,261.0,18710810,249.11558532714844
2025-03-11,2382,廣達,252.0,256.0,248.0,254.5,30410581,242.91156005859375
2025-03-12,2382,廣達,256.5,262.0,256.0,259.5,19630815,247.68389892578125
2025-03-13,2382,廣達,264.0,265.5,257.5,257.5,15333887,245.77496337890625
2025-03-14,2382,廣達,259.0,260.0,256.0,256.5,12589989,244.82049560546875
2025-03-17,2382,廣達,260.0,260.5,255.0,255.0,15581954,243.3887939453125
2025-03-18,2382,廣達,258.0,262.0,257.5,259.5,13155231,247.68389892578125
2025-03-19,2382,廣達,257.5,258.0,252.0,253.5,16549407,241.95709228515625
2025-03-20,2382,廣達,256.5,259.0,256.5,257.0,8740388,245.2977294921875
2025-03-21,2382,廣達,258.5,259.0,256.0,256.0,10963709,244.34326171875
2025-03-24,2382,廣達,256.5,257.0,249.0,249.5,18151602,238.1392364501953
2025-03-25,2382,廣達,251.5,253.5,247.5,249.5,19762443,238.1392364501953
2025-03-26,2382,廣達,249.5,252.0,248.0,252.0,10716673,240.525390625
2025-03-27,2382,廣達,247.0,248.5,245.0,246.0,17785959,234.79859924316406
2025-03-28,2382,廣達,242.5,244.5,238.0,241.0,21216020,230.02627563476562
2025-03-31,2382,廣達,228.0,232.0,224.0,224.5,37414841,214.277587890625
2025-04-01,2382,廣達,227.0,234.0,227.0,234.0,16306622,223.3450164794922
2025-04-02,2382,廣達,235.0,237.0,232.0,233.0,12766581,222.3905487060547
2025-04-07,2382,廣達,210.0,210.0,210.0,210.0,8425423,200.43783569335938
2025-04-08,2382,廣達,193.0,199.5,189.0,191.5,65564382,182.78021240234375
2025-04-09,2382,廣達,192.5,201.0,174.0,178.5,71688907,170.37216186523438
2025-04-10,2382,廣達,196.0,196.0,196.0,196.0,6330530,187.0753173828125
2025-04-11,2382,廣達,192.5,215.5,190.0,215.5,64295981,205.68739318847656
2025-04-14,2382,廣達,225.0,236.0,223.5,228.0,63067954,217.61822509765625
2025-04-15,2382,廣達,227.5,232.0,223.0,228.0,31832930,217.61822509765625
2025-04-16,2382,廣達,223.0,229.5,223.0,227.0,17632325,216.66375732421875
2025-04-17,2382,廣達,226.5,230.0,223.5,230.0,18547815,219.5271453857422
2025-04-18,2382,廣達,229.5,231.0,226.5,230.5,12925919,220.00437927246094
2025-04-21,2382,廣達,229.0,232.5,228.0,232.0,13549640,221.4360809326172
2025-04-22,2382,廣達,228.0,230.5,222.5,223.5,19966350,213.3231201171875
2025-04-23,2382,廣達,230.5,236.0,229.0,235.0,24734199,224.2994842529297
2025-04-24,2382,廣達,235.0,236.0,230.0,230.0,14056588,219.5271453857422
2025-04-25,2382,廣達,238.0,239.0,234.0,235.0,20125126,224.2994842529297
2025-04-28,2382,廣達,240.0,248.0,238.5,245.0,30312681,233.84413146972656
2025-04-29,2382,廣達,244.0,244.5,242.0,242.5,12645882,231.45797729492188
2025-04-30,2382,廣達,239.5,243.0,238.0,238.5,14727427,227.64010620117188
2025-05-02,2382,廣達,244.5,251.0,244.0,251.0,30815997,239.57093811035156
2025-05-05,2382,廣達,251.0,251.5,245.0,246.5,23724907,235.2758331298828
2025-05-06,2382,廣達,246.0,255.0,245.0,254.0,21424280,242.434326171875
2025-05-07,2382,廣達,255.0,257.0,249.5,254.0,19074757,242.434326171875
2025-05-08,2382,廣達,256.0,256.0,251.0,251.5,16551891,240.0481719970703
2025-05-09,2382,廣達,253.0,257.0,250.0,256.5,22380109,244.82049560546875
2025-05-12,2382,廣達,260.0,262.5,256.0,258.5,19756236,246.72943115234375
2025-05-13,2382,廣達,266.0,268.0,261.0,262.0,31892842,250.07005310058594
2025-05-14,2382,廣達,268.0,277.0,267.0,276.5,48481650,263.9098205566406
2025-05-15,2382,廣達,276.5,278.5,274.5,277.5,35160729,264.8642883300781
2025-05-16,2382,廣達,277.0,278.0,274.0,275.0,16610638,262.4781188964844
2025-05-19,2382,廣達,273.0,274.0,266.0,266.0,16552009,253.88792419433594
2025-05-20,2382,廣達,270.0,272.5,266.5,266.5,11020016,254.3651580810547
2025-05-21,2382,廣達,268.0,272.5,267.0,272.0,14665187,259.6147155761719
2025-05-22,2382,廣達,268.0,269.0,266.5,267.5,10479593,255.3196258544922
2025-05-23,2382,廣達,269.0,269.5,263.0,264.0,10262344,251.97898864746094
2025-05-26,2382,廣達,264.0,268.5,263.5,265.5,8825413,253.4106903076172
2025-05-27,2382,廣達,266.0,270.0,265.0,266.0,8953741,253.88792419433594
2025-05-28,2382,廣達,270.0,272.0,268.0,269.0,16103397,256.7513122558594
2025-05-29,2382,廣達,273.0,276.0,271.5,271.5,26895115,259.1374816894531
2025-06-02,2382,廣達,270.0,271.5,269.0,271.0,19057958,258.6602478027344
2025-06-03,2382,廣達,273.5,276.0,272.5,275.0,17896027,262.4781188964844
2025-06-04,2382,廣達,280.0,283.0,279.0,280.0,23853254,267.25042724609375
2025-06-05,2382,廣達,283.5,286.5,279.5,281.5,16994255,268.68212890625
2025-06-06,2382,廣達,280.0,280.0,273.5,276.0,15118830,263.4325866699219
2025-06-09,2382,廣達,278.0,278.5,274.5,276.0,9390154,263.4325866699219
2025-06-10,2382,廣達,276.5,283.5,276.5,283.5,18288849,270.591064453125
2025-06-11,2382,廣達,284.0,284.5,281.0,283.0,12965529,270.11383056640625
2025-06-12,2382,廣達,283.0,286.5,281.0,286.5,15203754,273.4544677734375
2025-06-13,2382,廣達,283.5,287.5,283.0,287.5,16436984,274.408935546875
2025-06-16,2382,廣達,286.0,287.0,284.0,286.0,9016371,272.97723388671875
2025-06-17,2382,廣達,287.0,287.5,283.0,283.0,15474405,270.11383056640625
2025-06-18,2382,廣達,282.5,285.5,282.0,283.0,12825922,270.11383056640625
2025-06-19,2382,廣達,282.0,285.0,279.0,279.0,13664910,266.2959899902344
2025-06-20,2382,廣達,280.5,283.0,279.0,279.5,16036435,266.7732238769531
2025-06-23,2382,廣達,275.0,282.0,273.0,282.0,17281403,269.15936279296875
2025-06-24,2382,廣達,286.0,291.5,286.0,289.5,26437298,276.31787109375
2025-06-25,2382,廣達,291.0,293.0,289.5,293.0,19860719,279.65850830078125
2025-06-26,2382,廣達,294.0,296.0,288.5,290.0,24969171,276.79510498046875
2025-06-27,2382,廣達,290.0,290.0,285.0,285.5,22017601,272.5
2025-06-30,2382,廣達,275.0,279.0,271.5,274.5,34610578,274.5
2025-07-01,2382,廣達,277.0,283.5,277.0,281.0,30113696,281.0
2025-07-02,2382,廣達,281.0,282.0,279.0,282.0,9206216,282.0
2025-07-03,2382,廣達,282.5,283.0,279.0,280.0,10319023,280.0
2025-07-04,2382,廣達,282.0,284.0,278.0,278.0,10313615,278.0
2025-07-07,2382,廣達,277.5,279.0,274.0,277.0,6870371,277.0
2025-07-08,2382,廣達,275.5,276.0,272.0,272.0,10302640,272.0
2025-07-09,2382,廣達,273.5,277.0,273.5,276.0,10377735,276.0
2025-07-10,2382,廣達,276.0,276.0,272.5,273.0,13467185,273.0
2025-07-11,2382,廣達,272.5,275.5,270.5,273.0,9543093,273.0
2025-07-14,2382,廣達,271.5,273.5,268.0,269.5,19240450,269.5
2025-07-15,2382,廣達,270.0,273.0,269.0,270.5,16130611,270.5
2025-07-16,2382,廣達,272.0,276.0,271.5,272.5,13658920,272.5
2025-07-17,2382,廣達,273.5,275.0,270.0,271.0,10102379,271.0
2025-07-18,2382,廣達,273.5,276.0,272.5,273.5,12353312,273.5
2025-07-21,2382,廣達,274.5,274.5,271.5,273.5,8095323,273.5
2025-07-22,2382,廣達,273.0,274.0,261.5,262.5,28883513,262.5
2025-07-23,2382,廣達,264.0,265.0,262.5,264.5,15441924,264.5
2025-07-24,2382,廣達,266.0,270.0,265.0,269.0,15476309,269.0
2025-07-25,2382,廣達,270.0,270.5,267.0,268.5,7672314,268.5
2025-07-28,2382,廣達,269.0,272.0,269.0,272.0,14069744,272.0
2025-07-29,2382,廣達,271.5,271.5,265.0,267.5,13055278,267.5
2025-07-30,2382,廣達,269.0,270.0,265.5,270.0,10254214,270.0
2025-07-31,2382,廣達,271.5,285.0,270.0,281.5,46993445,281.5
2025-08-04,2382,廣達,281.5,284.0,279.5,281.0,17019182,281.0
2025-08-05,2382,廣達,284.0,288.0,282.0,288.0,24068241,288.0
2025-08-06,2382,廣達,287.0,289.0,285.5,288.5,15742639,288.5
2025-08-07,2382,廣達,288.5,294.0,288.0,289.0,20511609,289.0
2025-08-08,2382,廣達,290.5,293.5,289.0,290.5,16215315,290.5
2025-08-11,2382,廣達,288.5,290.5,283.5,290.0,17127137,290.0
2025-08-12,2382,廣達,291.5,291.5,282.0,283.0,22337638,283.0
2025-08-13,2382,廣達,284.0,285.0,271.0,271.5,63728788,271.5
2025-08-14,2382,廣達,272.0,274.0,268.5,270.5,21814252,270.5
2025-08-15,2382,廣達,272.0,273.5,267.5,270.5,23456718,270.5
2025-08-18,2382,廣達,270.5,271.5,267.0,269.0,19713360,269.0
2025-08-19,2382,廣達,267.5,269.0,266.5,268.0,14596705,268.0
2025-08-20,2382,廣達,266.5,267.0,259.0,259.5,36664528,259.5
2025-08-21,2382,廣達,262.0,263.0,257.0,259.0,24821447,259.0
2025-08-22,2382,廣達,258.5,261.5,256.5,258.5,14922957,258.5
2025-08-25,2382,廣達,263.0,268.0,260.5,268.0,24295538,268.0
2025-08-26,2382,廣達,267.0,267.0,263.0,265.0,21263338,265.0
2025-08-27,2382,廣達,266.5,269.0,265.0,269.0,17279130,269.0
2025-08-28,2382,廣達,268.0,269.0,266.0,266.0,9588682,266.0
2025-08-29,2382,廣達,267.5,268.5,262.5,262.5,12917153,262.5
2025-09-01,2382,廣達,260.5,262.0,255.5,256.0,18655104,256.0
2025-09-02,2382,廣達,257.5,260.0,253.0,253.5,15389928,253.5
2025-09-03,2382,廣達,253.0,255.0,252.5,253.5,14449933,253.5
2025-09-04,2382,廣達,256.0,260.0,256.0,257.0,9875579,257.0
2025-09-05,2382,廣達,258.5,259.5,256.5,258.5,7490172,258.5
2025-09-08,2382,廣達,260.0,262.0,259.0,260.0,13298290,260.0
2025-09-09,2382,廣達,259.0,263.0,256.0,262.5,19631079,262.5
2025-09-10,2382,廣達,266.5,274.0,266.5,273.0,35669086,273.0
2025-09-11,2382,廣達,276.0,276.5,269.0,270.0,28440432,270.0
2025-09-12,2382,廣達,273.0,275.0,272.0,274.0,15114671,274.0
2025-09-15,2382,廣達,275.0,276.5,272.5,276.0,21450898,276.0
2025-09-16,2382,廣達,276.5,277.0,273.0,273.5,16421165,273.5
2025-09-17,2382,廣達,273.5,278.0,273.0,273.0,13008415,273.0
2025-09-18,2382,廣達,275.0,279.5,273.0,279.5,19916772,279.5
2025-09-19,2382,廣達,280.5,285.0,279.5,281.0,26438451,281.0
2025-09-22,2382,廣達,281.5,283.5,279.5,281.0,13390326,281.0
2025-09-23,2382,廣達,283.0,288.0,283.0,286.5,34172011,286.5
2025-09-24,2382,廣達,283.0,284.0,280.0,283.5,29120539,283.5
2025-09-25,2382,廣達,281.5,288.0,280.0,285.0,21951726,285.0
2025-09-26,2382,廣達,287.0,289.0,279.0,285.0,29092816,285.0
2025-09-30,2382,廣達,288.0,298.0,287.5,290.0,40461798,290.0
2025-10-01,2382,廣達,293.0,297.5,285.5,286.5,35534245,286.5
2025-10-02,2382,廣達,292.0,295.0,289.5,294.0,30153788,294.0
2025-10-03,2382,廣達,294.5,300.0,294.0,300.0,39470731,300.0
2025-10-07,2382,廣達,310.5,314.0,305.0,308.5,40752333,308.5
2025-10-08,2382,廣達,307.0,308.0,303.5,306.0,20531685,306.0
2025-10-09,2382,廣達,310.0,311.0,298.0,298.0,37268713,298.0
2025-10-13,2382,廣達,289.5,295.0,287.0,294.5,29776200,294.5
2025-10-14,2382,廣達,299.0,299.0,284.0,284.0,29851647,284.0
2025-10-15,2382,廣達,285.0,288.0,281.5,286.0,15687616,286.0
2025-10-16,2382,廣達,287.5,292.0,286.0,291.5,15512048,291.5
2025-10-17,2382,廣達,289.5,291.5,287.5,288.5,12838974,288.5
2025-10-20,2382,廣達,291.0,297.5,290.5,296.5,22366155,296.5
2025-10-21,2382,廣達,297.0,297.5,291.0,291.0,16174355,291.0
2025-10-22,2382,廣達,289.0,291.5,287.0,289.5,12208364,289.5
2025-10-23,2382,廣達,289.5,303.0,289.5,293.5,33472282,293.5
2025-10-27,2382,廣達,303.5,310.0,301.0,309.5,44396977,309.5
2025-10-28,2382,廣達,308.0,308.5,303.0,304.0,17765962,304.0
2025-10-29,2382,廣達,307.0,309.0,305.0,308.0,13100507,308.0
2025-10-30,2382,廣達,308.0,310.0,303.0,306.0,20602549,306.0
2025-10-31,2382,廣達,306.0,306.5,300.5,300.5,13315938,300.5
2025-11-03,2382,廣達,300.0,302.5,296.0,297.5,11626090,297.5
2025-11-04,2382,廣達,297.5,298.5,287.0,287.5,19508256,287.5
2025-11-05,2382,廣達,282.0,290.0,280.0,289.5,18775068,289.5
2025-11-06,2382,廣達,289.5,297.0,287.0,293.0,14777764,293.0
2025-11-07,2382,廣達,290.0,291.5,286.5,287.0,9629708,287.0
2025-11-10,2382,廣達,288.0,291.5,286.0,291.5,9497885,291.5
2025-11-11,2382,廣達,294.0,297.5,291.0,291.5,11963258,291.5
2025-11-12,2382,廣達,288.0,289.5,285.5,288.0,15684240,288.0
2025-11-13,2382,廣達,292.0,293.5,285.0,285.0,24935287,285.0
2025-11-14,2382,廣達,281.0,282.5,278.0,279.5,19613902,279.5
2025-11-17,2382,廣達,281.0,282.5,275.0,276.0,13276681,276.0
2025-11-18,2382,廣達,275.0,278.5,270.0,270.0,18467673,270.0
2025-11-19,2382,廣達,271.0,273.5,267.0,267.0,14254017,267.0
2025-11-20,2382,廣達,275.0,276.5,272.5,274.0,10134936,274.0
2025-11-21,2382,廣達,267.5,272.0,266.5,270.0,13500642,270.0
2025-11-24,2382,廣達,272.0,274.0,270.0,272.0,14853862,272.0
2025-11-25,2382,廣達,278.0,279.5,274.0,275.0,9336982,275.0
2025-11-26,2382,廣達,278.0,281.0,276.5,279.5,9438475,279.5
2025-11-27,2382,廣達,279.0,282.0,278.0,281.5,6456741,281.5
2025-11-28,2382,廣達,281.0,284.0,276.0,282.0,12623082,282.0
2025-12-01,2382,廣達,283.0,288.0,282.0,287.0,16398925,287.0
2025-12-02,2382,廣達,288.0,293.0,287.5,288.5,15581808,288.5
2025-12-03,2382,廣達,287.5,293.0,287.5,292.5,14680289,292.5
2025-12-04,2382,廣達,293.0,294.5,292.0,294.5,11435414,294.5
2025-12-05,2382,廣達,294.5,301.0,294.0,297.5,21889164,297.5
2025-12-08,2382,廣達,297.5,298.0,295.0,297.5,11022569,297.5
2025-12-09,2382,廣達,299.0,301.5,293.5,296.0,14925284,296.0
2025-12-10,2382,廣達,297.5,298.5,291.0,292.5,10023211,292.5
2025-12-11,2382,廣達,295.0,295.0,287.5,288.0,10861922,288.0
2025-12-12,2382,廣達,290.0,290.5,285.5,286.5,6161744,286.5
2025-12-15,2382,廣達,282.5,285.5,280.5,285.0,8298474,285.0
2025-12-16,2382,廣達,282.0,282.5,273.0,273.0,26216176,273.0
2025-12-17,2382,廣達,269.5,271.0,265.0,265.0,49191056,265.0
2025-12-18,2382,廣達,265.0,265.5,260.0,260.0,26916273,260.0
2025-12-19,2382,廣達,262.5,265.0,261.5,265.0,21950230,265.0
2025-12-22,2382,廣達,267.5,268.5,265.0,267.0,18882439,267.0
2025-12-23,2382,廣達,268.0,268.0,263.5,264.5,17223183,264.5
2025-12-24,2382,廣達,265.5,267.0,263.5,264.0,14381521,264.0
2025-12-26,2382,廣達,265.0,265.0,261.0,263.0,15952492,263.0
2025-12-29,2382,廣達,262.0,265.0,260.5,263.0,14325071,263.0
2025-12-30,2382,廣達,263.0,263.0,260.5,263.0,11968569,263.0
2025-12-31,2382,廣達,263.5,272.5,263.5,272.0,23869710,272.0
2026-01-02,2382,廣達,274.0,280.0,270.0,277.0,22740078,277.0
2026-01-05,2382,廣達,277.5,280.0,275.0,278.0,25469229,278.0
2026-01-06,2382,廣達,277.0,282.0,273.5,282.0,23580699,282.0
2026-01-07,2382,廣達,282.0,285.0,280.5,282.0,18766287,282.0
2026-01-08,2382,廣達,280.5,281.0,272.0,273.0,23946237,273.0
2026-01-09,2382,廣達,278.0,287.5,277.0,283.0,49358199,283.0
2026-01-12,2382,廣達,285.5,286.0,278.0,280.5,20628829,280.5
2026-01-13,2382,廣達,284.0,285.0,277.0,279.0,16835517,279.0
2026-01-14,2382,廣達,282.0,287.0,280.0,286.0,27756504,286.0
2026-01-15,2382,廣達,285.5,285.5,279.5,283.0,15472828,283.0
2026-01-16,2382,廣達,286.0,290.0,285.5,289.5,23531351,289.5
2026-01-19,2382,廣達,288.5,288.5,281.5,282.0,15902921,282.0
2026-01-20,2382,廣達,281.0,282.0,277.0,277.5,13458730,277.5
2026-01-21,2382,廣達,275.5,279.5,273.5,275.0,14842272,275.0
2026-01-22,2382,廣達,279.5,283.0,278.5,283.0,15748702,283.0
2026-01-23,2382,廣達,284.5,285.5,278.5,280.0,12105528,280.0
2026-01-26,2382,廣達,283.0,287.0,280.5,287.0,18267347,287.0
2026-01-27,2382,廣達,287.5,290.0,285.0,287.5,11017049,287.5
2026-01-28,2382,廣達,288.0,292.0,284.5,287.0,14966747,287.0
2026-01-29,2382,廣達,287.0,288.0,281.5,283.0,10986703,283.0
2026-01-30,2382,廣達,282.5,283.0,276.5,280.0,16968193,280.0
2026-02-02,2382,廣達,279.5,279.5,271.5,273.0,16449715,273.0
2026-02-03,2382,廣達,278.5,281.0,272.0,276.5,13650260,276.5
2026-02-04,2382,廣達,274.5,278.5,272.5,278.0,9610602,278.0
2026-02-05,2382,廣達,275.5,281.5,272.0,273.0,11297980,273.0
2026-02-06,2382,廣達,273.5,280.0,268.5,279.5,18269366,279.5
2026-02-09,2382,廣達,284.0,285.0,281.5,284.0,12411543,284.0
2026-02-10,2382,廣達,285.0,287.0,282.5,285.0,15106626,285.0
2026-02-11,2382,廣達,286.0,286.5,281.0,286.0,16235356,286.0
2026-02-23,2382,廣達,288.0,288.5,282.5,283.5,20793859,283.5
2026-02-24,2382,廣達,286.5,286.5,282.0,284.0,13327516,284.0
2026-02-25,2382,廣達,285.5,299.0,285.5,297.5,48175085,297.5
2026-02-26,2382,廣達,302.0,302.0,290.0,291.5,24333369,291.5
2026-03-02,2382,廣達,291.5,302.0,289.0,301.0,43986426,301.0
2026-03-03,2382,廣達,302.0,302.0,293.0,294.5,21602141,294.5
2026-03-04,2382,廣達,289.0,289.5,281.0,281.0,31455993,281.0
2026-03-05,2382,廣達,288.0,293.0,286.0,289.5,19504646,289.5
2026-03-06,2382,廣達,287.0,289.0,282.5,289.0,12786246,289.0
2026-03-09,2382,廣達,272.5,282.0,272.0,282.0,17989005,282.0
2026-03-10,2382,廣達,286.0,287.5,279.5,282.5,16300354,282.5
2026-03-11,2382,廣達,283.0,290.0,283.0,289.0,17823474,289.0
2026-03-12,2382,廣達,289.5,290.5,284.5,288.5,14202639,288.5
2026-03-13,2382,廣達,286.0,290.0,283.5,289.0,9844284,289.0
2026-03-16,2382,廣達,290.0,292.0,287.5,289.0,14489156,289.0
2026-03-17,2382,廣達,290.5,292.5,288.0,289.0,13889345,289.0
2026-03-18,2382,廣達,292.0,295.0,291.5,293.0,18392851,293.0
2026-03-19,2382,廣達,290.5,292.0,286.0,286.5,10174768,286.5
2026-03-20,2382,廣達,286.0,288.0,281.0,283.5,13087791,283.5
2026-03-23,2382,廣達,278.5,282.5,275.5,280.0,15239375,280.0
2026-03-24,2382,廣達,283.0,285.0,281.0,281.5,10220480,281.5
2026-03-25,2382,廣達,286.5,288.0,282.5,285.0,9141813,285.0
2026-03-26,2382,廣達,287.0,291.0,284.0,287.0,11204685,287.0
2026-03-27,2382,廣達,283.5,289.5,282.0,289.0,12806436,289.0
2026-03-30,2382,廣達,282.0,284.5,280.5,281.0,17247411,281.0
2026-03-31,2382,廣達,280.0,284.5,278.0,278.5,16654046,278.5
2026-04-01,2382,廣達,287.0,291.0,285.0,290.5,18174983,290.5
2026-04-02,2382,廣達,290.5,291.5,284.5,284.5,11027428,284.5
2026-04-07,2382,廣達,287.0,289.5,284.0,289.0,8886237,289.0
2026-04-08,2382,廣達,295.0,307.5,293.5,307.5,52427615,307.5
2026-04-09,2382,廣達,304.5,314.0,295.0,313.0,45878717,313.0
2026-04-10,2382,廣達,315.0,327.5,312.0,321.5,37845000,321.5
2026-04-13,2382,廣達,320.0,320.5,313.0,319.0,16490167,319.0
2026-04-14,2382,廣達,321.0,329.5,321.0,323.0,20044944,323.0
2026-04-15,2382,廣達,324.0,325.0,307.0,308.5,33056704,308.5
2026-04-16,2382,廣達,314.5,318.5,311.0,318.5,18097798,318.5
2026-04-17,2382,廣達,320.0,327.5,317.5,323.0,19570331,323.0
2026-04-20,2382,廣達,320.0,330.5,320.0,329.0,18863979,329.0
2026-04-21,2382,廣達,333.0,341.0,332.0,340.0,23951645,340.0
2026-04-22,2382,廣達,342.0,345.0,333.5,335.0,17860191,335.0
2026-04-23,2382,廣達,337.5,339.0,317.0,322.0,26593810,322.0
2026-04-24,2382,廣達,325.0,326.5,318.0,323.0,17980123,323.0
2026-04-27,2382,廣達,328.0,328.5,319.5,325.5,16103840,325.5
2026-04-28,2382,廣達,328.5,330.0,317.5,321.0,15525273,321.0
2026-04-29,2382,廣達,322.0,322.0,317.0,322.0,11287573,322.0
2026-04-30,2382,廣達,320.0,321.0,312.0,312.5,18159119,312.5
2026-05-04,2382,廣達,317.5,321.5,315.0,318.0,17268695,318.0
2026-05-05,2382,廣達,317.0,323.5,315.0,321.0,12107580,321.0
2026-05-06,2382,廣達,328.0,348.0,328.0,346.5,43497194,346.5
2026-05-07,2382,廣達,349.0,352.5,341.0,344.0,22762782,344.0
2026-05-08,2382,廣達,343.5,345.5,335.5,340.5,16966541,340.5
2026-05-11,2382,廣達,350.0,350.0,341.5,343.5,14155601,343.5
2026-05-12,2382,廣達,346.5,347.5,338.0,340.0,12568332,340.0
2026-05-13,2382,廣達,339.5,343.0,335.5,340.5,12934119,340.5
2026-05-14,2382,廣達,346.0,351.5,333.0,334.5,21209485,334.5
2026-05-15,2382,廣達,310.0,317.0,305.0,306.0,63955695,306.0
2026-05-18,2382,廣達,305.0,305.0,296.0,300.0,30660872,300.0
2026-05-19,2382,廣達,300.0,302.5,290.0,290.0,36459558,290.0
2026-05-20,2382,廣達,288.5,294.0,288.5,290.0,36159011,290.0
2024-06-19,2383,台光電,457.0,457.5,444.0,444.5,4035121,429.046630859375
2024-06-20,2383,台光電,445.0,465.0,445.0,462.5,5123367,446.42083740234375
2024-06-21,2383,台光電,457.0,458.0,448.0,453.0,5644619,437.2511291503906
2024-06-24,2383,台光電,453.0,467.0,448.0,457.5,6135939,441.59466552734375
2024-06-25,2383,台光電,458.5,464.0,445.0,464.0,5466135,447.86871337890625
2024-06-26,2383,台光電,472.5,479.0,467.5,472.5,8618813,456.07318115234375
2024-06-27,2383,台光電,471.0,482.0,466.5,479.5,7877447,462.829833984375
2024-06-28,2383,台光電,477.5,483.5,474.0,475.0,4312134,458.48626708984375
2024-07-01,2383,台光電,475.0,477.5,463.5,466.0,4099469,449.7991638183594
2024-07-02,2383,台光電,471.0,487.5,464.0,484.5,8080098,467.656005859375
2024-07-03,2383,台光電,491.0,506.0,488.0,492.5,10201219,475.37786865234375
2024-07-04,2383,台光電,500.0,502.0,491.5,494.0,3644228,476.82574462890625
2024-07-05,2383,台光電,498.0,515.0,495.5,508.0,7136714,490.3389892578125
2024-07-08,2383,台光電,510.0,511.0,498.5,501.0,4132161,483.5823669433594
2024-07-09,2383,台光電,501.0,508.0,489.0,506.0,3726536,488.4085388183594
2024-07-10,2383,台光電,509.0,512.0,498.0,509.0,3387910,491.30426025390625
2024-07-11,2383,台光電,514.0,517.0,500.0,500.0,3077813,482.61712646484375
2024-07-12,2383,台光電,492.0,493.0,470.0,470.0,7558505,453.6601257324219
2024-07-15,2383,台光電,475.5,479.0,459.5,470.0,4920335,453.6601257324219
2024-07-16,2383,台光電,475.0,480.0,471.0,474.5,2506675,458.003662109375
2024-07-17,2383,台光電,474.0,475.0,461.5,462.0,4853043,445.938232421875
2024-07-18,2383,台光電,450.0,451.0,441.0,447.5,4821849,431.94232177734375
2024-07-19,2383,台光電,445.5,447.0,432.5,433.5,5351290,418.4290466308594
2024-07-22,2383,台光電,433.5,435.0,413.0,416.5,4256850,402.02008056640625
2024-07-23,2383,台光電,424.0,440.0,420.0,440.0,5041077,424.7030944824219
2024-07-26,2383,台光電,417.0,424.5,410.5,416.5,4275694,402.02008056640625
2024-07-29,2383,台光電,423.5,425.0,409.0,411.0,3900292,396.7113037109375
2024-07-30,2383,台光電,408.0,431.5,403.5,431.0,6199876,416.0159606933594
2024-07-31,2383,台光電,425.0,444.0,425.0,438.0,4938632,422.7726135253906
2024-08-01,2383,台光電,448.5,452.0,420.0,420.5,11882803,405.8810119628906
2024-08-02,2383,台光電,405.0,426.0,402.5,413.5,7035108,399.1243896484375
2024-08-05,2383,台光電,395.0,404.0,373.5,388.0,10978148,374.5108947753906
2024-08-06,2383,台光電,425.0,426.5,394.5,426.5,12309516,411.6723937988281
2024-08-07,2383,台光電,430.5,448.0,428.5,444.0,12281141,428.56402587890625
2024-08-08,2383,台光電,439.0,446.0,433.0,442.0,4592599,426.633544921875
2024-08-09,2383,台光電,451.5,455.0,439.0,439.5,6266974,424.220458984375
2024-08-12,2383,台光電,445.0,451.0,439.0,446.5,3988468,430.97711181640625
2024-08-13,2383,台光電,447.0,448.5,428.0,428.0,7456479,413.1202697753906
2024-08-14,2383,台光電,435.5,438.5,429.5,433.0,4183097,417.9464416503906
2024-08-15,2383,台光電,432.5,440.0,429.0,436.0,2913637,420.8421325683594
2024-08-16,2383,台光電,443.5,445.0,436.5,437.5,3964311,422.2900085449219
2024-08-19,2383,台光電,441.0,442.0,435.0,437.5,3481047,422.2900085449219
2024-08-20,2383,台光電,440.0,444.0,430.0,431.0,4759418,416.0159606933594
2024-08-21,2383,台光電,430.0,437.0,429.5,430.0,2514532,415.05072021484375
2024-08-22,2383,台光電,430.0,435.0,430.0,433.0,1847470,417.9464416503906
2024-08-23,2383,台光電,431.0,446.5,427.0,446.0,4772095,430.4944763183594
2024-08-26,2383,台光電,451.0,453.5,439.0,439.0,4443762,423.73785400390625
2024-08-27,2383,台光電,439.0,444.0,438.0,443.5,2477618,428.0814208984375
2024-08-28,2383,台光電,444.0,457.0,441.0,451.5,4559483,435.80328369140625
2024-08-29,2383,台光電,441.5,449.0,435.5,440.0,4562263,434.30218505859375
2024-08-30,2383,台光電,442.0,466.0,442.0,465.0,9638139,458.97845458984375
2024-09-02,2383,台光電,472.5,483.0,468.0,470.5,8754644,464.4072265625
2024-09-03,2383,台光電,485.0,507.0,481.5,500.0,17212746,493.52520751953125
2024-09-04,2383,台光電,475.0,492.5,465.0,468.0,12894149,461.9396057128906
2024-09-05,2383,台光電,479.5,497.0,473.0,491.0,11184315,484.6417541503906
2024-09-06,2383,台光電,484.0,493.0,476.0,490.5,10297416,484.1482238769531
2024-09-09,2383,台光電,479.0,489.0,472.0,479.5,6577575,473.2906799316406
2024-09-10,2383,台光電,484.0,485.5,454.0,458.0,8327216,452.069091796875
2024-09-11,2383,台光電,463.5,463.5,455.0,456.0,3525845,450.0950012207031
2024-09-12,2383,台光電,474.5,483.0,467.5,479.5,5300874,473.2906799316406
2024-09-13,2383,台光電,485.0,485.0,462.0,463.5,6084049,457.49786376953125
2024-09-16,2383,台光電,466.5,474.0,465.0,472.0,3179064,465.8877868652344
2024-09-18,2383,台光電,468.0,474.0,458.0,458.0,3468874,452.069091796875
2024-09-19,2383,台光電,465.0,477.0,462.0,475.0,3959572,468.84893798828125
2024-09-20,2383,台光電,480.5,482.5,471.0,472.0,4336530,465.8877868652344
2024-09-23,2383,台光電,474.5,480.0,468.5,468.5,1979113,462.43310546875
2024-09-24,2383,台光電,470.0,471.5,457.0,461.5,4304542,455.5237731933594
2024-09-25,2383,台光電,467.0,475.0,463.5,473.0,4478163,466.8748474121094
2024-09-26,2383,台光電,475.0,478.0,465.5,466.0,5314979,459.9654846191406
2024-09-27,2383,台光電,471.5,474.5,464.0,468.0,3306159,461.9396057128906
2024-09-30,2383,台光電,466.5,466.5,445.0,447.0,5200672,441.2115478515625
2024-10-01,2383,台光電,451.5,456.5,437.5,442.0,7175626,436.2762756347656
2024-10-04,2383,台光電,442.0,442.0,413.0,414.5,11755494,409.13238525390625
2024-10-07,2383,台光電,418.5,433.0,416.5,431.5,5565112,425.9122619628906
2024-10-08,2383,台光電,433.0,435.5,422.0,433.0,4919150,427.392822265625
2024-10-09,2383,台光電,435.0,436.0,417.0,419.0,6945537,413.5741271972656
2024-10-11,2383,台光電,420.5,421.0,411.5,416.0,5316626,410.61297607421875
2024-10-14,2383,台光電,418.5,421.5,414.0,417.5,4106971,412.0935363769531
2024-10-15,2383,台光電,422.0,424.0,414.5,418.0,5186254,412.5870666503906
2024-10-16,2383,台光電,416.0,419.0,412.0,416.0,4599744,410.61297607421875
2024-10-17,2383,台光電,418.5,431.5,417.0,431.5,6397641,425.9122619628906
2024-10-18,2383,台光電,434.5,434.5,419.5,420.0,6981999,414.5611877441406
2024-10-21,2383,台光電,422.0,432.0,421.0,428.5,5209992,422.95111083984375
2024-10-22,2383,台光電,426.5,438.5,426.5,436.0,5593822,430.3539733886719
2024-10-23,2383,台光電,436.0,449.5,434.5,444.0,8492548,438.2503967285156
2024-10-24,2383,台光電,446.0,447.0,426.0,428.5,9868658,422.95111083984375
2024-10-25,2383,台光電,431.0,432.5,427.0,428.5,2559500,422.95111083984375
2024-10-28,2383,台光電,430.0,434.0,424.5,429.0,3586971,423.44464111328125
2024-10-29,2383,台光電,427.5,428.5,416.0,420.0,3909084,414.5611877441406
2024-10-30,2383,台光電,420.0,423.5,417.5,419.5,2825103,414.0676574707031
2024-11-01,2383,台光電,398.5,427.5,398.5,427.0,6561194,421.47052001953125
2024-11-04,2383,台光電,423.0,429.5,422.5,427.0,2856536,421.47052001953125
2024-11-05,2383,台光電,425.0,431.5,425.0,427.0,3027336,421.47052001953125
2024-11-06,2383,台光電,429.5,437.0,425.0,431.5,4478225,425.9122619628906
2024-11-07,2383,台光電,435.0,440.5,434.5,435.0,3694904,429.366943359375
2024-11-08,2383,台光電,437.0,440.0,431.5,431.5,3769319,425.9122619628906
2024-11-11,2383,台光電,432.5,437.0,428.0,435.0,2578112,429.366943359375
2024-11-12,2383,台光電,433.0,439.0,429.0,429.0,4080896,423.44464111328125
2024-11-13,2383,台光電,427.5,440.5,427.0,438.5,3121633,432.82159423828125
2024-11-14,2383,台光電,439.0,445.0,436.0,441.5,4206402,435.7827453613281
2024-11-15,2383,台光電,443.0,448.0,435.5,446.5,4957790,440.718017578125
2024-11-18,2383,台光電,444.0,445.5,424.0,424.5,5302018,419.0028991699219
2024-11-19,2383,台光電,426.5,436.0,426.5,434.0,3504517,428.3798828125
2024-11-20,2383,台光電,447.5,447.5,447.5,447.5,6565851,441.7050476074219
2024-11-21,2383,台光電,445.5,483.0,445.0,473.0,13505389,466.8748474121094
2024-11-22,2383,台光電,477.0,493.0,474.5,482.0,12468761,475.75830078125
2024-11-25,2383,台光電,490.0,491.0,472.5,478.0,8154587,471.8100891113281
2024-11-26,2383,台光電,475.5,479.5,467.0,468.0,6002587,461.9396057128906
2024-11-27,2383,台光電,469.0,475.0,464.5,467.5,5269873,461.4460754394531
2024-11-28,2383,台光電,465.5,476.5,454.0,463.0,5803842,457.00433349609375
2024-11-29,2383,台光電,459.0,471.5,456.5,468.5,3616140,462.43310546875
2024-12-02,2383,台光電,474.5,504.0,473.0,504.0,13502060,497.4734191894531
2024-12-03,2383,台光電,506.0,513.0,497.5,510.0,7791716,503.3957214355469
2024-12-04,2383,台光電,510.0,534.0,506.0,534.0,11210104,527.0848999023438
2024-12-05,2383,台光電,533.0,535.0,520.0,527.0,7006548,520.1755981445312
2024-12-06,2383,台光電,534.0,540.0,521.0,533.0,9095703,526.097900390625
2024-12-09,2383,台光電,540.0,552.0,536.0,550.0,8578869,542.8777465820312
2024-12-10,2383,台光電,545.0,556.0,539.0,554.0,5868640,546.825927734375
2024-12-11,2383,台光電,549.0,583.0,547.0,572.0,10156854,564.5928344726562
2024-12-12,2383,台光電,575.0,582.0,565.0,573.0,6613313,565.5798950195312
2024-12-13,2383,台光電,573.0,600.0,571.0,599.0,10190039,591.2432250976562
2024-12-16,2383,台光電,605.0,611.0,596.0,610.0,7887943,602.1007690429688
2024-12-17,2383,台光電,607.0,607.0,581.0,599.0,9009510,591.2432250976562
2024-12-18,2383,台光電,597.0,615.0,586.0,615.0,7123158,607.0360107421875
2024-12-19,2383,台光電,603.0,620.0,596.0,617.0,6257818,609.0101318359375
2024-12-20,2383,台光電,616.0,621.0,591.0,596.0,8437961,588.2820434570312
2024-12-23,2383,台光電,606.0,614.0,592.0,608.0,5784030,600.1266479492188
2024-12-24,2383,台光電,610.0,614.0,595.0,595.0,4280830,587.2949829101562
2024-12-25,2383,台光電,598.0,605.0,588.0,591.0,5720950,583.3468017578125
2024-12-26,2383,台光電,594.0,612.0,593.0,605.0,5641182,597.16552734375
2024-12-27,2383,台光電,605.0,630.0,602.0,630.0,6406982,621.8417358398438
2024-12-30,2383,台光電,630.0,634.0,610.0,619.0,3919809,610.9841918945312
2024-12-31,2383,台光電,614.0,628.0,614.0,618.0,3180401,609.9971313476562
2025-01-02,2383,台光電,615.0,618.0,593.0,596.0,6776597,588.2820434570312
2025-01-03,2383,台光電,601.0,611.0,598.0,604.0,5041542,596.178466796875
2025-01-06,2383,台光電,606.0,620.0,600.0,620.0,3980313,611.9712524414062
2025-01-07,2383,台光電,630.0,633.0,598.0,603.0,7238260,595.19140625
2025-01-08,2383,台光電,600.0,614.0,590.0,599.0,6288220,591.2432250976562
2025-01-09,2383,台光電,600.0,606.0,583.0,585.0,4673556,577.4244995117188
2025-01-10,2383,台光電,587.0,594.0,581.0,590.0,4093450,582.3597412109375
2025-01-13,2383,台光電,588.0,589.0,558.0,563.0,5807660,555.7094116210938
2025-01-14,2383,台光電,569.0,584.0,552.0,578.0,4960058,570.51513671875
2025-01-15,2383,台光電,589.0,598.0,572.0,577.0,6749763,569.528076171875
2025-01-16,2383,台光電,596.0,605.0,584.0,589.0,7363911,581.3726806640625
2025-01-17,2383,台光電,591.0,600.0,580.0,598.0,4899414,590.2561645507812
2025-01-20,2383,台光電,604.0,605.0,595.0,603.0,2944744,595.19140625
2025-01-21,2383,台光電,607.0,616.0,597.0,604.0,5626287,596.178466796875
2025-01-22,2383,台光電,612.0,617.0,602.0,614.0,4541164,606.0489501953125
2025-02-03,2383,台光電,558.0,572.0,553.0,553.0,6179735,545.8388671875
2025-02-04,2383,台光電,563.0,563.0,540.0,546.0,7510943,538.9295043945312
2025-02-05,2383,台光電,553.0,586.0,552.0,576.0,5929138,568.541015625
2025-02-06,2383,台光電,598.0,613.0,587.0,600.0,7914173,592.230224609375
2025-02-07,2383,台光電,600.0,615.0,596.0,615.0,5157139,607.0360107421875
2025-02-10,2383,台光電,612.0,616.0,605.0,612.0,2994755,604.0748291015625
2025-02-11,2383,台光電,612.0,627.0,610.0,620.0,3614753,611.9712524414062
2025-02-12,2383,台光電,626.0,627.0,603.0,604.0,4674220,596.178466796875
2025-02-13,2383,台光電,610.0,611.0,601.0,603.0,2124476,595.19140625
2025-02-14,2383,台光電,602.0,607.0,594.0,595.0,2126509,587.2949829101562
2025-02-17,2383,台光電,602.0,609.0,592.0,594.0,3115032,586.3079223632812
2025-02-18,2383,台光電,598.0,613.0,597.0,612.0,4129669,604.0748291015625
2025-02-19,2383,台光電,609.0,616.0,607.0,611.0,2920471,603.0878295898438
2025-02-20,2383,台光電,616.0,620.0,603.0,603.0,3583738,595.19140625
2025-02-21,2383,台光電,606.0,609.0,600.0,601.0,1831510,593.21728515625
2025-02-24,2383,台光電,594.0,601.0,578.0,596.0,6093271,588.2820434570312
2025-02-25,2383,台光電,587.0,594.0,573.0,576.0,5269414,568.541015625
2025-02-26,2383,台光電,594.0,633.0,592.0,633.0,14253313,624.8029174804688
2025-02-27,2383,台光電,639.0,641.0,623.0,632.0,29632580,623.8158569335938
2025-03-03,2383,台光電,624.0,637.0,613.0,626.0,7334489,617.8935546875
2025-03-04,2383,台光電,611.0,619.0,604.0,604.0,6574857,596.178466796875
2025-03-05,2383,台光電,611.0,620.0,606.0,606.0,3347420,598.1525268554688
2025-03-06,2383,台光電,617.0,619.0,601.0,603.0,4493829,595.19140625
2025-03-07,2383,台光電,601.0,608.0,580.0,580.0,7851550,572.4892578125
2025-03-10,2383,台光電,586.0,589.0,567.0,571.0,3695859,563.6057739257812
2025-03-11,2383,台光電,557.0,566.0,547.0,563.0,4592379,555.7094116210938
2025-03-12,2383,台光電,573.0,594.0,572.0,573.0,5431001,565.5798950195312
2025-03-13,2383,台光電,590.0,593.0,579.0,580.0,3166617,572.4892578125
2025-03-14,2383,台光電,585.0,590.0,580.0,580.0,2216137,572.4892578125
2025-03-17,2383,台光電,587.0,590.0,581.0,586.0,1893160,578.4115600585938
2025-03-18,2383,台光電,589.0,608.0,589.0,606.0,4125194,598.1525268554688
2025-03-19,2383,台光電,603.0,603.0,581.0,585.0,4571627,577.4244995117188
2025-03-20,2383,台光電,590.0,594.0,583.0,583.0,3117991,575.4503784179688
2025-03-21,2383,台光電,585.0,601.0,585.0,595.0,3744411,587.2949829101562
2025-03-24,2383,台光電,598.0,617.0,597.0,604.0,5409606,596.178466796875
2025-03-25,2383,台光電,614.0,617.0,603.0,611.0,4082034,603.0878295898438
2025-03-26,2383,台光電,606.0,610.0,600.0,607.0,2094442,599.1395874023438
2025-03-27,2383,台光電,594.0,598.0,585.0,595.0,3349842,587.2949829101562
2025-03-28,2383,台光電,589.0,598.0,579.0,585.0,3134848,577.4244995117188
2025-03-31,2383,台光電,556.0,565.0,540.0,545.0,4799954,537.9425048828125
2025-04-01,2383,台光電,549.0,555.0,538.0,545.0,4192919,537.9425048828125
2025-04-02,2383,台光電,546.0,554.0,523.0,527.0,5080570,520.1755981445312
2025-04-07,2383,台光電,474.5,474.5,474.5,474.5,664447,468.35540771484375
2025-04-08,2383,台光電,435.0,455.0,429.0,452.0,11377063,446.14678955078125
2025-04-09,2383,台光電,443.0,452.0,407.0,407.0,8734850,401.7295227050781
2025-04-10,2383,台光電,447.5,447.5,447.5,447.5,460033,441.7050476074219
2025-04-11,2383,台光電,453.0,492.0,447.5,492.0,9115098,485.6288146972656
2025-04-14,2383,台光電,520.0,538.0,511.0,516.0,9262291,509.3180236816406
2025-04-15,2383,台光電,527.0,545.0,519.0,544.0,5881651,536.9554443359375
2025-04-16,2383,台光電,531.0,540.0,517.0,517.0,3636619,510.3050537109375
2025-04-17,2383,台光電,513.0,526.0,507.0,515.0,4544135,508.3309631347656
2025-04-18,2383,台光電,508.0,531.0,508.0,522.0,3386793,515.2402954101562
2025-04-21,2383,台光電,522.0,532.0,516.0,516.0,3275657,509.3180236816406
2025-04-22,2383,台光電,500.0,521.0,497.0,499.0,3717302,492.53814697265625
2025-04-23,2383,台光電,520.0,527.0,512.0,522.0,3551724,515.2402954101562
2025-04-24,2383,台光電,525.0,530.0,515.0,515.0,2576803,508.3309631347656
2025-04-25,2383,台光電,527.0,566.0,527.0,566.0,7905306,558.6705322265625
2025-04-28,2383,台光電,563.0,564.0,551.0,557.0,4627635,549.787109375
2025-04-29,2383,台光電,560.0,566.0,548.0,565.0,3787318,557.6834716796875
2025-04-30,2383,台光電,559.0,563.0,549.0,556.0,3873405,548.800048828125
2025-05-02,2383,台光電,590.0,611.0,586.0,611.0,8966823,603.0878295898438
2025-05-05,2383,台光電,611.0,628.0,604.0,623.0,9245429,614.9324340820312
2025-05-06,2383,台光電,612.0,635.0,611.0,624.0,7231847,615.91943359375
2025-05-07,2383,台光電,625.0,632.0,611.0,612.0,4226117,604.0748291015625
2025-05-08,2383,台光電,647.0,665.0,625.0,662.0,13667584,653.4273681640625
2025-05-09,2383,台光電,667.0,690.0,659.0,679.0,9003841,670.2072143554688
2025-05-12,2383,台光電,681.0,686.0,659.0,675.0,5472123,666.259033203125
2025-05-13,2383,台光電,689.0,690.0,665.0,674.0,5625138,665.27197265625
2025-05-14,2383,台光電,688.0,696.0,677.0,687.0,5773357,678.1036376953125
2025-05-15,2383,台光電,683.0,690.0,678.0,685.0,3258681,676.1295166015625
2025-05-16,2383,台光電,686.0,693.0,679.0,684.0,3434505,675.1424560546875
2025-05-19,2383,台光電,684.0,688.0,666.0,667.0,3359816,658.3626098632812
2025-05-20,2383,台光電,677.0,684.0,672.0,676.0,2573450,667.24609375
2025-05-21,2383,台光電,684.0,725.0,680.0,720.0,9485546,710.67626953125
2025-05-22,2383,台光電,712.0,723.0,711.0,714.0,4093304,704.7539672851562
2025-05-23,2383,台光電,721.0,728.0,696.0,710.0,5677528,700.8057861328125
2025-05-26,2383,台光電,710.0,720.0,707.0,707.0,3421119,697.8446655273438
2025-05-27,2383,台光電,710.0,714.0,698.0,706.0,3665542,696.8576049804688
2025-05-28,2383,台光電,718.0,728.0,710.0,721.0,5223637,711.663330078125
2025-05-29,2383,台光電,742.0,766.0,742.0,749.0,10038250,739.30078125
2025-06-02,2383,台光電,744.0,762.0,741.0,758.0,7020696,748.1842041015625
2025-06-03,2383,台光電,762.0,788.0,760.0,784.0,8803819,773.8475341796875
2025-06-04,2383,台光電,792.0,795.0,775.0,780.0,4835467,769.8993530273438
2025-06-05,2383,台光電,781.0,789.0,770.0,789.0,2948356,778.7827758789062
2025-06-06,2383,台光電,789.0,799.0,783.0,788.0,3885225,777.7957153320312
2025-06-09,2383,台光電,791.0,822.0,763.0,820.0,7211309,809.38134765625
2025-06-10,2383,台光電,832.0,900.0,825.0,890.0,10810928,878.474853515625
2025-06-11,2383,台光電,875.0,887.0,863.0,873.0,7334031,861.6950073242188
2025-06-12,2383,台光電,868.0,881.0,851.0,858.0,5662171,846.8892822265625
2025-06-13,2383,台光電,848.0,869.0,848.0,860.0,5753716,848.8633422851562
2025-06-16,2383,台光電,852.0,879.0,851.0,879.0,3880259,867.6173095703125
2025-06-17,2383,台光電,890.0,902.0,857.0,867.0,8675010,855.772705078125
2025-06-18,2383,台光電,855.0,866.0,834.0,845.0,9084040,834.0576171875
2025-06-19,2383,台光電,846.0,852.0,838.0,845.0,3828780,834.0576171875
2025-06-20,2383,台光電,848.0,848.0,822.0,838.0,11675227,827.1482543945312
2025-06-23,2383,台光電,825.0,854.0,825.0,834.0,6680936,823.2000732421875
2025-06-24,2383,台光電,845.0,870.0,843.0,860.0,8385013,848.8633422851562
2025-06-25,2383,台光電,877.0,890.0,858.0,858.0,7279754,846.8892822265625
2025-06-26,2383,台光電,869.0,876.0,848.0,855.0,7052176,843.9281005859375
2025-06-27,2383,台光電,858.0,877.0,856.0,866.0,4760167,854.78564453125
2025-06-30,2383,台光電,869.0,903.0,869.0,882.0,7906949,870.5784912109375
2025-07-01,2383,台光電,894.0,901.0,884.0,900.0,5186412,888.3453979492188
2025-07-02,2383,台光電,894.0,909.0,892.0,903.0,3857471,891.3065185546875
2025-07-03,2383,台光電,911.0,942.0,899.0,928.0,5258233,915.9827880859375
2025-07-04,2383,台光電,935.0,963.0,921.0,923.0,5514499,911.0475463867188
2025-07-07,2383,台光電,917.0,924.0,894.0,901.0,3227017,889.3323974609375
2025-07-08,2383,台光電,910.0,956.0,908.0,953.0,6654612,940.6590576171875
2025-07-09,2383,台光電,944.0,965.0,944.0,957.0,4764372,944.6072387695312
2025-07-10,2383,台光電,964.0,990.0,957.0,957.0,7182593,944.6072387695312
2025-07-11,2383,台光電,960.0,961.0,927.0,941.0,5316194,928.814453125
2025-07-14,2383,台光電,935.0,941.0,922.0,928.0,2879549,915.9827880859375
2025-07-15,2383,台光電,933.0,970.0,932.0,970.0,5328362,957.4389038085938
2025-07-16,2383,台光電,976.0,1005.0,973.0,983.0,7085221,970.2705688476562
2025-07-17,2383,台光電,986.0,995.0,962.0,973.0,4828624,960.4000244140625
2025-07-18,2383,台光電,988.0,1035.0,985.0,1025.0,7002354,1011.7266845703125
2025-07-21,2383,台光電,1025.0,1025.0,999.0,1015.0,2450384,1001.8561401367188
2025-07-22,2383,台光電,1025.0,1025.0,989.0,990.0,3449697,977.179931640625
2025-07-23,2383,台光電,995.0,1010.0,979.0,988.0,3041777,975.205810546875
2025-07-24,2383,台光電,992.0,1005.0,981.0,989.0,3593309,976.19287109375
2025-07-25,2383,台光電,994.0,999.0,981.0,994.0,2212840,981.1281127929688
2025-07-28,2383,台光電,997.0,1040.0,995.0,1025.0,3921818,1011.7266845703125
2025-07-29,2383,台光電,1025.0,1025.0,1000.0,1015.0,2241606,1001.8561401367188
2025-07-30,2383,台光電,1020.0,1035.0,988.0,1005.0,3925250,991.9856567382812
2025-07-31,2383,台光電,1040.0,1105.0,1030.0,1105.0,5640703,1090.690673828125
2025-08-04,2383,台光電,1115.0,1145.0,1090.0,1110.0,4740483,1095.6259765625
2025-08-05,2383,台光電,1140.0,1165.0,1120.0,1125.0,5243453,1110.4317626953125
2025-08-06,2383,台光電,1115.0,1125.0,1100.0,1110.0,2447933,1095.6259765625
2025-08-07,2383,台光電,1125.0,1155.0,1110.0,1145.0,2961609,1130.1727294921875
2025-08-08,2383,台光電,1140.0,1150.0,1125.0,1150.0,1812519,1135.1080322265625
2025-08-11,2383,台光電,1155.0,1175.0,1130.0,1155.0,2626333,1140.043212890625
2025-08-12,2383,台光電,1165.0,1195.0,1150.0,1175.0,2054869,1159.7841796875
2025-08-13,2383,台光電,1185.0,1215.0,1160.0,1200.0,3998334,1184.46044921875
2025-08-14,2383,台光電,1210.0,1225.0,1190.0,1210.0,2840780,1194.3310546875
2025-08-15,2383,台光電,1190.0,1280.0,1180.0,1280.0,4630440,1263.424560546875
2025-08-18,2383,台光電,1300.0,1310.0,1280.0,1305.0,3745110,1288.100830078125
2025-08-19,2383,台光電,1305.0,1345.0,1225.0,1230.0,5269530,1214.072021484375
2025-08-20,2383,台光電,1180.0,1205.0,1150.0,1150.0,6045841,1135.1080322265625
2025-08-21,2383,台光電,1180.0,1260.0,1160.0,1235.0,6356440,1219.0072021484375
2025-08-22,2383,台光電,1245.0,1260.0,1200.0,1205.0,3614687,1189.395751953125
2025-08-25,2383,台光電,1250.0,1255.0,1225.0,1250.0,3104712,1233.81298828125
2025-08-26,2383,台光電,1250.0,1250.0,1205.0,1250.0,3625066,1233.81298828125
2025-08-27,2383,台光電,1260.0,1295.0,1245.0,1280.0,3725725,1263.424560546875
2025-08-28,2383,台光電,1270.0,1275.0,1220.0,1250.0,2883629,1250.0
2025-08-29,2383,台光電,1275.0,1285.0,1220.0,1220.0,2783232,1220.0
2025-09-01,2383,台光電,1210.0,1225.0,1125.0,1155.0,6355827,1155.0
2025-09-02,2383,台光電,1175.0,1180.0,1125.0,1150.0,3752865,1150.0
2025-09-03,2383,台光電,1150.0,1170.0,1140.0,1165.0,2563322,1165.0
2025-09-04,2383,台光電,1115.0,1155.0,1075.0,1115.0,8088063,1115.0
2025-09-05,2383,台光電,1155.0,1165.0,1130.0,1165.0,5797947,1165.0
2025-09-08,2383,台光電,1190.0,1190.0,1145.0,1145.0,3548268,1145.0
2025-09-09,2383,台光電,1155.0,1255.0,1155.0,1225.0,7588035,1225.0
2025-09-10,2383,台光電,1250.0,1270.0,1230.0,1255.0,5446459,1255.0
2025-09-11,2383,台光電,1265.0,1380.0,1265.0,1325.0,8531243,1325.0
2025-09-12,2383,台光電,1350.0,1360.0,1310.0,1345.0,5515136,1345.0
2025-09-15,2383,台光電,1345.0,1345.0,1295.0,1315.0,3595782,1315.0
2025-09-16,2383,台光電,1320.0,1330.0,1280.0,1285.0,3532385,1285.0
2025-09-17,2383,台光電,1295.0,1325.0,1285.0,1315.0,3791322,1315.0
2025-09-18,2383,台光電,1305.0,1340.0,1295.0,1335.0,2865406,1335.0
2025-09-19,2383,台光電,1345.0,1350.0,1290.0,1290.0,4060738,1290.0
2025-09-22,2383,台光電,1305.0,1325.0,1280.0,1300.0,1607147,1300.0
2025-09-23,2383,台光電,1305.0,1390.0,1295.0,1345.0,3919912,1345.0
2025-09-24,2383,台光電,1345.0,1350.0,1280.0,1295.0,3356484,1295.0
2025-09-25,2383,台光電,1285.0,1305.0,1255.0,1255.0,2075860,1255.0
2025-09-26,2383,台光電,1255.0,1265.0,1215.0,1225.0,1983667,1225.0
2025-09-30,2383,台光電,1260.0,1265.0,1220.0,1225.0,2685431,1225.0
2025-10-01,2383,台光電,1255.0,1265.0,1225.0,1230.0,2321108,1230.0
2025-10-02,2383,台光電,1250.0,1320.0,1235.0,1295.0,4206522,1295.0
2025-10-03,2383,台光電,1300.0,1310.0,1285.0,1305.0,2194215,1305.0
2025-10-07,2383,台光電,1375.0,1375.0,1230.0,1235.0,5965758,1235.0
2025-10-08,2383,台光電,1210.0,1220.0,1180.0,1195.0,4515338,1195.0
2025-10-09,2383,台光電,1225.0,1235.0,1195.0,1235.0,3162169,1235.0
2025-10-13,2383,台光電,1180.0,1200.0,1170.0,1200.0,3499610,1200.0
2025-10-14,2383,台光電,1220.0,1230.0,1165.0,1170.0,2594035,1170.0
2025-10-15,2383,台光電,1150.0,1165.0,1120.0,1140.0,5188974,1140.0
2025-10-16,2383,台光電,1140.0,1175.0,1135.0,1140.0,3498734,1140.0
2025-10-17,2383,台光電,1120.0,1140.0,1085.0,1105.0,4006277,1105.0
2025-10-20,2383,台光電,1115.0,1155.0,1095.0,1125.0,3807333,1125.0
2025-10-21,2383,台光電,1150.0,1155.0,1120.0,1130.0,1495466,1130.0
2025-10-22,2383,台光電,1130.0,1130.0,1105.0,1120.0,1518780,1120.0
2025-10-23,2383,台光電,1110.0,1135.0,1105.0,1115.0,2348641,1115.0
2025-10-27,2383,台光電,1150.0,1185.0,1140.0,1165.0,4972004,1165.0
2025-10-28,2383,台光電,1175.0,1260.0,1165.0,1255.0,6241315,1255.0
2025-10-29,2383,台光電,1285.0,1290.0,1240.0,1250.0,4871717,1250.0
2025-10-30,2383,台光電,1265.0,1295.0,1250.0,1275.0,3556146,1275.0
2025-10-31,2383,台光電,1300.0,1400.0,1300.0,1360.0,8329242,1360.0
2025-11-03,2383,台光電,1385.0,1435.0,1360.0,1410.0,5709559,1410.0
2025-11-04,2383,台光電,1440.0,1525.0,1435.0,1470.0,8284814,1470.0
2025-11-05,2383,台光電,1405.0,1465.0,1390.0,1440.0,5762676,1440.0
2025-11-06,2383,台光電,1450.0,1460.0,1430.0,1450.0,3492466,1450.0
2025-11-07,2383,台光電,1420.0,1435.0,1370.0,1370.0,4449468,1370.0
2025-11-10,2383,台光電,1365.0,1385.0,1345.0,1360.0,2613754,1360.0
2025-11-11,2383,台光電,1375.0,1380.0,1320.0,1320.0,3981844,1320.0
2025-11-12,2383,台光電,1355.0,1415.0,1340.0,1345.0,5979463,1345.0
2025-11-13,2383,台光電,1335.0,1395.0,1320.0,1375.0,3196158,1375.0
2025-11-14,2383,台光電,1340.0,1425.0,1335.0,1380.0,4606492,1380.0
2025-11-17,2383,台光電,1465.0,1510.0,1425.0,1450.0,5477374,1450.0
2025-11-18,2383,台光電,1430.0,1445.0,1340.0,1350.0,4349206,1350.0
2025-11-19,2383,台光電,1350.0,1360.0,1320.0,1330.0,3429092,1330.0
2025-11-20,2383,台光電,1420.0,1445.0,1385.0,1430.0,4952335,1430.0
2025-11-21,2383,台光電,1365.0,1390.0,1295.0,1310.0,5106138,1310.0
2025-11-24,2383,台光電,1330.0,1345.0,1305.0,1320.0,3722621,1320.0
2025-11-25,2383,台光電,1380.0,1450.0,1380.0,1450.0,5098647,1450.0
2025-11-26,2383,台光電,1500.0,1535.0,1445.0,1470.0,7207746,1470.0
2025-11-27,2383,台光電,1500.0,1515.0,1470.0,1495.0,2999716,1495.0
2025-11-28,2383,台光電,1535.0,1560.0,1505.0,1525.0,4183201,1525.0
2025-12-01,2383,台光電,1515.0,1515.0,1460.0,1475.0,2873254,1475.0
2025-12-02,2383,台光電,1495.0,1540.0,1440.0,1440.0,3632179,1440.0
2025-12-03,2383,台光電,1465.0,1470.0,1415.0,1430.0,3352943,1430.0
2025-12-04,2383,台光電,1425.0,1450.0,1405.0,1425.0,2327694,1425.0
2025-12-05,2383,台光電,1430.0,1505.0,1405.0,1495.0,4157083,1495.0
2025-12-08,2383,台光電,1500.0,1500.0,1475.0,1485.0,2173042,1485.0
2025-12-09,2383,台光電,1485.0,1515.0,1480.0,1500.0,1869860,1500.0
2025-12-10,2383,台光電,1505.0,1605.0,1485.0,1600.0,4321080,1600.0
2025-12-11,2383,台光電,1585.0,1630.0,1560.0,1595.0,4534644,1595.0
2025-12-12,2383,台光電,1605.0,1635.0,1575.0,1605.0,2616675,1605.0
2025-12-15,2383,台光電,1575.0,1625.0,1555.0,1605.0,2577453,1605.0
2025-12-16,2383,台光電,1580.0,1590.0,1465.0,1495.0,4349885,1495.0
2025-12-17,2383,台光電,1505.0,1550.0,1495.0,1495.0,3317034,1495.0
2025-12-18,2383,台光電,1470.0,1515.0,1470.0,1500.0,1702833,1500.0
2025-12-19,2383,台光電,1535.0,1565.0,1530.0,1550.0,2373566,1550.0
2025-12-22,2383,台光電,1575.0,1610.0,1560.0,1600.0,2282849,1600.0
2025-12-23,2383,台光電,1615.0,1630.0,1590.0,1615.0,1367198,1615.0
2025-12-24,2383,台光電,1650.0,1695.0,1630.0,1690.0,3574226,1690.0
2025-12-26,2383,台光電,1685.0,1695.0,1640.0,1640.0,1731111,1640.0
2025-12-29,2383,台光電,1650.0,1680.0,1645.0,1675.0,1952987,1675.0
2025-12-30,2383,台光電,1665.0,1665.0,1630.0,1645.0,1335746,1645.0
2025-12-31,2383,台光電,1680.0,1680.0,1615.0,1645.0,2379036,1645.0
2026-01-02,2383,台光電,1655.0,1660.0,1580.0,1590.0,3341680,1590.0
2026-01-05,2383,台光電,1620.0,1690.0,1585.0,1620.0,4176021,1620.0
2026-01-06,2383,台光電,1630.0,1705.0,1625.0,1695.0,4145088,1695.0
2026-01-07,2383,台光電,1720.0,1720.0,1530.0,1580.0,9779593,1580.0
2026-01-08,2383,台光電,1600.0,1615.0,1540.0,1545.0,3944372,1545.0
2026-01-09,2383,台光電,1560.0,1600.0,1540.0,1565.0,3066038,1565.0
2026-01-12,2383,台光電,1565.0,1610.0,1555.0,1610.0,3243025,1610.0
2026-01-13,2383,台光電,1650.0,1650.0,1590.0,1635.0,2923129,1635.0
2026-01-14,2383,台光電,1635.0,1675.0,1630.0,1670.0,2475885,1670.0
2026-01-15,2383,台光電,1660.0,1700.0,1560.0,1570.0,5323444,1570.0
2026-01-16,2383,台光電,1615.0,1630.0,1570.0,1625.0,4021039,1625.0
2026-01-19,2383,台光電,1625.0,1635.0,1545.0,1580.0,3727572,1580.0
2026-01-20,2383,台光電,1575.0,1620.0,1560.0,1615.0,2357644,1615.0
2026-01-21,2383,台光電,1590.0,1610.0,1560.0,1560.0,3323499,1560.0
2026-01-22,2383,台光電,1610.0,1675.0,1585.0,1660.0,3588781,1660.0
2026-01-23,2383,台光電,1675.0,1800.0,1655.0,1800.0,5599244,1800.0
2026-01-26,2383,台光電,1790.0,1825.0,1715.0,1740.0,3109022,1740.0
2026-01-27,2383,台光電,1745.0,1840.0,1725.0,1820.0,3418365,1820.0
2026-01-28,2383,台光電,1845.0,1945.0,1830.0,1900.0,4255277,1900.0
2026-01-29,2383,台光電,1925.0,1925.0,1785.0,1790.0,3946434,1790.0
2026-01-30,2383,台光電,1795.0,1820.0,1735.0,1745.0,3050026,1745.0
2026-02-02,2383,台光電,1720.0,1815.0,1720.0,1785.0,3679677,1785.0
2026-02-03,2383,台光電,1810.0,1875.0,1775.0,1855.0,3941687,1855.0
2026-02-04,2383,台光電,1885.0,2040.0,1870.0,2040.0,5848995,2040.0
2026-02-05,2383,台光電,1980.0,2035.0,1905.0,1950.0,5772666,1950.0
2026-02-06,2383,台光電,1920.0,2005.0,1840.0,1925.0,5851558,1925.0
2026-02-09,2383,台光電,2005.0,2110.0,1975.0,2080.0,5505206,2080.0
2026-02-10,2383,台光電,2080.0,2130.0,2050.0,2105.0,3064950,2105.0
2026-02-11,2383,台光電,2100.0,2210.0,2065.0,2195.0,4927034,2195.0
2026-02-23,2383,台光電,2275.0,2370.0,2160.0,2175.0,4223266,2175.0
2026-02-24,2383,台光電,2210.0,2330.0,2155.0,2310.0,3651151,2310.0
2026-02-25,2383,台光電,2335.0,2460.0,2315.0,2420.0,3624506,2420.0
2026-02-26,2383,台光電,2500.0,2500.0,2395.0,2440.0,4519909,2440.0
2026-03-02,2383,台光電,2280.0,2435.0,2280.0,2380.0,3172034,2380.0
2026-03-03,2383,台光電,2355.0,2430.0,2315.0,2320.0,2917142,2320.0
2026-03-04,2383,台光電,2255.0,2295.0,2180.0,2190.0,3639313,2190.0
2026-03-05,2383,台光電,2350.0,2395.0,2300.0,2365.0,3776599,2365.0
2026-03-06,2383,台光電,2340.0,2470.0,2325.0,2360.0,2795898,2360.0
2026-03-09,2383,台光電,2125.0,2210.0,2125.0,2175.0,3182669,2175.0
2026-03-10,2383,台光電,2315.0,2390.0,2315.0,2375.0,2909865,2375.0
2026-03-11,2383,台光電,2390.0,2520.0,2375.0,2450.0,4644481,2450.0
2026-03-12,2383,台光電,2440.0,2665.0,2440.0,2600.0,5268257,2600.0
2026-03-13,2383,台光電,2580.0,2765.0,2540.0,2705.0,4259892,2705.0
2026-03-16,2383,台光電,2785.0,2785.0,2575.0,2585.0,4133267,2585.0
2026-03-17,2383,台光電,2645.0,2750.0,2625.0,2700.0,2773602,2700.0
2026-03-18,2383,台光電,2740.0,2745.0,2670.0,2700.0,2836307,2700.0
2026-03-19,2383,台光電,2700.0,2970.0,2660.0,2890.0,5620253,2890.0
2026-03-20,2383,台光電,2905.0,2915.0,2720.0,2810.0,4291157,2810.0
2026-03-23,2383,台光電,2715.0,2880.0,2705.0,2795.0,3360337,2795.0
2026-03-24,2383,台光電,2865.0,2870.0,2670.0,2685.0,3782625,2685.0
2026-03-25,2383,台光電,2790.0,2915.0,2780.0,2845.0,3177610,2845.0
2026-03-26,2383,台光電,2920.0,3035.0,2895.0,2945.0,4303097,2945.0
2026-03-27,2383,台光電,2900.0,2950.0,2845.0,2910.0,1912713,2910.0
2026-03-30,2383,台光電,2815.0,2850.0,2705.0,2785.0,3499420,2785.0
2026-03-31,2383,台光電,2780.0,2830.0,2595.0,2600.0,4409146,2600.0
2026-04-01,2383,台光電,2800.0,2860.0,2745.0,2860.0,2815372,2860.0
2026-04-02,2383,台光電,2920.0,2965.0,2775.0,2785.0,3943159,2785.0
2026-04-07,2383,台光電,2875.0,2970.0,2850.0,2885.0,3126739,2885.0
2026-04-08,2383,台光電,3160.0,3170.0,3135.0,3170.0,2018936,3170.0
2026-04-09,2383,台光電,3225.0,3350.0,3180.0,3220.0,3138777,3220.0
2026-04-10,2383,台光電,3280.0,3435.0,3260.0,3420.0,2881630,3420.0
2026-04-13,2383,台光電,3430.0,3440.0,3320.0,3325.0,2325660,3325.0
2026-04-14,2383,台光電,3490.0,3655.0,3490.0,3605.0,3248272,3605.0
2026-04-15,2383,台光電,3870.0,3875.0,3700.0,3810.0,3789573,3810.0
2026-04-16,2383,台光電,3950.0,3950.0,3760.0,3835.0,2724740,3835.0
2026-04-17,2383,台光電,3770.0,3865.0,3730.0,3800.0,2604689,3800.0
2026-04-20,2383,台光電,3780.0,3915.0,3720.0,3850.0,3430592,3850.0
2026-04-21,2383,台光電,3900.0,3990.0,3830.0,3950.0,2633420,3950.0
2026-04-22,2383,台光電,3960.0,4200.0,3895.0,4065.0,2752384,4065.0
2026-04-23,2383,台光電,4215.0,4440.0,3975.0,4100.0,4281211,4100.0
2026-04-24,2383,台光電,4300.0,4485.0,4230.0,4475.0,4203050,4475.0
2026-04-27,2383,台光電,4660.0,4800.0,4475.0,4730.0,5187774,4730.0
2026-04-28,2383,台光電,4650.0,4655.0,4340.0,4375.0,3918220,4375.0
2026-04-29,2383,台光電,4165.0,4460.0,4160.0,4440.0,3405720,4440.0
2026-04-30,2383,台光電,4550.0,4660.0,4485.0,4545.0,3188644,4545.0
2026-05-04,2383,台光電,4605.0,4770.0,4530.0,4755.0,2812255,4755.0
2026-05-05,2383,台光電,4740.0,4775.0,4600.0,4730.0,1811740,4730.0
2026-05-06,2383,台光電,4855.0,4995.0,4745.0,4950.0,3491284,4950.0
2026-05-07,2383,台光電,5110.0,5115.0,4825.0,4960.0,2433676,4960.0
2026-05-08,2383,台光電,4810.0,4905.0,4670.0,4750.0,2496794,4750.0
2026-05-11,2383,台光電,4480.0,4860.0,4480.0,4850.0,2596787,4850.0
2026-05-12,2383,台光電,4805.0,5080.0,4805.0,4900.0,2480246,4900.0
2026-05-13,2383,台光電,4880.0,5000.0,4800.0,4930.0,1817733,4930.0
2026-05-14,2383,台光電,5095.0,5215.0,4920.0,4920.0,2200276,4920.0
2026-05-15,2383,台光電,4960.0,5020.0,4615.0,4615.0,2281521,4615.0
2026-05-18,2383,台光電,4415.0,4575.0,4300.0,4545.0,3210620,4545.0
2026-05-19,2383,台光電,4515.0,4675.0,4430.0,4535.0,1811225,4535.0
2026-05-20,2383,台光電,4530.0,4530.0,4360.0,4395.0,1947589,4395.0
2024-06-19,3017,奇鋐,719.0,720.0,701.0,704.0,14263857,689.7611694335938
2024-06-20,3017,奇鋐,707.0,745.0,707.0,740.0,13803293,725.0330810546875
2024-06-21,3017,奇鋐,726.0,742.0,714.0,731.0,15608554,716.215087890625
2024-06-24,3017,奇鋐,725.0,731.0,711.0,714.0,8771325,699.5588989257812
2024-06-25,3017,奇鋐,707.0,710.0,686.0,701.0,10797925,686.8218383789062
2024-06-26,3017,奇鋐,710.0,749.0,710.0,740.0,13380793,725.0330810546875
2024-06-27,3017,奇鋐,730.0,755.0,730.0,736.0,13867653,721.1139526367188
2024-06-28,3017,奇鋐,756.0,773.0,745.0,765.0,16641060,749.5274658203125
2024-07-01,3017,奇鋐,765.0,786.0,741.0,743.0,15362383,727.9723510742188
2024-07-02,3017,奇鋐,743.0,756.0,730.0,752.0,11376330,736.7903442382812
2024-07-03,3017,奇鋐,757.0,770.0,743.0,745.0,12941288,729.931884765625
2024-07-04,3017,奇鋐,758.0,768.0,748.0,752.0,8563720,736.7903442382812
2024-07-05,3017,奇鋐,759.0,767.0,748.0,764.0,7869996,748.547607421875
2024-07-08,3017,奇鋐,773.0,776.0,735.0,745.0,10696160,729.931884765625
2024-07-09,3017,奇鋐,750.0,754.0,710.0,727.0,10747786,712.2959594726562
2024-07-10,3017,奇鋐,734.0,736.0,723.0,726.0,6205164,711.3162231445312
2024-07-11,3017,奇鋐,733.0,737.0,708.0,714.0,8196274,699.5588989257812
2024-07-12,3017,奇鋐,707.0,721.0,701.0,709.0,7054908,694.6600341796875
2024-07-15,3017,奇鋐,712.0,713.0,694.0,702.0,6271200,687.8016357421875
2024-07-16,3017,奇鋐,704.0,709.0,690.0,691.0,5642553,677.0241088867188
2024-07-17,3017,奇鋐,694.0,710.0,690.0,690.0,6265160,676.0443725585938
2024-07-18,3017,奇鋐,670.0,680.0,653.0,675.0,9525377,661.3477172851562
2024-07-19,3017,奇鋐,676.0,698.0,670.0,687.0,8145938,673.1050415039062
2024-07-22,3017,奇鋐,696.0,697.0,628.0,634.0,14244871,621.1769409179688
2024-07-23,3017,奇鋐,647.0,676.0,643.0,669.0,8587060,655.4690551757812
2024-07-26,3017,奇鋐,623.0,636.0,612.0,613.0,10678964,600.6016845703125
2024-07-29,3017,奇鋐,628.0,628.0,588.0,590.0,12441938,578.06689453125
2024-07-30,3017,奇鋐,600.0,643.0,593.0,639.0,13835276,626.0758666992188
2024-07-31,3017,奇鋐,631.0,656.0,628.0,636.0,9384208,623.136474609375
2024-08-01,3017,奇鋐,668.0,668.0,648.0,655.0,7873036,641.7522583007812
2024-08-02,3017,奇鋐,608.0,640.0,592.0,594.0,12569803,581.9860229492188
2024-08-05,3017,奇鋐,536.0,549.0,535.0,535.0,8975320,524.1793212890625
2024-08-06,3017,奇鋐,561.0,561.0,484.0,526.0,15797710,515.361328125
2024-08-07,3017,奇鋐,533.0,576.0,528.0,559.0,11559324,547.69384765625
2024-08-08,3017,奇鋐,541.0,549.0,521.0,530.0,13179470,519.2804565429688
2024-08-09,3017,奇鋐,560.0,582.0,554.0,568.0,9882860,556.5118408203125
2024-08-12,3017,奇鋐,580.0,605.0,573.0,585.0,16842554,573.1680297851562
2024-08-13,3017,奇鋐,602.0,605.0,576.0,587.0,9634519,575.1275634765625
2024-08-14,3017,奇鋐,606.0,617.0,593.0,597.0,8228137,584.92529296875
2024-08-15,3017,奇鋐,599.0,613.0,593.0,594.0,7360759,588.8483276367188
2024-08-16,3017,奇鋐,614.0,634.0,606.0,626.0,10405241,620.57080078125
2024-08-19,3017,奇鋐,629.0,629.0,609.0,617.0,7350841,611.6488647460938
2024-08-20,3017,奇鋐,625.0,635.0,611.0,616.0,6744115,610.6575317382812
2024-08-21,3017,奇鋐,605.0,620.0,604.0,606.0,4648790,600.7442626953125
2024-08-22,3017,奇鋐,611.0,614.0,599.0,606.0,3893977,600.7442626953125
2024-08-23,3017,奇鋐,599.0,612.0,594.0,612.0,5110093,606.6921997070312
2024-08-26,3017,奇鋐,620.0,632.0,610.0,610.0,8969897,604.7095947265625
2024-08-27,3017,奇鋐,610.0,614.0,598.0,613.0,6221943,607.6835327148438
2024-08-28,3017,奇鋐,617.0,620.0,603.0,613.0,6046846,607.6835327148438
2024-08-29,3017,奇鋐,600.0,604.0,592.0,598.0,6269091,592.8136596679688
2024-08-30,3017,奇鋐,602.0,606.0,597.0,606.0,6334927,600.7442626953125
2024-09-02,3017,奇鋐,602.0,611.0,568.0,574.0,9782092,569.0217895507812
2024-09-03,3017,奇鋐,575.0,597.0,570.0,570.0,8973220,565.0564575195312
2024-09-04,3017,奇鋐,516.0,542.0,513.0,515.0,11641168,510.5334777832031
2024-09-05,3017,奇鋐,518.0,538.0,507.0,525.0,13068955,520.44677734375
2024-09-06,3017,奇鋐,527.0,534.0,510.0,511.0,10149118,506.56817626953125
2024-09-09,3017,奇鋐,496.0,549.0,495.5,545.0,13643589,540.2733154296875
2024-09-10,3017,奇鋐,548.0,555.0,505.0,512.0,17138404,507.55950927734375
2024-09-11,3017,奇鋐,521.0,530.0,512.0,521.0,7992196,516.4814453125
2024-09-12,3017,奇鋐,557.0,563.0,541.0,555.0,12409975,550.1865844726562
2024-09-13,3017,奇鋐,560.0,562.0,546.0,554.0,6843821,549.1952514648438
2024-09-16,3017,奇鋐,555.0,558.0,542.0,544.0,4320549,539.281982421875
2024-09-18,3017,奇鋐,553.0,554.0,529.0,537.0,6417359,532.3427124023438
2024-09-19,3017,奇鋐,546.0,563.0,545.0,561.0,8682442,556.134521484375
2024-09-20,3017,奇鋐,576.0,579.0,556.0,558.0,10133889,553.1605834960938
2024-09-23,3017,奇鋐,568.0,584.0,564.0,569.0,8771745,564.065185546875
2024-09-24,3017,奇鋐,565.0,571.0,559.0,571.0,5922272,566.0477905273438
2024-09-25,3017,奇鋐,578.0,597.0,572.0,581.0,9819048,575.9610595703125
2024-09-26,3017,奇鋐,589.0,633.0,585.0,617.0,23113591,611.6488647460938
2024-09-27,3017,奇鋐,623.0,630.0,611.0,624.0,14927761,618.588134765625
2024-09-30,3017,奇鋐,619.0,623.0,590.0,590.0,10934097,584.883056640625
2024-10-01,3017,奇鋐,598.0,606.0,582.0,585.0,8076399,579.9263916015625
2024-10-04,3017,奇鋐,594.0,612.0,592.0,604.0,9738765,598.7615966796875
2024-10-07,3017,奇鋐,617.0,618.0,608.0,611.0,7037094,605.700927734375
2024-10-08,3017,奇鋐,611.0,622.0,608.0,611.0,6435711,605.700927734375
2024-10-09,3017,奇鋐,620.0,622.0,605.0,605.0,5822845,599.7529296875
2024-10-11,3017,奇鋐,615.0,638.0,614.0,629.0,13499809,623.5447998046875
2024-10-14,3017,奇鋐,632.0,658.0,630.0,647.0,13037593,641.388671875
2024-10-15,3017,奇鋐,658.0,680.0,654.0,679.0,15076774,673.1111450195312
2024-10-16,3017,奇鋐,666.0,681.0,658.0,676.0,10121587,670.1371459960938
2024-10-17,3017,奇鋐,678.0,683.0,666.0,679.0,8433830,673.1111450195312
2024-10-18,3017,奇鋐,691.0,699.0,676.0,681.0,12662061,675.0938110351562
2024-10-21,3017,奇鋐,681.0,695.0,677.0,677.0,8227926,671.1284790039062
2024-10-22,3017,奇鋐,677.0,687.0,674.0,683.0,4723120,677.0764770507812
2024-10-23,3017,奇鋐,681.0,693.0,676.0,686.0,5321070,680.0504150390625
2024-10-24,3017,奇鋐,688.0,689.0,651.0,656.0,10750107,650.3106079101562
2024-10-25,3017,奇鋐,657.0,664.0,653.0,664.0,5081202,658.2412109375
2024-10-28,3017,奇鋐,663.0,666.0,640.0,648.0,6920184,642.3800048828125
2024-10-29,3017,奇鋐,641.0,642.0,620.0,626.0,7184043,620.57080078125
2024-10-30,3017,奇鋐,633.0,653.0,631.0,638.0,8451345,632.4667358398438
2024-11-01,3017,奇鋐,610.0,641.0,608.0,637.0,6681280,631.4754028320312
2024-11-04,3017,奇鋐,637.0,654.0,625.0,654.0,5013348,648.3279418945312
2024-11-05,3017,奇鋐,649.0,659.0,646.0,656.0,4661749,650.3106079101562
2024-11-06,3017,奇鋐,666.0,680.0,659.0,674.0,8308636,668.1544799804688
2024-11-07,3017,奇鋐,674.0,683.0,671.0,675.0,5944748,669.1458129882812
2024-11-08,3017,奇鋐,686.0,694.0,682.0,687.0,8691487,681.041748046875
2024-11-11,3017,奇鋐,687.0,691.0,679.0,687.0,3119524,681.041748046875
2024-11-12,3017,奇鋐,680.0,684.0,661.0,661.0,4879572,655.2672729492188
2024-11-13,3017,奇鋐,661.0,674.0,656.0,661.0,5116730,655.2672729492188
2024-11-14,3017,奇鋐,680.0,694.0,670.0,685.0,10656925,679.05908203125
2024-11-15,3017,奇鋐,693.0,698.0,644.0,648.0,15395964,642.3800048828125
2024-11-18,3017,奇鋐,650.0,659.0,636.0,638.0,6154461,632.4667358398438
2024-11-19,3017,奇鋐,645.0,662.0,638.0,648.0,7494982,642.3800048828125
2024-11-20,3017,奇鋐,666.0,666.0,666.0,666.0,8351821,660.223876953125
2024-11-21,3017,奇鋐,659.0,673.0,648.0,650.0,7226347,644.3626708984375
2024-11-22,3017,奇鋐,661.0,664.0,651.0,652.0,4673506,646.3453369140625
2024-11-25,3017,奇鋐,657.0,670.0,656.0,669.0,5482611,663.1978759765625
2024-11-26,3017,奇鋐,660.0,664.0,646.0,649.0,5808783,643.371337890625
2024-11-27,3017,奇鋐,650.0,658.0,630.0,630.0,5240791,624.5361328125
2024-11-28,3017,奇鋐,631.0,640.0,621.0,640.0,5110687,634.4494018554688
2024-11-29,3017,奇鋐,632.0,646.0,630.0,643.0,3563782,637.42333984375
2024-12-02,3017,奇鋐,648.0,684.0,647.0,678.0,12644491,672.1198120117188
2024-12-03,3017,奇鋐,692.0,718.0,684.0,697.0,14640207,690.9550170898438
2024-12-04,3017,奇鋐,705.0,714.0,696.0,714.0,8334028,707.8076171875
2024-12-05,3017,奇鋐,722.0,726.0,711.0,715.0,5824322,708.7989501953125
2024-12-06,3017,奇鋐,715.0,721.0,708.0,711.0,4904334,704.8336181640625
2024-12-09,3017,奇鋐,710.0,712.0,693.0,708.0,7356399,701.859619140625
2024-12-10,3017,奇鋐,702.0,703.0,682.0,682.0,7367889,676.0851440429688
2024-12-11,3017,奇鋐,676.0,703.0,676.0,700.0,7432247,693.9290161132812
2024-12-12,3017,奇鋐,709.0,716.0,691.0,693.0,6598169,686.98974609375
2024-12-13,3017,奇鋐,693.0,699.0,683.0,686.0,3030412,680.0504150390625
2024-12-16,3017,奇鋐,690.0,695.0,637.0,637.0,11894011,631.4754028320312
2024-12-17,3017,奇鋐,639.0,655.0,639.0,651.0,5847206,645.35400390625
2024-12-18,3017,奇鋐,645.0,647.0,616.0,630.0,10811929,624.5361328125
2024-12-19,3017,奇鋐,613.0,636.0,613.0,633.0,5822487,627.5100708007812
2024-12-20,3017,奇鋐,629.0,640.0,621.0,634.0,9188768,628.5014038085938
2024-12-23,3017,奇鋐,644.0,650.0,635.0,636.0,5172521,630.4840698242188
2024-12-24,3017,奇鋐,644.0,645.0,633.0,634.0,3907335,628.5014038085938
2024-12-25,3017,奇鋐,638.0,643.0,635.0,636.0,2320988,630.4840698242188
2024-12-26,3017,奇鋐,639.0,651.0,632.0,642.0,3943838,636.4320678710938
2024-12-27,3017,奇鋐,645.0,645.0,633.0,636.0,3103346,630.4840698242188
2024-12-30,3017,奇鋐,634.0,643.0,627.0,627.0,3297467,621.5621337890625
2024-12-31,3017,奇鋐,628.0,632.0,622.0,623.0,2794699,617.5968017578125
2025-01-02,3017,奇鋐,623.0,639.0,614.0,615.0,4599535,609.6661987304688
2025-01-03,3017,奇鋐,620.0,626.0,611.0,624.0,3653800,618.588134765625
2025-01-06,3017,奇鋐,632.0,636.0,627.0,627.0,4265371,621.5621337890625
2025-01-07,3017,奇鋐,636.0,642.0,634.0,637.0,4155647,631.4754028320312
2025-01-08,3017,奇鋐,632.0,633.0,611.0,615.0,6411430,609.6661987304688
2025-01-09,3017,奇鋐,616.0,618.0,572.0,574.0,12659802,569.0217895507812
2025-01-10,3017,奇鋐,575.0,576.0,545.0,549.0,11414831,544.2385864257812
2025-01-13,3017,奇鋐,547.0,551.0,515.0,516.0,10471202,511.5248107910156
2025-01-14,3017,奇鋐,520.0,525.0,513.0,520.0,8643008,515.4901123046875
2025-01-15,3017,奇鋐,516.0,522.0,500.0,502.0,7397818,497.646240234375
2025-01-16,3017,奇鋐,518.0,533.0,514.0,527.0,7000894,522.429443359375
2025-01-17,3017,奇鋐,526.0,539.0,508.0,530.0,9765115,525.4033813476562
2025-01-20,3017,奇鋐,538.0,566.0,535.0,565.0,9080655,560.099853515625
2025-01-21,3017,奇鋐,565.0,565.0,550.0,552.0,6586736,547.2125854492188
2025-01-22,3017,奇鋐,563.0,581.0,562.0,579.0,9141765,573.9784545898438
2025-02-03,3017,奇鋐,522.0,522.0,522.0,522.0,3177809,517.4727783203125
2025-02-04,3017,奇鋐,519.0,524.0,486.0,508.0,22260937,503.5942077636719
2025-02-05,3017,奇鋐,524.0,543.0,519.0,526.0,12273138,521.4381103515625
2025-02-06,3017,奇鋐,531.0,547.0,531.0,535.0,8695182,530.3600463867188
2025-02-07,3017,奇鋐,543.0,549.0,531.0,549.0,6597102,544.2385864257812
2025-02-10,3017,奇鋐,530.0,541.0,524.0,538.0,9301372,533.3340454101562
2025-02-11,3017,奇鋐,543.0,552.0,541.0,545.0,7270636,540.2733154296875
2025-02-12,3017,奇鋐,545.0,565.0,543.0,553.0,9794805,548.2039184570312
2025-02-13,3017,奇鋐,557.0,563.0,549.0,556.0,6869712,551.1779174804688
2025-02-14,3017,奇鋐,556.0,565.0,546.0,560.0,5653131,555.1431884765625
2025-02-17,3017,奇鋐,565.0,574.0,558.0,562.0,5958446,557.1258544921875
2025-02-18,3017,奇鋐,563.0,579.0,559.0,579.0,5650066,573.9784545898438
2025-02-19,3017,奇鋐,581.0,583.0,564.0,564.0,6505421,559.1085205078125
2025-02-20,3017,奇鋐,564.0,569.0,555.0,563.0,3460997,558.1171875
2025-02-21,3017,奇鋐,564.0,569.0,558.0,568.0,3131932,563.0738525390625
2025-02-24,3017,奇鋐,554.0,556.0,541.0,542.0,8454118,537.29931640625
2025-02-25,3017,奇鋐,528.0,539.0,523.0,528.0,6209999,523.4207153320312
2025-02-26,3017,奇鋐,525.0,554.0,524.0,549.0,8375915,544.2385864257812
2025-02-27,3017,奇鋐,553.0,567.0,536.0,537.0,9915160,532.3427124023438
2025-03-03,3017,奇鋐,528.0,533.0,519.0,519.0,5101696,514.498779296875
2025-03-04,3017,奇鋐,506.0,537.0,500.0,534.0,7529841,529.3687133789062
2025-03-05,3017,奇鋐,549.0,576.0,548.0,566.0,14241521,561.0911865234375
2025-03-06,3017,奇鋐,570.0,582.0,562.0,576.0,11117285,571.0044555664062
2025-03-07,3017,奇鋐,566.0,573.0,558.0,559.0,8912578,554.1519165039062
2025-03-10,3017,奇鋐,570.0,576.0,561.0,564.0,6679421,559.1085205078125
2025-03-11,3017,奇鋐,548.0,570.0,540.0,560.0,9532633,555.1431884765625
2025-03-12,3017,奇鋐,567.0,578.0,555.0,556.0,8475505,551.1779174804688
2025-03-13,3017,奇鋐,574.0,582.0,564.0,566.0,15241980,561.0911865234375
2025-03-14,3017,奇鋐,573.0,579.0,563.0,576.0,9654909,571.0044555664062
2025-03-17,3017,奇鋐,580.0,587.0,560.0,561.0,8520036,556.134521484375
2025-03-18,3017,奇鋐,569.0,573.0,561.0,564.0,4279041,559.1085205078125
2025-03-19,3017,奇鋐,562.0,562.0,531.0,533.0,9012134,528.3773803710938
2025-03-20,3017,奇鋐,540.0,558.0,537.0,551.0,7253113,546.2212524414062
2025-03-21,3017,奇鋐,550.0,551.0,535.0,535.0,5443987,530.3600463867188
2025-03-24,3017,奇鋐,539.0,540.0,516.0,520.0,7781795,515.4901123046875
2025-03-25,3017,奇鋐,532.0,536.0,523.0,526.0,4958197,521.4381103515625
2025-03-26,3017,奇鋐,527.0,534.0,522.0,532.0,3710199,527.3860473632812
2025-03-27,3017,奇鋐,520.0,530.0,511.0,530.0,6488496,525.4033813476562
2025-03-28,3017,奇鋐,517.0,523.0,504.0,504.0,6268640,499.62890625
2025-03-31,3017,奇鋐,485.0,492.0,454.0,454.0,10035563,450.0625305175781
2025-04-01,3017,奇鋐,454.0,462.0,451.0,458.5,6800297,454.52349853515625
2025-04-02,3017,奇鋐,463.5,478.0,462.0,466.0,5251272,461.9584655761719
2025-04-07,3017,奇鋐,419.5,419.5,419.5,419.5,258341,415.86175537109375
2025-04-08,3017,奇鋐,378.0,378.0,378.0,378.0,2754546,374.7216796875
2025-04-09,3017,奇鋐,346.0,357.5,340.5,340.5,9912350,337.5469055175781
2025-04-10,3017,奇鋐,374.5,374.5,374.5,374.5,2621037,371.25201416015625
2025-04-11,3017,奇鋐,365.5,411.5,347.0,411.5,16232380,407.9311218261719
2025-04-14,3017,奇鋐,432.0,445.0,413.0,422.0,11790130,418.3400573730469
2025-04-15,3017,奇鋐,424.5,437.5,421.0,435.0,7757392,431.2273254394531
2025-04-16,3017,奇鋐,425.0,437.0,411.5,415.5,7917579,411.89642333984375
2025-04-17,3017,奇鋐,409.5,421.0,401.0,418.5,9277792,414.87042236328125
2025-04-18,3017,奇鋐,415.0,421.0,410.0,417.0,6458389,413.3834228515625
2025-04-21,3017,奇鋐,411.0,416.0,400.0,403.0,5266383,399.5048522949219
2025-04-22,3017,奇鋐,393.0,413.5,392.5,398.5,8045846,395.04388427734375
2025-04-23,3017,奇鋐,417.5,429.5,414.0,428.0,7771820,424.28802490234375
2025-04-24,3017,奇鋐,434.0,445.0,424.0,441.0,10636000,437.17529296875
2025-04-25,3017,奇鋐,465.0,485.0,461.0,471.0,13933153,466.91510009765625
2025-04-28,3017,奇鋐,473.5,485.0,471.5,480.5,9855817,476.33270263671875
2025-04-29,3017,奇鋐,478.0,479.0,471.5,477.0,4970835,472.8630676269531
2025-04-30,3017,奇鋐,473.0,474.0,463.0,464.0,5121347,459.9757995605469
2025-05-02,3017,奇鋐,482.0,509.0,481.0,507.0,11486499,502.6028747558594
2025-05-05,3017,奇鋐,512.0,515.0,496.5,502.0,8888779,497.646240234375
2025-05-06,3017,奇鋐,498.0,516.0,495.0,513.0,6553082,508.55084228515625
2025-05-07,3017,奇鋐,520.0,527.0,511.0,517.0,6421776,512.5161743164062
2025-05-08,3017,奇鋐,525.0,530.0,515.0,526.0,7535796,521.4381103515625
2025-05-09,3017,奇鋐,530.0,535.0,523.0,529.0,6391449,524.4120483398438
2025-05-12,3017,奇鋐,535.0,541.0,533.0,541.0,4290405,536.3079833984375
2025-05-13,3017,奇鋐,559.0,565.0,551.0,563.0,9138432,558.1171875
2025-05-14,3017,奇鋐,616.0,617.0,602.0,609.0,15663444,603.71826171875
2025-05-15,3017,奇鋐,612.0,612.0,598.0,605.0,7177368,599.7529296875
2025-05-16,3017,奇鋐,608.0,610.0,601.0,601.0,4748733,595.78759765625
2025-05-19,3017,奇鋐,602.0,612.0,595.0,595.0,7570609,589.8396606445312
2025-05-20,3017,奇鋐,607.0,608.0,597.0,598.0,5333953,592.8136596679688
2025-05-21,3017,奇鋐,602.0,622.0,601.0,619.0,8468346,613.6315307617188
2025-05-22,3017,奇鋐,611.0,619.0,609.0,615.0,4573955,609.6661987304688
2025-05-23,3017,奇鋐,622.0,622.0,601.0,603.0,5300428,597.770263671875
2025-05-26,3017,奇鋐,604.0,610.0,596.0,603.0,4741969,597.770263671875
2025-05-27,3017,奇鋐,603.0,610.0,601.0,608.0,3442502,602.7269287109375
2025-05-28,3017,奇鋐,625.0,625.0,609.0,614.0,6210461,608.6748657226562
2025-05-29,3017,奇鋐,624.0,626.0,619.0,620.0,6688661,614.6228637695312
2025-06-02,3017,奇鋐,615.0,629.0,608.0,629.0,6872923,623.5447998046875
2025-06-03,3017,奇鋐,642.0,668.0,640.0,659.0,17121623,653.2846069335938
2025-06-04,3017,奇鋐,681.0,691.0,674.0,681.0,16585321,675.0938110351562
2025-06-05,3017,奇鋐,676.0,681.0,668.0,676.0,6181632,670.1371459960938
2025-06-06,3017,奇鋐,677.0,685.0,666.0,681.0,9548252,675.0938110351562
2025-06-09,3017,奇鋐,689.0,693.0,679.0,682.0,7023370,676.0851440429688
2025-06-10,3017,奇鋐,687.0,703.0,686.0,701.0,9180053,694.9203491210938
2025-06-11,3017,奇鋐,704.0,724.0,702.0,724.0,11269547,717.7208862304688
2025-06-12,3017,奇鋐,723.0,775.0,718.0,759.0,18820328,752.4172973632812
2025-06-13,3017,奇鋐,750.0,768.0,745.0,763.0,10125490,756.3826293945312
2025-06-16,3017,奇鋐,749.0,765.0,746.0,750.0,8193823,743.495361328125
2025-06-17,3017,奇鋐,760.0,771.0,750.0,757.0,10079702,750.4346923828125
2025-06-18,3017,奇鋐,760.0,766.0,722.0,730.0,11974375,723.6688232421875
2025-06-19,3017,奇鋐,735.0,745.0,733.0,741.0,7772630,734.5734252929688
2025-06-20,3017,奇鋐,740.0,740.0,713.0,734.0,9003360,727.6341552734375
2025-06-23,3017,奇鋐,722.0,735.0,722.0,729.0,5353035,722.677490234375
2025-06-24,3017,奇鋐,742.0,750.0,733.0,737.0,5785965,730.6080932617188
2025-06-25,3017,奇鋐,747.0,758.0,739.0,745.0,6990162,738.5387573242188
2025-06-26,3017,奇鋐,752.0,752.0,725.0,738.0,5720978,731.5994262695312
2025-06-27,3017,奇鋐,742.0,743.0,731.0,737.0,3957384,730.6080932617188
2025-06-30,3017,奇鋐,737.0,745.0,732.0,743.0,3853188,736.5560913085938
2025-07-01,3017,奇鋐,749.0,764.0,744.0,755.0,9348564,748.4520263671875
2025-07-02,3017,奇鋐,753.0,778.0,753.0,759.0,9599231,752.4172973632812
2025-07-03,3017,奇鋐,770.0,788.0,768.0,783.0,12254620,776.2091674804688
2025-07-04,3017,奇鋐,798.0,800.0,775.0,777.0,8961233,770.26123046875
2025-07-07,3017,奇鋐,775.0,776.0,755.0,762.0,5443195,755.3912963867188
2025-07-08,3017,奇鋐,770.0,795.0,761.0,795.0,8079243,788.1051025390625
2025-07-09,3017,奇鋐,792.0,812.0,787.0,811.0,8475829,803.96630859375
2025-07-10,3017,奇鋐,822.0,848.0,820.0,845.0,10634897,837.6714477539062
2025-07-11,3017,奇鋐,840.0,844.0,815.0,827.0,8614695,819.8275756835938
2025-07-14,3017,奇鋐,827.0,838.0,824.0,829.0,4772309,821.8102416992188
2025-07-15,3017,奇鋐,838.0,854.0,828.0,853.0,7873891,845.60205078125
2025-07-16,3017,奇鋐,869.0,878.0,842.0,848.0,8740460,840.6454467773438
2025-07-17,3017,奇鋐,849.0,858.0,837.0,844.0,6091914,836.6801147460938
2025-07-18,3017,奇鋐,855.0,895.0,853.0,891.0,9706190,883.2725219726562
2025-07-21,3017,奇鋐,892.0,895.0,867.0,872.0,7050925,864.4373168945312
2025-07-22,3017,奇鋐,875.0,881.0,844.0,852.0,6910340,844.6107177734375
2025-07-23,3017,奇鋐,858.0,865.0,839.0,844.0,6403426,836.6801147460938
2025-07-24,3017,奇鋐,848.0,862.0,840.0,856.0,5187324,848.5760498046875
2025-07-25,3017,奇鋐,856.0,862.0,844.0,849.0,3855165,841.6367797851562
2025-07-28,3017,奇鋐,859.0,873.0,856.0,873.0,4794383,865.4285888671875
2025-07-29,3017,奇鋐,874.0,884.0,866.0,878.0,5638691,870.38525390625
2025-07-30,3017,奇鋐,884.0,890.0,855.0,872.0,5638403,864.4373168945312
2025-07-31,3017,奇鋐,880.0,929.0,879.0,923.0,10850147,914.9949951171875
2025-08-04,3017,奇鋐,905.0,935.0,901.0,934.0,6557591,925.8995971679688
2025-08-05,3017,奇鋐,975.0,995.0,972.0,977.0,9775507,968.526611328125
2025-08-06,3017,奇鋐,989.0,1005.0,986.0,1005.0,8438265,996.2838134765625
2025-08-07,3017,奇鋐,1030.0,1040.0,1005.0,1025.0,4524387,1016.1103515625
2025-08-08,3017,奇鋐,1045.0,1090.0,1010.0,1090.0,8848750,1080.546630859375
2025-08-11,3017,奇鋐,1070.0,1080.0,1030.0,1080.0,6005499,1070.63330078125
2025-08-12,3017,奇鋐,1085.0,1095.0,1055.0,1090.0,4502550,1080.546630859375
2025-08-13,3017,奇鋐,1120.0,1140.0,1090.0,1120.0,6198804,1110.286376953125
2025-08-14,3017,奇鋐,1120.0,1130.0,1070.0,1075.0,8050968,1065.6767578125
2025-08-15,3017,奇鋐,1070.0,1095.0,1065.0,1070.0,3557813,1060.7200927734375
2025-08-18,3017,奇鋐,1085.0,1170.0,1085.0,1145.0,7547821,1135.069580078125
2025-08-19,3017,奇鋐,1145.0,1150.0,1070.0,1070.0,6836188,1070.0
2025-08-20,3017,奇鋐,1020.0,1070.0,1005.0,1005.0,7216675,1005.0
2025-08-21,3017,奇鋐,1030.0,1060.0,1020.0,1050.0,6156464,1050.0
2025-08-22,3017,奇鋐,1065.0,1070.0,1020.0,1030.0,3340173,1030.0
2025-08-25,3017,奇鋐,1080.0,1090.0,1055.0,1060.0,4590197,1060.0
2025-08-26,3017,奇鋐,1055.0,1065.0,1015.0,1025.0,5595110,1025.0
2025-08-27,3017,奇鋐,1035.0,1055.0,1020.0,1050.0,4504501,1050.0
2025-08-28,3017,奇鋐,1050.0,1055.0,999.0,1015.0,7721552,1015.0
2025-08-29,3017,奇鋐,1025.0,1030.0,1010.0,1010.0,5764969,1010.0
2025-09-01,3017,奇鋐,986.0,1005.0,938.0,941.0,12346922,941.0
2025-09-02,3017,奇鋐,964.0,976.0,942.0,949.0,7277384,949.0
2025-09-03,3017,奇鋐,950.0,954.0,936.0,936.0,5047978,936.0
2025-09-04,3017,奇鋐,942.0,952.0,916.0,935.0,6550794,935.0
2025-09-05,3017,奇鋐,950.0,952.0,924.0,944.0,8920298,944.0
2025-09-08,3017,奇鋐,959.0,981.0,950.0,964.0,8951099,964.0
2025-09-09,3017,奇鋐,972.0,974.0,957.0,961.0,7443265,961.0
2025-09-10,3017,奇鋐,972.0,995.0,968.0,979.0,10471694,979.0
2025-09-11,3017,奇鋐,1000.0,1065.0,992.0,1025.0,15486134,1025.0
2025-09-12,3017,奇鋐,1060.0,1075.0,1035.0,1050.0,12102099,1050.0
2025-09-15,3017,奇鋐,1070.0,1095.0,1040.0,1045.0,9610862,1045.0
2025-09-16,3017,奇鋐,1060.0,1070.0,1030.0,1040.0,7018668,1040.0
2025-09-17,3017,奇鋐,1030.0,1040.0,999.0,1005.0,6315801,1005.0
2025-09-18,3017,奇鋐,1015.0,1065.0,1000.0,1055.0,7811721,1055.0
2025-09-19,3017,奇鋐,1070.0,1075.0,1030.0,1040.0,6282208,1040.0
2025-09-22,3017,奇鋐,1045.0,1055.0,1010.0,1015.0,5052430,1015.0
2025-09-23,3017,奇鋐,1060.0,1080.0,1010.0,1015.0,6488212,1015.0
2025-09-24,3017,奇鋐,997.0,1000.0,950.0,994.0,10312865,994.0
2025-09-25,3017,奇鋐,974.0,997.0,959.0,960.0,7579919,960.0
2025-09-26,3017,奇鋐,957.0,964.0,937.0,941.0,5357455,941.0
2025-09-30,3017,奇鋐,956.0,988.0,956.0,981.0,5875856,981.0
2025-10-01,3017,奇鋐,988.0,1030.0,986.0,1025.0,9168707,1025.0
2025-10-02,3017,奇鋐,1075.0,1120.0,1065.0,1100.0,14311648,1100.0
2025-10-03,3017,奇鋐,1115.0,1165.0,1090.0,1165.0,11427599,1165.0
2025-10-07,3017,奇鋐,1195.0,1200.0,1135.0,1150.0,9230028,1150.0
2025-10-08,3017,奇鋐,1150.0,1160.0,1110.0,1145.0,7029325,1145.0
2025-10-09,3017,奇鋐,1165.0,1175.0,1130.0,1170.0,6080341,1170.0
2025-10-13,3017,奇鋐,1085.0,1160.0,1085.0,1160.0,6708911,1160.0
2025-10-14,3017,奇鋐,1180.0,1230.0,1155.0,1155.0,12839292,1155.0
2025-10-15,3017,奇鋐,1180.0,1230.0,1165.0,1220.0,9608767,1220.0
2025-10-16,3017,奇鋐,1230.0,1230.0,1180.0,1195.0,5410652,1195.0
2025-10-17,3017,奇鋐,1190.0,1220.0,1145.0,1150.0,6900446,1150.0
2025-10-20,3017,奇鋐,1170.0,1175.0,1135.0,1140.0,6060554,1140.0
2025-10-21,3017,奇鋐,1150.0,1200.0,1150.0,1155.0,5691524,1155.0
2025-10-22,3017,奇鋐,1130.0,1180.0,1120.0,1175.0,4378511,1175.0
2025-10-23,3017,奇鋐,1160.0,1175.0,1150.0,1170.0,3692328,1170.0
2025-10-27,3017,奇鋐,1205.0,1220.0,1180.0,1190.0,5745794,1190.0
2025-10-28,3017,奇鋐,1245.0,1305.0,1240.0,1300.0,13049386,1300.0
2025-10-29,3017,奇鋐,1320.0,1335.0,1290.0,1330.0,7697303,1330.0
2025-10-30,3017,奇鋐,1370.0,1425.0,1360.0,1410.0,11331052,1410.0
2025-10-31,3017,奇鋐,1440.0,1440.0,1395.0,1425.0,6700421,1425.0
2025-11-03,3017,奇鋐,1450.0,1495.0,1445.0,1495.0,6442390,1495.0
2025-11-04,3017,奇鋐,1510.0,1510.0,1430.0,1435.0,5517289,1435.0
2025-11-05,3017,奇鋐,1395.0,1475.0,1390.0,1445.0,10733047,1445.0
2025-11-06,3017,奇鋐,1485.0,1510.0,1470.0,1495.0,6353435,1495.0
2025-11-07,3017,奇鋐,1480.0,1510.0,1465.0,1465.0,5987568,1465.0
2025-11-10,3017,奇鋐,1505.0,1570.0,1460.0,1550.0,7976463,1550.0
2025-11-11,3017,奇鋐,1560.0,1570.0,1520.0,1540.0,7258844,1540.0
2025-11-12,3017,奇鋐,1555.0,1585.0,1500.0,1505.0,7683395,1505.0
2025-11-13,3017,奇鋐,1505.0,1515.0,1470.0,1495.0,6499940,1495.0
2025-11-14,3017,奇鋐,1435.0,1455.0,1400.0,1420.0,9079417,1420.0
2025-11-17,3017,奇鋐,1435.0,1460.0,1410.0,1420.0,4932306,1420.0
2025-11-18,3017,奇鋐,1400.0,1410.0,1370.0,1370.0,5524709,1370.0
2025-11-19,3017,奇鋐,1355.0,1385.0,1335.0,1340.0,5241748,1340.0
2025-11-20,3017,奇鋐,1420.0,1420.0,1330.0,1335.0,8564629,1335.0
2025-11-21,3017,奇鋐,1250.0,1280.0,1205.0,1240.0,12370568,1240.0
2025-11-24,3017,奇鋐,1260.0,1260.0,1210.0,1245.0,7875892,1245.0
2025-11-25,3017,奇鋐,1300.0,1340.0,1240.0,1315.0,10337601,1315.0
2025-11-26,3017,奇鋐,1350.0,1390.0,1340.0,1385.0,8053241,1385.0
2025-11-27,3017,奇鋐,1400.0,1420.0,1370.0,1395.0,6437552,1395.0
2025-11-28,3017,奇鋐,1405.0,1410.0,1375.0,1375.0,4417677,1375.0
2025-12-01,3017,奇鋐,1380.0,1385.0,1330.0,1340.0,4670110,1340.0
2025-12-02,3017,奇鋐,1360.0,1410.0,1310.0,1315.0,7298967,1315.0
2025-12-03,3017,奇鋐,1340.0,1365.0,1320.0,1355.0,5634614,1355.0
2025-12-04,3017,奇鋐,1370.0,1385.0,1325.0,1325.0,5307245,1325.0
2025-12-05,3017,奇鋐,1345.0,1405.0,1340.0,1385.0,8021119,1385.0
2025-12-08,3017,奇鋐,1400.0,1400.0,1370.0,1385.0,3734437,1385.0
2025-12-09,3017,奇鋐,1400.0,1430.0,1380.0,1410.0,6528252,1410.0
2025-12-10,3017,奇鋐,1415.0,1430.0,1390.0,1425.0,4566907,1425.0
2025-12-11,3017,奇鋐,1445.0,1450.0,1405.0,1430.0,6634551,1430.0
2025-12-12,3017,奇鋐,1460.0,1485.0,1425.0,1425.0,5685160,1425.0
2025-12-15,3017,奇鋐,1375.0,1390.0,1365.0,1380.0,5303802,1380.0
2025-12-16,3017,奇鋐,1365.0,1390.0,1340.0,1345.0,4332822,1345.0
2025-12-17,3017,奇鋐,1350.0,1380.0,1340.0,1340.0,2831291,1340.0
2025-12-18,3017,奇鋐,1330.0,1365.0,1325.0,1360.0,1866410,1360.0
2025-12-19,3017,奇鋐,1385.0,1450.0,1380.0,1450.0,5930037,1450.0
2025-12-22,3017,奇鋐,1495.0,1505.0,1465.0,1475.0,5044154,1475.0
2025-12-23,3017,奇鋐,1485.0,1510.0,1475.0,1510.0,3819676,1510.0
2025-12-24,3017,奇鋐,1520.0,1525.0,1485.0,1500.0,2517267,1500.0
2025-12-26,3017,奇鋐,1505.0,1520.0,1495.0,1520.0,2322343,1520.0
2025-12-29,3017,奇鋐,1520.0,1550.0,1505.0,1545.0,3279546,1545.0
2025-12-30,3017,奇鋐,1530.0,1550.0,1525.0,1530.0,1830333,1530.0
2025-12-31,3017,奇鋐,1530.0,1560.0,1510.0,1510.0,3169019,1510.0
2026-01-02,3017,奇鋐,1535.0,1540.0,1440.0,1455.0,5368381,1455.0
2026-01-05,3017,奇鋐,1450.0,1465.0,1430.0,1450.0,4128760,1450.0
2026-01-06,3017,奇鋐,1480.0,1490.0,1410.0,1425.0,6261562,1425.0
2026-01-07,3017,奇鋐,1440.0,1460.0,1375.0,1375.0,7766610,1375.0
2026-01-08,3017,奇鋐,1350.0,1410.0,1345.0,1355.0,7288326,1355.0
2026-01-09,3017,奇鋐,1370.0,1415.0,1360.0,1375.0,6525869,1375.0
2026-01-12,3017,奇鋐,1395.0,1400.0,1340.0,1355.0,5240176,1355.0
2026-01-13,3017,奇鋐,1375.0,1390.0,1335.0,1345.0,4285306,1345.0
2026-01-14,3017,奇鋐,1365.0,1425.0,1360.0,1420.0,5943724,1420.0
2026-01-15,3017,奇鋐,1420.0,1425.0,1360.0,1380.0,4936072,1380.0
2026-01-16,3017,奇鋐,1395.0,1395.0,1350.0,1360.0,4502061,1360.0
2026-01-19,3017,奇鋐,1355.0,1360.0,1275.0,1280.0,8436455,1280.0
2026-01-20,3017,奇鋐,1275.0,1305.0,1265.0,1295.0,4572793,1295.0
2026-01-21,3017,奇鋐,1285.0,1310.0,1280.0,1280.0,3389436,1280.0
2026-01-22,3017,奇鋐,1320.0,1370.0,1265.0,1355.0,7432189,1355.0
2026-01-23,3017,奇鋐,1385.0,1385.0,1355.0,1375.0,4009724,1375.0
2026-01-26,3017,奇鋐,1390.0,1405.0,1365.0,1370.0,3929459,1370.0
2026-01-27,3017,奇鋐,1380.0,1440.0,1375.0,1420.0,6148146,1420.0
2026-01-28,3017,奇鋐,1445.0,1470.0,1430.0,1465.0,5466686,1465.0
2026-01-29,3017,奇鋐,1480.0,1510.0,1450.0,1495.0,8427604,1495.0
2026-01-30,3017,奇鋐,1490.0,1495.0,1400.0,1460.0,6528661,1460.0
2026-02-02,3017,奇鋐,1440.0,1505.0,1415.0,1490.0,6505965,1490.0
2026-02-03,3017,奇鋐,1550.0,1635.0,1545.0,1635.0,13739938,1635.0
2026-02-04,3017,奇鋐,1645.0,1710.0,1625.0,1675.0,9705262,1675.0
2026-02-05,3017,奇鋐,1665.0,1720.0,1630.0,1630.0,6234741,1630.0
2026-02-06,3017,奇鋐,1605.0,1625.0,1535.0,1595.0,6049419,1595.0
2026-02-09,3017,奇鋐,1680.0,1680.0,1585.0,1600.0,5432036,1600.0
2026-02-10,3017,奇鋐,1625.0,1645.0,1590.0,1620.0,3595484,1620.0
2026-02-11,3017,奇鋐,1610.0,1620.0,1560.0,1605.0,3098162,1605.0
2026-02-23,3017,奇鋐,1650.0,1650.0,1515.0,1520.0,5581082,1520.0
2026-02-24,3017,奇鋐,1535.0,1560.0,1510.0,1550.0,3946600,1550.0
2026-02-25,3017,奇鋐,1565.0,1695.0,1560.0,1675.0,8447833,1675.0
2026-02-26,3017,奇鋐,1680.0,1785.0,1665.0,1765.0,10043835,1765.0
2026-03-02,3017,奇鋐,1720.0,1800.0,1715.0,1765.0,5044224,1765.0
2026-03-03,3017,奇鋐,1830.0,1910.0,1780.0,1795.0,8370562,1795.0
2026-03-04,3017,奇鋐,1775.0,1795.0,1670.0,1750.0,6496695,1750.0
2026-03-05,3017,奇鋐,1860.0,1900.0,1795.0,1820.0,5253903,1820.0
2026-03-06,3017,奇鋐,1810.0,1885.0,1785.0,1845.0,4096866,1845.0
2026-03-09,3017,奇鋐,1665.0,1700.0,1665.0,1665.0,3575472,1665.0
2026-03-10,3017,奇鋐,1735.0,1745.0,1665.0,1695.0,6262507,1695.0
2026-03-11,3017,奇鋐,1740.0,1860.0,1740.0,1860.0,5070738,1860.0
2026-03-12,3017,奇鋐,1900.0,1955.0,1870.0,1875.0,6455030,1875.0
2026-03-13,3017,奇鋐,1855.0,1930.0,1815.0,1865.0,5800014,1865.0
2026-03-16,3017,奇鋐,1890.0,1920.0,1830.0,1830.0,4073415,1830.0
2026-03-17,3017,奇鋐,1870.0,1970.0,1860.0,1905.0,5238329,1905.0
2026-03-18,3017,奇鋐,1935.0,1955.0,1850.0,1850.0,5139734,1850.0
2026-03-19,3017,奇鋐,1835.0,2035.0,1835.0,2015.0,9607842,2015.0
2026-03-20,3017,奇鋐,2010.0,2060.0,1945.0,2050.0,6779076,2050.0
2026-03-23,3017,奇鋐,1985.0,2045.0,1955.0,1995.0,4804637,1995.0
2026-03-24,3017,奇鋐,2020.0,2030.0,1915.0,1945.0,6481219,1945.0
2026-03-25,3017,奇鋐,2020.0,2100.0,2015.0,2100.0,5325928,2100.0
2026-03-26,3017,奇鋐,2200.0,2310.0,2175.0,2275.0,8187769,2275.0
2026-03-27,3017,奇鋐,2200.0,2225.0,2120.0,2195.0,5251492,2195.0
2026-03-30,3017,奇鋐,2115.0,2155.0,2075.0,2135.0,3093844,2135.0
2026-03-31,3017,奇鋐,2100.0,2115.0,1945.0,1990.0,5178551,1990.0
2026-04-01,3017,奇鋐,2120.0,2135.0,2065.0,2110.0,3861573,2110.0
2026-04-02,3017,奇鋐,2140.0,2150.0,2065.0,2070.0,2973303,2070.0
2026-04-07,3017,奇鋐,2150.0,2175.0,2015.0,2030.0,4277462,2030.0
2026-04-08,3017,奇鋐,2200.0,2230.0,2150.0,2230.0,3565271,2230.0
2026-04-09,3017,奇鋐,2260.0,2290.0,2200.0,2235.0,4408179,2235.0
2026-04-10,3017,奇鋐,2305.0,2320.0,2230.0,2265.0,3063334,2265.0
2026-04-13,3017,奇鋐,2280.0,2280.0,2185.0,2200.0,2907535,2200.0
2026-04-14,3017,奇鋐,2260.0,2345.0,2260.0,2310.0,3569020,2310.0
2026-04-15,3017,奇鋐,2375.0,2375.0,2310.0,2325.0,3098100,2325.0
2026-04-16,3017,奇鋐,2380.0,2515.0,2365.0,2440.0,4412688,2440.0
2026-04-17,3017,奇鋐,2435.0,2485.0,2375.0,2400.0,3700622,2400.0
2026-04-20,3017,奇鋐,2410.0,2515.0,2395.0,2490.0,3400147,2490.0
2026-04-21,3017,奇鋐,2560.0,2585.0,2450.0,2565.0,3940435,2565.0
2026-04-22,3017,奇鋐,2585.0,2800.0,2580.0,2695.0,4908525,2695.0
2026-04-23,3017,奇鋐,2770.0,2875.0,2585.0,2680.0,6411377,2680.0
2026-04-24,3017,奇鋐,2770.0,2945.0,2760.0,2945.0,4928531,2945.0
2026-04-27,3017,奇鋐,2990.0,3010.0,2820.0,2835.0,6053835,2835.0
2026-04-28,3017,奇鋐,2885.0,2990.0,2755.0,2780.0,5520167,2780.0
2026-04-29,3017,奇鋐,2735.0,2895.0,2735.0,2835.0,3937070,2835.0
2026-04-30,3017,奇鋐,2840.0,2870.0,2805.0,2835.0,3160772,2835.0
2026-05-04,3017,奇鋐,2920.0,2975.0,2815.0,2885.0,3534837,2885.0
2026-05-05,3017,奇鋐,2815.0,2845.0,2655.0,2705.0,7336653,2705.0
2026-05-06,3017,奇鋐,2680.0,2685.0,2435.0,2435.0,9405471,2435.0
2026-05-07,3017,奇鋐,2445.0,2500.0,2380.0,2415.0,10193149,2415.0
2026-05-08,3017,奇鋐,2405.0,2500.0,2350.0,2445.0,5474130,2445.0
2026-05-11,3017,奇鋐,2485.0,2590.0,2455.0,2555.0,5707734,2555.0
2026-05-12,3017,奇鋐,2625.0,2625.0,2520.0,2520.0,4673007,2520.0
2026-05-13,3017,奇鋐,2545.0,2625.0,2500.0,2585.0,5871160,2585.0
2026-05-14,3017,奇鋐,2700.0,2775.0,2555.0,2555.0,6660594,2555.0
2026-05-15,3017,奇鋐,2690.0,2735.0,2445.0,2455.0,6049605,2455.0
2026-05-18,3017,奇鋐,2350.0,2435.0,2300.0,2410.0,4373315,2410.0
2026-05-19,3017,奇鋐,2455.0,2470.0,2370.0,2390.0,3348406,2390.0
2026-05-20,3017,奇鋐,2425.0,2435.0,2325.0,2340.0,3488646,2340.0
2024-06-19,3037,欣興,193.0,195.0,188.5,189.0,11958054,183.53665161132812
2024-06-20,3037,欣興,190.5,193.0,188.5,190.5,5752487,184.9932861328125
2024-06-21,3037,欣興,188.5,189.0,185.0,187.0,11686077,181.59446716308594
2024-06-24,3037,欣興,186.5,188.0,184.0,186.0,6889955,180.62338256835938
2024-06-25,3037,欣興,184.5,184.5,179.5,180.0,23597486,174.7967987060547
2024-06-26,3037,欣興,181.0,183.0,179.5,180.0,13786962,174.7967987060547
2024-06-27,3037,欣興,178.5,180.5,175.5,178.5,11989663,173.34017944335938
2024-06-28,3037,欣興,179.0,181.0,178.0,180.0,10446847,174.7967987060547
2024-07-01,3037,欣興,181.0,181.5,178.0,179.5,5864365,174.311279296875
2024-07-02,3037,欣興,178.5,181.0,177.0,178.5,9523536,173.34017944335938
2024-07-03,3037,欣興,179.5,183.0,179.0,183.0,8638101,177.71009826660156
2024-07-04,3037,欣興,186.0,187.5,180.5,181.5,19102262,176.25344848632812
2024-07-05,3037,欣興,182.5,183.5,178.5,178.5,14456262,173.34017944335938
2024-07-08,3037,欣興,179.5,181.5,178.0,181.0,7578264,175.7678985595703
2024-07-09,3037,欣興,181.0,182.0,177.0,177.0,12647057,171.88352966308594
2024-07-10,3037,欣興,175.5,177.0,173.5,175.5,20736827,170.42689514160156
2024-07-11,3037,欣興,175.5,189.5,175.0,189.5,67326661,187.19744873046875
2024-07-12,3037,欣興,188.0,198.5,186.5,190.0,73163879,187.6913604736328
2024-07-15,3037,欣興,193.5,194.0,187.5,191.0,25480397,188.67921447753906
2024-07-16,3037,欣興,192.5,199.5,192.0,198.0,39259665,195.5941619873047
2024-07-17,3037,欣興,198.0,217.0,196.5,215.5,76218793,212.8815155029297
2024-07-18,3037,欣興,208.5,218.0,202.5,205.0,58965119,202.5091094970703
2024-07-19,3037,欣興,205.5,207.0,191.0,192.5,51344010,190.16099548339844
2024-07-22,3037,欣興,195.0,197.0,188.0,190.5,34634612,188.18528747558594
2024-07-23,3037,欣興,196.0,202.5,193.0,194.5,41806980,192.13668823242188
2024-07-26,3037,欣興,186.5,193.5,185.5,191.0,25750400,188.67921447753906
2024-07-29,3037,欣興,194.0,195.5,181.0,181.0,26245601,178.80072021484375
2024-07-30,3037,欣興,181.0,185.0,175.5,183.5,23960598,181.2703399658203
2024-07-31,3037,欣興,178.5,182.0,173.0,179.5,35713324,177.31895446777344
2024-08-01,3037,欣興,184.0,190.5,180.5,183.0,36491333,180.77642822265625
2024-08-02,3037,欣興,173.5,176.5,165.5,166.0,54797326,163.9829864501953
2024-08-05,3037,欣興,151.5,153.5,149.5,149.5,28571076,147.6834716796875
2024-08-06,3037,欣興,151.0,153.0,135.5,140.5,57369124,138.79283142089844
2024-08-07,3037,欣興,142.5,150.5,141.5,148.5,40911544,146.69561767578125
2024-08-08,3037,欣興,143.0,146.0,141.5,144.0,22005560,142.25030517578125
2024-08-09,3037,欣興,150.5,151.5,146.5,148.0,47335890,146.20169067382812
2024-08-12,3037,欣興,150.0,161.5,150.0,158.0,30457420,156.08018493652344
2024-08-13,3037,欣興,160.5,162.5,157.0,157.5,19451436,155.5862579345703
2024-08-14,3037,欣興,160.5,162.0,157.0,159.5,19776608,157.5619659423828
2024-08-15,3037,欣興,159.0,161.0,156.0,157.0,10600390,155.09234619140625
2024-08-16,3037,欣興,161.0,163.5,159.0,159.5,15738205,157.5619659423828
2024-08-19,3037,欣興,159.5,160.0,156.5,158.5,12708874,156.57411193847656
2024-08-20,3037,欣興,160.0,161.0,158.0,158.0,8841642,156.08018493652344
2024-08-21,3037,欣興,157.0,158.0,152.0,153.0,19312828,151.1409454345703
2024-08-22,3037,欣興,154.5,164.5,154.0,161.5,33347274,159.53765869140625
2024-08-23,3037,欣興,161.0,163.5,157.0,162.5,18893077,160.5255126953125
2024-08-26,3037,欣興,163.0,164.0,160.0,160.5,10120318,158.5498046875
2024-08-27,3037,欣興,159.0,160.5,157.0,160.0,8164298,158.05589294433594
2024-08-28,3037,欣興,161.0,161.5,157.5,159.0,7095141,157.0680389404297
2024-08-29,3037,欣興,156.5,166.0,155.5,164.5,22369854,162.50120544433594
2024-08-30,3037,欣興,167.0,170.5,162.5,163.5,28597800,161.51336669921875
2024-09-02,3037,欣興,164.5,166.0,160.5,162.5,13122196,160.5255126953125
2024-09-03,3037,欣興,162.5,164.5,156.0,156.5,20362374,154.59841918945312
2024-09-04,3037,欣興,145.5,147.5,142.0,143.0,38491655,141.262451171875
2024-09-05,3037,欣興,144.0,145.5,142.0,142.0,20047656,140.27459716796875
2024-09-06,3037,欣興,142.5,144.5,141.5,142.5,11198398,140.76852416992188
2024-09-09,3037,欣興,139.0,143.5,139.0,142.0,9490440,140.27459716796875
2024-09-10,3037,欣興,143.0,144.5,138.0,139.5,17345772,137.8049774169922
2024-09-11,3037,欣興,140.5,140.5,137.5,138.0,9612047,136.3231964111328
2024-09-12,3037,欣興,143.0,147.0,142.5,146.0,13969683,144.2259979248047
2024-09-13,3037,欣興,147.5,150.0,145.0,147.5,12269759,145.707763671875
2024-09-16,3037,欣興,148.0,149.5,145.5,146.5,8241418,144.7199249267578
2024-09-18,3037,欣興,147.0,147.0,142.0,143.0,11492425,141.262451171875
2024-09-19,3037,欣興,144.0,148.0,141.5,147.0,14045469,145.21385192871094
2024-09-20,3037,欣興,150.0,152.5,147.0,147.0,14736367,145.21385192871094
2024-09-23,3037,欣興,149.0,149.5,146.5,149.5,7342464,147.6834716796875
2024-09-24,3037,欣興,148.0,148.0,144.0,145.0,12147551,143.23814392089844
2024-09-25,3037,欣興,148.0,149.5,146.5,146.5,13108687,144.7199249267578
2024-09-26,3037,欣興,148.5,151.0,145.5,146.5,18612961,144.7199249267578
2024-09-27,3037,欣興,148.5,155.5,148.5,149.0,35696306,147.18954467773438
2024-09-30,3037,欣興,147.0,149.5,144.0,144.0,18462114,142.25030517578125
2024-10-01,3037,欣興,145.0,146.0,143.0,144.5,9126888,142.7442169189453
2024-10-04,3037,欣興,144.0,144.0,140.0,140.5,16963420,138.79283142089844
2024-10-07,3037,欣興,141.5,142.0,140.0,141.5,14369976,139.78067016601562
2024-10-08,3037,欣興,140.0,141.0,137.0,137.0,18335342,135.33535766601562
2024-10-09,3037,欣興,139.5,146.0,139.5,142.5,21472570,140.76852416992188
2024-10-11,3037,欣興,142.5,144.0,140.5,141.0,13176355,139.2867431640625
2024-10-14,3037,欣興,142.0,144.0,140.5,143.5,7946440,141.75637817382812
2024-10-15,3037,欣興,144.5,145.5,143.0,145.0,11027302,143.23814392089844
2024-10-16,3037,欣興,142.5,145.0,141.5,142.5,13131335,140.76852416992188
2024-10-17,3037,欣興,144.5,150.5,144.0,147.0,24831155,145.21385192871094
2024-10-18,3037,欣興,149.5,150.0,143.5,144.5,16775660,142.7442169189453
2024-10-21,3037,欣興,146.0,154.0,145.5,151.5,39420359,149.65916442871094
2024-10-22,3037,欣興,156.5,166.0,155.5,163.5,77518814,161.51336669921875
2024-10-23,3037,欣興,166.5,169.0,164.0,167.5,67611902,165.46475219726562
2024-10-24,3037,欣興,168.0,168.0,161.0,161.5,33361597,159.53765869140625
2024-10-25,3037,欣興,164.5,167.5,162.0,166.0,25563020,163.9829864501953
2024-10-28,3037,欣興,167.0,167.5,161.5,166.0,29671000,163.9829864501953
2024-10-29,3037,欣興,165.0,165.0,160.5,163.5,24332963,161.51336669921875
2024-10-30,3037,欣興,160.0,166.5,156.0,161.5,44627573,159.53765869140625
2024-11-01,3037,欣興,156.0,166.5,155.5,166.0,31978477,163.9829864501953
2024-11-04,3037,欣興,167.0,167.5,162.5,163.5,19827540,161.51336669921875
2024-11-05,3037,欣興,163.5,168.0,163.5,165.0,18332429,162.99513244628906
2024-11-06,3037,欣興,165.5,168.0,164.5,166.0,11585119,163.9829864501953
2024-11-07,3037,欣興,167.0,177.0,166.0,176.5,52842410,174.35540771484375
2024-11-08,3037,欣興,179.0,179.0,173.0,174.0,35463620,171.88577270507812
2024-11-11,3037,欣興,174.5,175.0,169.5,170.5,15862228,168.4282989501953
2024-11-12,3037,欣興,167.5,171.5,166.5,167.5,18687777,165.46475219726562
2024-11-13,3037,欣興,168.5,171.0,165.0,169.5,20745950,167.44046020507812
2024-11-14,3037,欣興,168.5,170.0,164.0,166.0,14787496,163.9829864501953
2024-11-15,3037,欣興,166.5,167.5,162.0,163.5,12009343,161.51336669921875
2024-11-18,3037,欣興,163.0,163.0,156.5,159.0,17904581,157.0680389404297
2024-11-19,3037,欣興,161.0,162.5,159.0,159.5,9083822,157.5619659423828
2024-11-20,3037,欣興,157.5,157.5,157.5,157.5,9946676,155.5862579345703
2024-11-21,3037,欣興,156.0,162.5,155.5,160.5,10732058,158.5498046875
2024-11-22,3037,欣興,162.0,163.0,160.0,161.0,9522961,159.04373168945312
2024-11-25,3037,欣興,162.0,164.5,159.0,159.0,12510785,157.0680389404297
2024-11-26,3037,欣興,158.5,162.5,157.5,158.5,10565680,156.57411193847656
2024-11-27,3037,欣興,159.0,159.0,150.0,150.0,21131579,148.17739868164062
2024-11-28,3037,欣興,150.0,150.5,144.0,147.0,25643628,145.21385192871094
2024-11-29,3037,欣興,145.0,151.0,144.0,149.0,10398919,147.18954467773438
2024-12-02,3037,欣興,151.0,151.5,148.5,148.5,8827224,146.69561767578125
2024-12-03,3037,欣興,151.0,153.0,148.5,149.0,11759628,147.18954467773438
2024-12-04,3037,欣興,150.5,152.0,149.0,150.0,10543593,148.17739868164062
2024-12-05,3037,欣興,151.0,156.0,149.0,153.5,20140699,151.63487243652344
2024-12-06,3037,欣興,154.0,155.5,151.0,151.5,10933686,149.65916442871094
2024-12-09,3037,欣興,150.0,151.0,147.0,148.5,12351171,146.69561767578125
2024-12-10,3037,欣興,149.5,151.5,148.0,148.0,6737558,146.20169067382812
2024-12-11,3037,欣興,147.5,150.5,146.5,148.0,6115420,146.20169067382812
2024-12-12,3037,欣興,150.0,153.0,147.0,147.0,12084570,145.21385192871094
2024-12-13,3037,欣興,146.5,147.5,140.0,141.5,22738827,139.78067016601562
2024-12-16,3037,欣興,142.0,142.5,137.0,137.5,18277986,135.82928466796875
2024-12-17,3037,欣興,138.5,143.5,138.5,141.5,12814625,139.78067016601562
2024-12-18,3037,欣興,142.0,144.0,140.5,143.0,9909926,141.262451171875
2024-12-19,3037,欣興,140.0,142.5,139.0,141.5,12135368,139.78067016601562
2024-12-20,3037,欣興,141.5,144.0,140.5,141.0,9362611,139.2867431640625
2024-12-23,3037,欣興,143.5,147.5,142.5,145.5,15260023,143.73207092285156
2024-12-24,3037,欣興,147.5,151.5,145.0,145.5,20341272,143.73207092285156
2024-12-25,3037,欣興,147.5,148.0,144.0,145.0,10031299,143.23814392089844
2024-12-26,3037,欣興,147.0,147.5,145.0,145.5,8159672,143.73207092285156
2024-12-27,3037,欣興,145.5,148.0,145.0,145.0,7186420,143.23814392089844
2024-12-30,3037,欣興,144.5,144.5,141.0,141.5,8053647,139.78067016601562
2024-12-31,3037,欣興,140.5,142.0,139.5,141.0,8138018,139.2867431640625
2025-01-02,3037,欣興,142.0,149.5,141.0,147.0,23489969,145.21385192871094
2025-01-03,3037,欣興,150.0,151.5,146.5,149.5,23418241,147.6834716796875
2025-01-06,3037,欣興,151.5,153.5,149.5,151.5,17426020,149.65916442871094
2025-01-07,3037,欣興,155.0,156.0,153.0,154.0,19259538,152.1287841796875
2025-01-08,3037,欣興,153.0,154.5,152.5,153.0,9544499,151.1409454345703
2025-01-09,3037,欣興,151.5,152.0,145.5,145.5,15289545,143.73207092285156
2025-01-10,3037,欣興,145.5,148.0,144.5,145.0,6797381,143.23814392089844
2025-01-13,3037,欣興,144.0,144.0,137.5,140.0,14504922,138.2989044189453
2025-01-14,3037,欣興,140.0,141.5,139.5,140.5,7517247,138.79283142089844
2025-01-15,3037,欣興,139.5,141.0,138.0,138.5,8230346,136.81712341308594
2025-01-16,3037,欣興,141.5,143.5,141.5,142.0,6767117,140.27459716796875
2025-01-17,3037,欣興,143.0,143.5,141.0,142.0,3827293,140.27459716796875
2025-01-20,3037,欣興,143.5,144.0,140.5,141.0,9275628,139.2867431640625
2025-01-21,3037,欣興,141.0,141.0,138.5,139.5,15443683,137.8049774169922
2025-01-22,3037,欣興,139.0,140.0,137.0,139.0,21295743,137.31105041503906
2025-02-03,3037,欣興,135.0,136.0,125.5,126.5,41494547,124.96293640136719
2025-02-04,3037,欣興,127.0,127.5,121.5,121.5,31575640,120.02368927001953
2025-02-05,3037,欣興,122.0,125.0,120.5,123.0,18349152,121.50546264648438
2025-02-06,3037,欣興,123.5,125.0,123.0,123.5,11483724,121.9993896484375
2025-02-07,3037,欣興,123.5,125.5,123.0,125.0,10229991,123.48116302490234
2025-02-10,3037,欣興,125.5,126.0,123.5,123.5,10273089,121.9993896484375
2025-02-11,3037,欣興,124.5,127.0,124.0,124.5,9509844,122.98723602294922
2025-02-12,3037,欣興,125.5,127.0,122.0,122.0,14117344,120.51761627197266
2025-02-13,3037,欣興,122.5,128.0,122.0,128.0,18345365,126.44470977783203
2025-02-14,3037,欣興,128.5,128.5,125.5,126.5,12772943,124.96293640136719
2025-02-17,3037,欣興,125.5,126.5,124.0,125.0,20799333,123.48116302490234
2025-02-18,3037,欣興,125.5,128.5,125.0,128.0,13627117,126.44470977783203
2025-02-19,3037,欣興,129.0,134.0,128.5,130.0,32438645,128.42041015625
2025-02-20,3037,欣興,131.5,132.0,127.0,127.5,20176203,125.9507827758789
2025-02-21,3037,欣興,127.5,133.5,127.0,131.5,27304882,129.9021759033203
2025-02-24,3037,欣興,129.0,132.0,128.5,130.5,15454111,128.91433715820312
2025-02-25,3037,欣興,129.0,131.5,129.0,129.5,14499147,127.92648315429688
2025-02-26,3037,欣興,126.5,127.0,124.0,125.5,24197708,123.97509002685547
2025-02-27,3037,欣興,124.0,125.0,117.5,118.0,47457619,116.56621551513672
2025-03-03,3037,欣興,114.0,117.0,113.0,114.0,22834189,112.61482238769531
2025-03-04,3037,欣興,111.5,114.0,110.5,113.5,26965447,112.12089538574219
2025-03-05,3037,欣興,115.0,116.5,113.5,116.0,15147698,114.59051513671875
2025-03-06,3037,欣興,116.5,116.5,113.5,113.5,11621411,112.12089538574219
2025-03-07,3037,欣興,112.0,114.5,111.5,112.0,14059922,110.63912200927734
2025-03-10,3037,欣興,114.0,115.5,113.0,113.0,11637315,111.62696838378906
2025-03-11,3037,欣興,109.0,109.5,106.0,109.5,19871968,108.16949462890625
2025-03-12,3037,欣興,110.0,113.0,109.5,112.0,9361793,110.63912200927734
2025-03-13,3037,欣興,113.5,114.5,107.5,107.5,18006466,106.19380187988281
2025-03-14,3037,欣興,107.0,107.5,103.5,106.0,30471649,104.71202850341797
2025-03-17,3037,欣興,107.0,108.5,105.5,107.5,20811281,106.19380187988281
2025-03-18,3037,欣興,107.5,109.0,107.5,108.0,7157584,106.6877212524414
2025-03-19,3037,欣興,107.0,108.5,104.0,104.5,15308005,103.23025512695312
2025-03-20,3037,欣興,106.5,109.5,106.0,109.5,11886948,108.16949462890625
2025-03-21,3037,欣興,109.5,111.0,108.0,110.0,11977583,108.66342163085938
2025-03-24,3037,欣興,111.0,111.5,106.5,106.5,8014067,105.20594787597656
2025-03-25,3037,欣興,108.5,109.5,106.0,106.0,9082463,104.71202850341797
2025-03-26,3037,欣興,107.0,108.5,107.0,107.0,5708997,105.69987487792969
2025-03-27,3037,欣興,105.5,105.5,103.5,104.5,8305159,103.23025512695312
2025-03-28,3037,欣興,103.5,103.5,98.0,99.0,31728084,97.79708099365234
2025-03-31,3037,欣興,94.5,96.5999984741211,92.0,92.5,28781939,91.37606048583984
2025-04-01,3037,欣興,94.5999984741211,95.80000305175781,92.19999694824219,95.4000015258789,19303006,94.2408218383789
2025-04-02,3037,欣興,94.5,96.4000015258789,93.0,96.4000015258789,14371059,95.22867584228516
2025-04-07,3037,欣興,86.80000305175781,86.80000305175781,86.80000305175781,86.80000305175781,1617496,85.74532318115234
2025-04-08,3037,欣興,78.5,80.5,78.19999694824219,78.19999694824219,16374140,77.24980926513672
2025-04-09,3037,欣興,71.5,74.4000015258789,70.4000015258789,70.4000015258789,27615561,69.54459381103516
2025-04-10,3037,欣興,77.4000015258789,77.4000015258789,76.80000305175781,77.4000015258789,15604973,76.45953369140625
2025-04-11,3037,欣興,76.0,80.80000305175781,73.4000015258789,78.30000305175781,36689800,77.34860229492188
2025-04-14,3037,欣興,84.5999984741211,86.0999984741211,83.4000015258789,84.69999694824219,27343902,83.67082977294922
2025-04-15,3037,欣興,87.0,90.30000305175781,86.69999694824219,88.80000305175781,29270490,87.72102355957031
2025-04-16,3037,欣興,86.4000015258789,87.80000305175781,85.19999694824219,85.19999694824219,18003443,84.16475677490234
2025-04-17,3037,欣興,83.69999694824219,85.0999984741211,82.69999694824219,84.69999694824219,12470441,83.67082977294922
2025-04-18,3037,欣興,84.69999694824219,86.4000015258789,84.30000305175781,85.19999694824219,8532107,84.16475677490234
2025-04-21,3037,欣興,84.5,84.9000015258789,81.0,81.19999694824219,10414468,80.2133560180664
2025-04-22,3037,欣興,79.4000015258789,83.5,79.30000305175781,81.0,11388599,80.01579284667969
2025-04-23,3037,欣興,86.30000305175781,89.0999984741211,86.19999694824219,88.80000305175781,31792768,87.72102355957031
2025-04-24,3037,欣興,88.80000305175781,89.30000305175781,85.80000305175781,86.5,23193570,85.44896697998047
2025-04-25,3037,欣興,90.80000305175781,94.4000015258789,90.5999984741211,92.5999984741211,36960909,91.47484588623047
2025-04-28,3037,欣興,93.5,96.0,92.80000305175781,95.30000305175781,28246686,94.14204406738281
2025-04-29,3037,欣興,95.5,96.4000015258789,94.5999984741211,96.0,23078227,94.83353424072266
2025-04-30,3037,欣興,95.19999694824219,96.69999694824219,93.5999984741211,93.9000015258789,17348545,92.75904846191406
2025-05-02,3037,欣興,95.0,96.4000015258789,94.19999694824219,94.5999984741211,15933163,93.4505386352539
2025-05-05,3037,欣興,95.5,96.19999694824219,90.5999984741211,92.5,24464386,91.37606048583984
2025-05-06,3037,欣興,91.0,93.19999694824219,91.0,92.30000305175781,8854218,91.1784896850586
2025-05-07,3037,欣興,92.5999984741211,93.19999694824219,90.5,90.9000015258789,9741831,89.79550170898438
2025-05-08,3037,欣興,91.5999984741211,93.19999694824219,91.30000305175781,92.5999984741211,9176661,91.47484588623047
2025-05-09,3037,欣興,93.5999984741211,94.4000015258789,91.9000015258789,93.9000015258789,9623422,92.75904846191406
2025-05-12,3037,欣興,95.19999694824219,102.0,95.0999984741211,101.0,28707239,99.77278137207031
2025-05-13,3037,欣興,104.0,106.0,99.4000015258789,99.80000305175781,31261779,98.58736419677734
2025-05-14,3037,欣興,101.5,103.5,100.0,102.5,18937044,101.25455474853516
2025-05-15,3037,欣興,102.0,102.0,100.0,101.0,10169702,99.77278137207031
2025-05-16,3037,欣興,102.5,103.5,101.0,102.0,11942243,100.76062774658203
2025-05-19,3037,欣興,102.0,102.5,99.0,99.0,9522647,97.79708099365234
2025-05-20,3037,欣興,100.5,103.5,99.9000015258789,100.5,13144269,99.27885437011719
2025-05-21,3037,欣興,101.0,103.0,100.0,102.5,9963716,101.25455474853516
2025-05-22,3037,欣興,101.5,102.5,100.5,102.0,8655873,100.76062774658203
2025-05-23,3037,欣興,102.0,108.5,101.5,106.0,37532177,104.71202850341797
2025-05-26,3037,欣興,106.0,106.5,103.5,104.0,17989829,102.736328125
2025-05-27,3037,欣興,106.0,112.5,104.5,110.5,67964056,109.1573486328125
2025-05-28,3037,欣興,112.0,115.0,105.5,109.5,74187017,108.16949462890625
2025-05-29,3037,欣興,111.5,111.5,106.0,106.0,31858999,104.71202850341797
2025-06-02,3037,欣興,104.0,104.5,100.5,101.0,18342918,99.77278137207031
2025-06-03,3037,欣興,103.0,103.5,101.5,102.0,10919811,100.76062774658203
2025-06-04,3037,欣興,103.5,105.5,101.5,103.0,22223704,101.74847412109375
2025-06-05,3037,欣興,103.0,104.0,102.0,103.0,11648951,101.74847412109375
2025-06-06,3037,欣興,102.5,104.5,102.0,103.0,6404705,101.74847412109375
2025-06-09,3037,欣興,103.0,103.0,98.0999984741211,100.0,19265030,98.78492736816406
2025-06-10,3037,欣興,101.5,107.5,101.5,107.0,25735944,105.69987487792969
2025-06-11,3037,欣興,107.0,110.0,105.5,109.0,24114317,107.67557525634766
2025-06-12,3037,欣興,108.5,108.5,106.5,107.0,10353464,105.69987487792969
2025-06-13,3037,欣興,105.5,106.0,102.5,102.5,13991909,101.25455474853516
2025-06-16,3037,欣興,102.0,103.0,101.0,103.0,8555554,101.74847412109375
2025-06-17,3037,欣興,104.0,105.0,100.0,101.5,15751294,100.2667007446289
2025-06-18,3037,欣興,101.5,104.0,101.0,103.5,11758926,102.24240112304688
2025-06-19,3037,欣興,103.0,103.5,100.5,100.5,9687034,99.27885437011719
2025-06-20,3037,欣興,101.5,103.0,100.0,100.0,37242322,98.78492736816406
2025-06-23,3037,欣興,99.0,110.0,98.30000305175781,110.0,60612825,108.66342163085938
2025-06-24,3037,欣興,113.0,116.5,110.5,111.5,83540889,110.14519500732422
2025-06-25,3037,欣興,114.0,116.0,112.5,114.0,36725874,112.61482238769531
2025-06-26,3037,欣興,114.0,115.5,112.5,114.0,17951830,112.61482238769531
2025-06-27,3037,欣興,114.0,115.0,110.5,113.0,21287692,111.62696838378906
2025-06-30,3037,欣興,113.5,115.0,111.5,114.0,14440839,112.61482238769531
2025-07-01,3037,欣興,114.0,116.0,112.0,112.0,22187360,110.63912200927734
2025-07-02,3037,欣興,112.0,113.5,111.5,112.0,9324917,110.63912200927734
2025-07-03,3037,欣興,114.0,119.5,113.5,117.0,72760101,115.578369140625
2025-07-04,3037,欣興,118.5,121.0,116.0,118.0,55681950,116.56621551513672
2025-07-07,3037,欣興,120.0,120.5,115.0,115.0,25053453,113.60266876220703
2025-07-08,3037,欣興,114.0,116.5,113.0,116.0,11238726,114.59051513671875
2025-07-09,3037,欣興,116.5,124.0,115.5,122.5,53534533,121.01153564453125
2025-07-10,3037,欣興,124.0,128.0,122.0,125.5,67737106,125.5
2025-07-11,3037,欣興,126.5,127.5,123.5,124.0,24452833,124.0
2025-07-14,3037,欣興,123.5,124.0,119.5,120.0,24050059,120.0
2025-07-15,3037,欣興,120.0,132.0,120.0,132.0,95332142,132.0
2025-07-16,3037,欣興,133.5,141.5,130.0,135.5,177804981,135.5
2025-07-17,3037,欣興,137.0,138.5,132.0,133.5,59364287,133.5
2025-07-18,3037,欣興,134.5,135.0,131.5,133.0,33161888,133.0
2025-07-21,3037,欣興,133.0,135.5,131.5,133.5,28236024,133.5
2025-07-22,3037,欣興,134.0,135.0,127.5,128.5,45709835,128.5
2025-07-23,3037,欣興,130.0,134.5,128.5,131.5,45639194,131.5
2025-07-24,3037,欣興,133.0,133.5,131.0,132.5,26218277,132.5
2025-07-25,3037,欣興,132.0,135.0,131.0,131.0,34298398,131.0
2025-07-28,3037,欣興,132.5,134.5,131.5,133.0,22773363,133.0
2025-07-29,3037,欣興,138.0,145.0,137.5,140.0,113180260,140.0
2025-07-30,3037,欣興,142.0,142.5,136.5,142.0,57824609,142.0
2025-07-31,3037,欣興,139.0,139.5,136.5,137.5,44584921,137.5
2025-08-04,3037,欣興,136.5,137.0,135.0,135.0,18879692,135.0
2025-08-05,3037,欣興,136.5,139.0,135.5,135.5,17392365,135.5
2025-08-06,3037,欣興,135.5,136.0,133.5,134.0,14801894,134.0
2025-08-07,3037,欣興,136.5,139.0,135.5,136.0,20193710,136.0
2025-08-08,3037,欣興,136.5,138.5,136.5,137.0,15381691,137.0
2025-08-11,3037,欣興,138.0,143.0,137.5,142.5,38310700,142.5
2025-08-12,3037,欣興,142.5,142.5,138.0,138.5,21226795,138.5
2025-08-13,3037,欣興,140.5,142.0,136.0,138.0,27939517,138.0
2025-08-14,3037,欣興,140.0,144.5,137.5,138.0,31616883,138.0
2025-08-15,3037,欣興,139.5,142.0,135.0,135.5,29362445,135.5
2025-08-18,3037,欣興,134.0,142.5,134.0,142.0,53529574,142.0
2025-08-19,3037,欣興,144.0,145.5,138.5,139.0,32334219,139.0
2025-08-20,3037,欣興,137.0,139.0,133.0,133.5,28094461,133.5
2025-08-21,3037,欣興,132.5,135.5,132.5,133.5,18029095,133.5
2025-08-22,3037,欣興,134.0,135.5,132.5,135.0,12717522,135.0
2025-08-25,3037,欣興,138.0,140.5,138.0,140.0,26016563,140.0
2025-08-26,3037,欣興,141.0,146.0,140.0,142.0,55166242,142.0
2025-08-27,3037,欣興,145.5,152.0,145.0,152.0,78003551,152.0
2025-08-28,3037,欣興,151.5,153.5,147.0,150.0,55805110,150.0
2025-08-29,3037,欣興,152.5,153.5,144.5,144.5,44634243,144.5
2025-09-01,3037,欣興,143.5,144.0,133.0,134.5,44655903,134.5
2025-09-02,3037,欣興,135.0,135.5,129.5,131.0,27050714,131.0
2025-09-03,3037,欣興,132.0,133.0,131.0,132.5,15178176,132.5
2025-09-04,3037,欣興,134.5,135.5,132.0,133.5,16441636,133.5
2025-09-05,3037,欣興,136.0,137.5,133.0,134.0,15883011,134.0
2025-09-08,3037,欣興,135.0,135.5,130.5,133.5,17973959,133.5
2025-09-09,3037,欣興,135.0,136.0,133.5,135.0,9702003,135.0
2025-09-10,3037,欣興,137.0,143.0,135.0,141.5,33748101,141.5
2025-09-11,3037,欣興,144.5,146.5,141.5,142.5,36190634,142.5
2025-09-12,3037,欣興,145.5,147.5,143.5,144.5,29173823,144.5
2025-09-15,3037,欣興,145.5,145.5,141.5,142.0,12437048,142.0
2025-09-16,3037,欣興,144.0,153.0,142.5,152.0,62937639,152.0
2025-09-17,3037,欣興,152.0,152.0,147.0,147.5,22470522,147.5
2025-09-18,3037,欣興,150.0,150.0,145.0,148.5,27726464,148.5
2025-09-19,3037,欣興,155.0,161.5,154.5,157.5,76243057,157.5
2025-09-22,3037,欣興,159.0,159.5,156.5,158.5,27757303,158.5
2025-09-23,3037,欣興,160.0,165.0,159.0,159.0,48837313,159.0
2025-09-24,3037,欣興,159.5,160.0,154.5,157.0,21999335,157.0
2025-09-25,3037,欣興,156.5,159.5,155.0,157.0,18569910,157.0
2025-09-26,3037,欣興,155.5,156.5,148.0,149.0,22334094,149.0
2025-09-30,3037,欣興,152.5,153.0,150.5,151.5,12169842,151.5
2025-10-01,3037,欣興,153.0,159.5,152.0,155.0,18912432,155.0
2025-10-02,3037,欣興,157.0,157.5,151.0,153.0,19276634,153.0
2025-10-03,3037,欣興,154.0,157.0,153.0,156.0,18312219,156.0
2025-10-07,3037,欣興,160.0,161.0,157.0,158.0,18670083,158.0
2025-10-08,3037,欣興,156.0,160.5,154.0,160.0,15278712,160.0
2025-10-09,3037,欣興,161.0,167.5,160.5,161.0,48631343,161.0
2025-10-13,3037,欣興,151.0,154.5,150.5,153.5,30148211,153.5
2025-10-14,3037,欣興,155.5,157.5,146.0,146.0,24063774,146.0
2025-10-15,3037,欣興,148.5,159.5,148.5,158.5,40487394,158.5
2025-10-16,3037,欣興,160.0,168.0,160.0,165.5,65595213,165.5
2025-10-17,3037,欣興,165.5,166.0,160.5,160.5,23821748,160.5
2025-10-20,3037,欣興,163.0,163.5,158.5,160.0,16746208,160.0
2025-10-21,3037,欣興,161.0,163.0,159.5,160.0,17818356,160.0
2025-10-22,3037,欣興,160.5,162.0,157.5,159.0,13272971,159.0
2025-10-23,3037,欣興,157.5,160.0,155.0,156.0,13929317,156.0
2025-10-27,3037,欣興,161.5,165.5,161.0,163.5,26740901,163.5
2025-10-28,3037,欣興,163.0,163.5,158.0,162.5,17727954,162.5
2025-10-29,3037,欣興,164.5,167.0,162.0,166.0,22323103,166.0
2025-10-30,3037,欣興,168.0,169.0,159.0,160.0,23648665,160.0
2025-10-31,3037,欣興,161.5,169.0,160.5,163.5,20359289,163.5
2025-11-03,3037,欣興,168.0,179.5,167.0,178.5,89250715,178.5
2025-11-04,3037,欣興,177.0,177.5,168.0,168.5,52367902,168.5
2025-11-05,3037,欣興,162.2372589111328,164.71795654296875,159.75656127929688,162.7333984375,31170967,162.7333984375
2025-11-06,3037,欣興,166.20635986328125,166.20635986328125,160.74884033203125,164.22181701660156,20285702,164.22181701660156
2025-11-07,3037,欣興,162.7333984375,164.71795654296875,158.76429748535156,160.25270080566406,13543909,160.25270080566406
2025-11-10,3037,欣興,161.24497985839844,165.21409606933594,156.7797393798828,163.2295379638672,23179233,163.2295379638672
2025-11-11,3037,欣興,164.71795654296875,168.6870574951172,162.7333984375,165.21409606933594,17067447,165.21409606933594
2025-11-12,3037,欣興,166.70249938964844,171.6638946533203,165.71023559570312,166.20635986328125,16790306,166.20635986328125
2025-11-13,3037,欣興,169.18319702148438,178.60983276367188,168.6870574951172,177.1214141845703,48480163,177.1214141845703
2025-11-14,3037,欣興,172.5,175.5,168.5,171.5,23010697,171.5
2025-11-17,3037,欣興,174.0,177.0,167.5,167.5,19492721,167.5
2025-11-18,3037,欣興,167.5,179.0,167.5,170.0,49807769,170.0
2025-11-19,3037,欣興,164.0,165.5,160.0,160.5,38149555,160.5
2025-11-20,3037,欣興,166.5,175.0,166.5,171.5,28649658,171.5
2025-11-21,3037,欣興,163.5,165.5,158.0,160.0,33455073,160.0
2025-11-24,3037,欣興,163.0,164.0,157.5,164.0,24638525,164.0
2025-11-25,3037,欣興,168.0,178.0,166.5,176.0,45090361,176.0
2025-11-26,3037,欣興,175.0,183.0,174.0,178.5,50943119,178.5
2025-11-27,3037,欣興,179.0,189.5,178.0,187.0,54580779,187.0
2025-11-28,3037,欣興,187.5,188.0,184.0,186.5,20712314,186.5
2025-12-01,3037,欣興,190.0,201.0,190.0,197.0,70880853,197.0
2025-12-02,3037,欣興,200.0,204.0,194.5,196.0,43577865,196.0
2025-12-03,3037,欣興,197.0,203.0,195.0,196.5,30541390,196.5
2025-12-04,3037,欣興,197.0,204.0,197.0,198.5,33730488,198.5
2025-12-05,3037,欣興,202.5,218.0,201.5,215.0,79844923,215.0
2025-12-08,3037,欣興,215.5,224.0,212.0,220.5,53386567,220.5
2025-12-09,3037,欣興,221.5,234.0,221.5,226.0,72177435,226.0
2025-12-10,3037,欣興,227.5,230.0,222.5,227.5,36374898,227.5
2025-12-11,3037,欣興,230.0,235.0,224.5,225.0,35820817,225.0
2025-12-12,3037,欣興,228.0,229.5,222.0,225.0,19584637,225.0
2025-12-15,3037,欣興,220.0,224.5,219.5,221.5,12119889,221.5
2025-12-16,3037,欣興,220.0,221.0,211.5,214.0,23034970,214.0
2025-12-17,3037,欣興,220.0,221.0,211.5,212.0,20874080,212.0
2025-12-18,3037,欣興,209.0,213.0,204.5,207.0,18442793,207.0
2025-12-19,3037,欣興,211.0,216.5,209.0,215.0,25900078,215.0
2025-12-22,3037,欣興,219.5,221.0,213.0,220.5,24783309,220.5
2025-12-23,3037,欣興,220.0,220.0,214.5,215.5,15378226,215.5
2025-12-24,3037,欣興,218.5,220.5,215.0,217.0,13325125,217.0
2025-12-26,3037,欣興,218.5,224.0,216.5,220.5,15968723,220.5
2025-12-29,3037,欣興,222.5,222.5,217.5,220.5,10909813,220.5
2025-12-30,3037,欣興,221.5,224.0,218.0,219.5,11001118,219.5
2025-12-31,3037,欣興,220.0,223.5,219.0,220.0,12630436,220.0
2026-01-02,3037,欣興,222.5,225.0,216.0,219.0,21094592,219.0
2026-01-05,3037,欣興,223.0,233.0,221.0,230.0,48483738,230.0
2026-01-06,3037,欣興,231.0,235.5,228.0,230.5,26037317,230.5
2026-01-07,3037,欣興,232.5,244.5,225.5,226.0,58674260,226.0
2026-01-08,3037,欣興,224.0,230.0,219.5,227.5,23498448,227.5
2026-01-09,3037,欣興,229.0,229.5,221.5,225.5,19148599,225.5
2026-01-12,3037,欣興,234.5,246.0,234.5,243.5,40888116,243.5
2026-01-13,3037,欣興,246.5,257.0,242.5,254.0,55866832,254.0
2026-01-14,3037,欣興,255.5,256.0,245.5,250.0,29859691,250.0
2026-01-15,3037,欣興,250.0,257.5,245.5,249.5,30014413,249.5
2026-01-16,3037,欣興,253.0,274.0,247.0,274.0,72713669,274.0
2026-01-19,3037,欣興,278.0,301.0,274.5,301.0,75476349,301.0
2026-01-20,3037,欣興,297.0,318.0,295.5,308.0,116054872,308.0
2026-01-21,3037,欣興,312.5,328.0,310.5,321.0,77785211,321.0
2026-01-22,3037,欣興,335.5,343.0,325.0,327.0,63173993,327.0
2026-01-23,3037,欣興,327.5,340.0,327.5,339.0,44470771,339.0
2026-01-26,3037,欣興,333.5,335.0,318.0,333.0,42502720,333.0
2026-01-27,3037,欣興,333.5,363.0,329.0,354.0,67829255,354.0
2026-01-28,3037,欣興,356.5,370.0,355.0,367.5,45332486,367.5
2026-01-29,3037,欣興,365.0,365.0,334.5,344.5,57886632,344.5
2026-01-30,3037,欣興,347.5,378.5,343.0,378.5,75821512,378.5
2026-02-02,3037,欣興,375.0,377.0,355.0,365.0,87382905,365.0
2026-02-03,3037,欣興,384.5,397.5,375.0,385.0,67977123,385.0
2026-02-04,3037,欣興,371.0,401.0,370.0,388.0,100536743,388.0
2026-02-05,3037,欣興,380.5,385.0,361.5,365.5,70445419,365.5
2026-02-06,3037,欣興,336.0,347.5,329.0,340.0,67050756,340.0
2026-02-09,3037,欣興,355.0,358.0,332.5,347.5,79690167,347.5
2026-02-10,3037,欣興,356.0,381.5,351.0,371.5,62580182,371.5
2026-02-11,3037,欣興,371.5,379.5,366.5,369.0,46066925,369.0
2026-02-23,3037,欣興,387.0,405.5,387.0,405.5,50836218,405.5
2026-02-24,3037,欣興,410.5,446.0,408.0,446.0,84526078,446.0
2026-02-25,3037,欣興,454.5,463.0,438.0,458.5,75908928,458.5
2026-02-26,3037,欣興,458.0,484.5,436.0,481.5,83769164,481.5
2026-03-02,3037,欣興,463.5,504.0,463.5,481.0,75410182,481.0
2026-03-03,3037,欣興,477.0,493.5,457.0,463.0,17477055,463.0
2026-03-04,3037,欣興,440.0,440.0,417.0,417.0,25501973,417.0
2026-03-05,3037,欣興,450.5,450.5,417.0,450.0,17820312,450.0
2026-03-06,3037,欣興,442.5,450.5,430.5,432.0,13338280,432.0
2026-03-09,3037,欣興,389.0,391.5,389.0,389.0,15115299,389.0
2026-03-10,3037,欣興,410.0,427.5,410.0,424.0,14989856,424.0
2026-03-11,3037,欣興,446.5,466.0,445.0,466.0,14643583,466.0
2026-03-12,3037,欣興,466.5,486.0,461.0,480.0,14702393,480.0
2026-03-13,3037,欣興,468.0,509.0,468.0,508.0,20175530,508.0
2026-03-16,3037,欣興,519.0,550.0,505.0,549.0,16872740,549.0
2026-03-17,3037,欣興,571.0,594.0,524.0,543.0,60474213,543.0
2026-03-18,3037,欣興,550.0,591.0,539.0,580.0,49391183,580.0
2026-03-19,3037,欣興,564.0,590.0,564.0,581.0,9236900,581.0
2026-03-20,3037,欣興,577.0,577.0,533.0,554.0,8616318,554.0
2026-03-23,3037,欣興,501.0,512.0,499.0,499.0,8196910,499.0
2026-03-24,3037,欣興,510.0,510.0,449.5,460.0,9720628,460.0
2026-03-25,3037,欣興,487.5,506.0,487.5,506.0,5006058,506.0
2026-03-26,3037,欣興,510.0,538.0,500.0,502.0,7764979,502.0
2026-03-27,3037,欣興,473.0,505.0,473.0,505.0,5507848,505.0
2026-03-30,3037,欣興,485.0,496.0,473.5,493.5,4841331,493.5
2026-03-31,3037,欣興,479.0,479.0,444.5,444.5,9163775,444.5
2026-04-01,3037,欣興,484.0,488.5,477.0,488.5,7106429,488.5
2026-04-02,3037,欣興,535.0,537.0,515.0,519.0,47779722,519.0
2026-04-07,3037,欣興,546.0,570.0,545.0,564.0,35331669,564.0
2026-04-08,3037,欣興,606.0,620.0,597.0,620.0,38768758,620.0
2026-04-09,3037,欣興,624.0,655.0,614.0,625.0,42166568,625.0
2026-04-10,3037,欣興,641.0,660.0,620.0,638.0,30324454,638.0
2026-04-13,3037,欣興,635.0,648.0,624.0,626.0,57444695,626.0
2026-04-14,3037,欣興,630.0,630.0,592.0,597.0,10435722,597.0
2026-04-15,3037,欣興,600.0,629.0,600.0,618.0,7844810,618.0
2026-04-16,3037,欣興,620.0,646.0,606.0,645.0,6733013,645.0
2026-04-17,3037,欣興,640.0,645.0,633.0,643.0,4415240,643.0
2026-04-20,3037,欣興,644.0,707.0,644.0,678.0,8980704,678.0
2026-04-21,3037,欣興,710.0,715.0,700.0,710.0,7964970,710.0
2026-04-22,3037,欣興,718.0,730.0,711.0,716.0,4451814,716.0
2026-04-23,3037,欣興,726.0,749.0,660.0,728.0,7636670,728.0
2026-04-24,3037,欣興,775.0,790.0,760.0,790.0,9512782,790.0
2026-04-27,3037,欣興,835.0,839.0,790.0,839.0,7908161,839.0
2026-04-28,3037,欣興,864.0,886.0,822.0,825.0,38017164,825.0
2026-04-29,3037,欣興,805.0,832.0,782.0,803.0,31229061,803.0
2026-04-30,3037,欣興,828.0,883.0,815.0,883.0,33290155,883.0
2026-05-04,3037,欣興,912.0,920.0,862.0,911.0,42009149,911.0
2026-05-05,3037,欣興,899.0,948.0,893.0,903.0,25232084,903.0
2026-05-06,3037,欣興,908.0,928.0,846.0,858.0,40640067,858.0
2026-05-07,3037,欣興,875.0,905.0,862.0,896.0,25433902,896.0
2026-05-08,3037,欣興,871.0,872.0,808.0,818.0,31729292,818.0
2026-05-11,3037,欣興,830.0,889.0,822.0,861.0,26975631,861.0
2026-05-12,3037,欣興,904.0,926.0,872.0,875.0,28764891,875.0
2026-05-13,3037,欣興,853.0,903.0,853.0,892.0,25789633,892.0
2026-05-14,3037,欣興,910.0,918.0,879.0,881.0,28575023,881.0
2026-05-15,3037,欣興,901.0,902.0,814.0,821.0,28486986,821.0
2026-05-18,3037,欣興,791.0,818.0,776.0,816.0,20139190,816.0
2026-05-19,3037,欣興,821.0,860.0,808.0,818.0,22774572,818.0
2026-05-20,3037,欣興,819.0,830.0,793.0,823.0,21286049,823.0
2024-06-19,3231,緯創,107.5,112.0,107.5,111.0,96130591,104.79683685302734
2024-06-20,3231,緯創,112.0,112.5,111.0,111.5,39279975,105.26889038085938
2024-06-21,3231,緯創,111.5,114.0,110.0,113.0,59821049,106.68507385253906
2024-06-24,3231,緯創,113.5,114.5,110.0,110.0,56739254,103.85271453857422
2024-06-25,3231,緯創,107.0,108.0,104.5,108.0,42680247,104.4319839477539
2024-06-26,3231,緯創,108.0,109.0,105.5,107.0,32697320,103.46501922607422
2024-06-27,3231,緯創,105.5,107.5,105.5,106.5,25153676,102.98153686523438
2024-06-28,3231,緯創,107.0,107.5,106.0,106.0,18840203,102.49806213378906
2024-07-01,3231,緯創,106.5,107.5,106.0,107.5,18735666,103.94850158691406
2024-07-02,3231,緯創,108.0,109.0,107.0,107.5,22911458,103.94850158691406
2024-07-03,3231,緯創,108.0,109.5,107.0,109.5,24666228,105.88243103027344
2024-07-04,3231,緯創,110.5,111.0,108.5,109.0,21263905,105.3989486694336
2024-07-05,3231,緯創,109.5,110.0,108.5,109.0,14726275,105.3989486694336
2024-07-08,3231,緯創,109.5,112.0,109.0,111.0,37955894,107.33287048339844
2024-07-09,3231,緯創,112.5,113.0,108.5,108.5,45328277,104.91546630859375
2024-07-10,3231,緯創,109.0,109.5,108.0,108.0,24898648,104.4319839477539
2024-07-11,3231,緯創,109.0,109.0,107.0,108.0,24067487,104.4319839477539
2024-07-12,3231,緯創,106.5,107.5,106.0,106.0,29914082,102.49806213378906
2024-07-15,3231,緯創,107.0,107.5,106.0,106.5,16490689,102.98153686523438
2024-07-16,3231,緯創,107.0,114.0,106.5,113.5,101773894,109.75028228759766
2024-07-17,3231,緯創,113.5,113.5,109.0,109.0,52854872,105.3989486694336
2024-07-18,3231,緯創,107.0,108.5,106.5,107.0,41381493,103.46501922607422
2024-07-19,3231,緯創,107.0,107.5,105.5,105.5,35199916,102.01457977294922
2024-07-22,3231,緯創,105.5,106.0,99.5999984741211,100.5,56593757,97.17976379394531
2024-07-23,3231,緯創,102.0,103.0,100.5,101.0,23559246,97.66324615478516
2024-07-26,3231,緯創,97.19999694824219,98.4000015258789,96.19999694824219,97.0,42239366,93.79539489746094
2024-07-29,3231,緯創,98.30000305175781,98.80000305175781,95.0,95.0,31127431,91.86146545410156
2024-07-30,3231,緯創,94.69999694824219,97.5,93.69999694824219,97.0,24236858,93.79539489746094
2024-07-31,3231,緯創,96.30000305175781,99.0,95.5999984741211,96.80000305175781,20798570,93.60200500488281
2024-08-01,3231,緯創,98.80000305175781,100.5,98.0,100.0,29556816,96.69628143310547
2024-08-02,3231,緯創,97.5999984741211,98.30000305175781,95.5,96.30000305175781,33246479,93.11852264404297
2024-08-05,3231,緯創,92.0,92.19999694824219,86.69999694824219,86.69999694824219,62356338,83.8356704711914
2024-08-06,3231,緯創,89.4000015258789,90.80000305175781,83.19999694824219,88.69999694824219,48444714,85.76959991455078
2024-08-07,3231,緯創,89.69999694824219,97.5,89.30000305175781,97.5,53993670,94.27887725830078
2024-08-08,3231,緯創,95.0,95.80000305175781,92.80000305175781,94.80000305175781,56874565,91.66807556152344
2024-08-09,3231,緯創,98.69999694824219,99.80000305175781,97.19999694824219,97.30000305175781,64439566,94.08548736572266
2024-08-12,3231,緯創,98.0,102.5,98.0,102.5,43960016,99.11368560791016
2024-08-13,3231,緯創,103.5,104.0,100.5,102.0,41572904,98.63020324707031
2024-08-14,3231,緯創,105.0,105.5,101.5,103.5,42762703,100.08065032958984
2024-08-15,3231,緯創,103.0,104.0,101.0,101.5,19741123,98.146728515625
2024-08-16,3231,緯創,103.5,104.0,102.0,102.5,22312781,99.11368560791016
2024-08-19,3231,緯創,102.5,103.0,100.5,100.5,20939367,97.17976379394531
2024-08-20,3231,緯創,102.5,103.5,101.0,101.0,22479956,97.66324615478516
2024-08-21,3231,緯創,100.0,102.5,99.69999694824219,101.5,21710385,98.146728515625
2024-08-22,3231,緯創,102.5,102.5,101.0,101.5,10778787,98.146728515625
2024-08-23,3231,緯創,101.0,103.0,100.5,102.5,18593831,99.11368560791016
2024-08-26,3231,緯創,103.0,104.0,101.5,101.5,17147528,98.146728515625
2024-08-27,3231,緯創,101.5,102.0,100.5,101.5,9006354,98.146728515625
2024-08-28,3231,緯創,102.0,103.5,101.0,103.5,18784418,100.08065032958984
2024-08-29,3231,緯創,101.0,102.0,100.5,101.5,19125558,98.146728515625
2024-08-30,3231,緯創,102.0,102.5,101.0,101.5,20709637,98.146728515625
2024-09-02,3231,緯創,102.5,103.5,100.0,100.0,18606436,96.69628143310547
2024-09-03,3231,緯創,100.0,101.0,98.5,99.0999984741211,28538306,95.82601165771484
2024-09-04,3231,緯創,94.5,96.5999984741211,92.5999984741211,94.0,35958992,90.89450073242188
2024-09-05,3231,緯創,95.0,95.9000015258789,93.69999694824219,94.0,14854584,90.89450073242188
2024-09-06,3231,緯創,94.4000015258789,98.5,94.0,98.0,20779789,94.76235961914062
2024-09-09,3231,緯創,95.9000015258789,96.80000305175781,94.69999694824219,96.80000305175781,21460827,93.60200500488281
2024-09-10,3231,緯創,97.4000015258789,97.80000305175781,94.0,94.30000305175781,14501287,91.1845932006836
2024-09-11,3231,緯創,95.0,95.69999694824219,94.5,94.5,8228176,91.37798309326172
2024-09-12,3231,緯創,96.80000305175781,99.9000015258789,96.80000305175781,99.30000305175781,27674836,96.0194091796875
2024-09-13,3231,緯創,100.0,101.5,99.0999984741211,101.0,20295472,97.66324615478516
2024-09-16,3231,緯創,102.0,103.0,101.0,103.0,18983217,99.59716796875
2024-09-18,3231,緯創,102.5,103.5,101.0,101.5,18360796,98.146728515625
2024-09-19,3231,緯創,102.5,103.0,101.5,102.5,10364764,99.11368560791016
2024-09-20,3231,緯創,103.5,104.0,101.0,101.0,30025419,97.66324615478516
2024-09-23,3231,緯創,101.5,102.0,101.0,101.5,8866967,98.146728515625
2024-09-24,3231,緯創,101.5,102.5,100.5,102.5,13258170,99.11368560791016
2024-09-25,3231,緯創,103.5,105.0,103.0,104.5,31502137,101.04761505126953
2024-09-26,3231,緯創,105.5,106.0,103.0,103.5,19561146,100.08065032958984
2024-09-27,3231,緯創,104.5,105.5,103.5,104.0,16661709,100.56413269042969
2024-09-30,3231,緯創,103.5,103.5,101.0,101.0,11814264,97.66324615478516
2024-10-01,3231,緯創,101.5,102.5,101.0,101.5,7346967,98.146728515625
2024-10-04,3231,緯創,102.0,103.5,100.0,100.0,19827515,96.69628143310547
2024-10-07,3231,緯創,102.0,103.5,101.5,102.0,15600527,98.63020324707031
2024-10-08,3231,緯創,101.0,102.0,100.5,102.0,16090389,98.63020324707031
2024-10-09,3231,緯創,103.5,105.5,103.0,105.0,39992237,101.53109741210938
2024-10-11,3231,緯創,105.5,109.0,104.5,108.5,55431430,104.91546630859375
2024-10-14,3231,緯創,109.5,110.0,107.5,109.0,31188138,105.3989486694336
2024-10-15,3231,緯創,110.0,111.0,108.0,109.0,43741059,105.3989486694336
2024-10-16,3231,緯創,107.0,110.0,106.5,109.5,26449824,105.88243103027344
2024-10-17,3231,緯創,109.5,111.0,109.0,110.5,24835541,106.8493881225586
2024-10-18,3231,緯創,112.5,113.0,109.0,109.0,37763372,105.3989486694336
2024-10-21,3231,緯創,110.0,111.5,109.5,110.5,15958713,106.8493881225586
2024-10-22,3231,緯創,111.0,113.0,109.5,113.0,40793829,109.26679992675781
2024-10-23,3231,緯創,113.0,114.0,112.0,113.0,21500976,109.26679992675781
2024-10-24,3231,緯創,112.5,112.5,109.5,109.5,21539691,105.88243103027344
2024-10-25,3231,緯創,110.5,116.0,110.0,115.0,82974503,111.20072174072266
2024-10-28,3231,緯創,116.0,116.5,112.0,113.5,42415518,109.75028228759766
2024-10-29,3231,緯創,112.5,113.0,110.0,112.5,32383807,108.78331756591797
2024-10-30,3231,緯創,113.5,113.5,111.0,111.0,21447664,107.33287048339844
2024-11-01,3231,緯創,107.5,115.5,107.5,115.0,68498334,111.20072174072266
2024-11-04,3231,緯創,115.5,117.0,114.5,116.0,51784516,112.16768646240234
2024-11-05,3231,緯創,116.0,120.0,115.0,118.5,74142419,114.58509063720703
2024-11-06,3231,緯創,119.5,121.5,118.0,119.5,75434472,115.55205535888672
2024-11-07,3231,緯創,120.0,120.5,118.5,120.0,41915703,116.03553771972656
2024-11-08,3231,緯創,121.5,125.5,121.0,123.5,113850430,119.41990661621094
2024-11-11,3231,緯創,124.0,125.5,121.5,122.0,61035111,117.96946716308594
2024-11-12,3231,緯創,119.0,119.5,116.0,117.0,73258099,113.13465118408203
2024-11-13,3231,緯創,117.5,122.5,117.5,121.0,60305236,117.00250244140625
2024-11-14,3231,緯創,121.5,121.5,118.0,118.5,35978717,114.58509063720703
2024-11-15,3231,緯創,119.5,119.5,115.0,117.5,46583472,113.61813354492188
2024-11-18,3231,緯創,116.5,117.5,113.0,113.5,32904146,109.75028228759766
2024-11-19,3231,緯創,115.0,115.5,112.5,114.0,37312273,110.2337646484375
2024-11-20,3231,緯創,114.0,114.0,114.0,114.0,22957895,110.2337646484375
2024-11-21,3231,緯創,113.5,115.5,112.5,114.0,17809639,110.2337646484375
2024-11-22,3231,緯創,115.5,121.0,115.5,118.5,58450529,114.58509063720703
2024-11-25,3231,緯創,123.0,126.0,122.5,124.5,102532285,120.38687133789062
2024-11-26,3231,緯創,122.5,122.5,119.0,120.0,56328239,116.03553771972656
2024-11-27,3231,緯創,118.5,119.0,112.5,112.5,72330506,108.78331756591797
2024-11-28,3231,緯創,114.5,115.0,111.5,113.5,36258958,109.75028228759766
2024-11-29,3231,緯創,111.5,115.0,111.0,113.5,28170592,109.75028228759766
2024-12-02,3231,緯創,114.5,115.0,113.5,114.0,17716416,110.2337646484375
2024-12-03,3231,緯創,115.5,117.0,113.5,115.0,26930505,111.20072174072266
2024-12-04,3231,緯創,115.0,116.0,114.0,116.0,18469498,112.16768646240234
2024-12-05,3231,緯創,116.5,118.0,116.0,117.0,27022907,113.13465118408203
2024-12-06,3231,緯創,118.0,122.0,118.0,119.0,56409920,115.06857299804688
2024-12-09,3231,緯創,120.0,120.5,117.5,118.5,20983806,114.58509063720703
2024-12-10,3231,緯創,118.0,118.5,115.5,116.5,19864418,112.65116882324219
2024-12-11,3231,緯創,114.5,115.5,113.5,114.0,25251086,110.2337646484375
2024-12-12,3231,緯創,115.5,116.0,113.5,113.5,17465474,109.75028228759766
2024-12-13,3231,緯創,113.0,114.0,111.0,111.5,26024281,107.81635284423828
2024-12-16,3231,緯創,111.5,112.5,106.0,106.5,45026229,102.98153686523438
2024-12-17,3231,緯創,106.5,110.0,106.5,108.5,22811102,104.91546630859375
2024-12-18,3231,緯創,107.5,108.0,106.0,108.0,23219435,104.4319839477539
2024-12-19,3231,緯創,105.5,106.5,105.0,106.5,18649642,102.98153686523438
2024-12-20,3231,緯創,106.5,108.0,106.0,106.0,23542306,102.49806213378906
2024-12-23,3231,緯創,108.0,109.5,107.5,108.0,19928818,104.4319839477539
2024-12-24,3231,緯創,109.0,109.5,107.5,107.5,19926762,103.94850158691406
2024-12-25,3231,緯創,108.5,109.0,107.0,108.0,13646886,104.4319839477539
2024-12-26,3231,緯創,108.5,109.5,106.0,106.0,26781525,102.49806213378906
2024-12-27,3231,緯創,106.5,107.5,106.0,106.5,13481467,102.98153686523438
2024-12-30,3231,緯創,106.5,107.0,104.0,104.0,21784880,100.56413269042969
2024-12-31,3231,緯創,104.0,105.0,103.0,104.0,21250040,100.56413269042969
2025-01-02,3231,緯創,103.5,106.5,103.0,103.0,23862981,99.59716796875
2025-01-03,3231,緯創,103.0,107.0,102.5,105.5,27789513,102.01457977294922
2025-01-06,3231,緯創,107.0,108.0,106.0,106.5,22428388,102.98153686523438
2025-01-07,3231,緯創,107.5,108.0,106.5,107.5,18464571,103.94850158691406
2025-01-08,3231,緯創,106.5,108.5,106.0,107.5,13185407,103.94850158691406
2025-01-09,3231,緯創,109.0,109.5,104.5,104.5,25956391,101.04761505126953
2025-01-10,3231,緯創,105.0,106.0,103.0,103.0,17563353,99.59716796875
2025-01-13,3231,緯創,102.5,104.0,100.0,103.0,31834154,99.59716796875
2025-01-14,3231,緯創,102.5,105.5,102.0,104.5,19145623,101.04761505126953
2025-01-15,3231,緯創,104.0,105.0,101.5,101.5,17589407,98.146728515625
2025-01-16,3231,緯創,104.5,106.0,104.0,104.5,19203666,101.04761505126953
2025-01-17,3231,緯創,105.5,105.5,102.5,105.0,25578915,101.53109741210938
2025-01-20,3231,緯創,110.0,114.5,108.5,112.5,90196805,108.78331756591797
2025-01-21,3231,緯創,111.5,112.0,109.0,111.5,42010397,107.81635284423828
2025-01-22,3231,緯創,112.0,112.5,109.5,110.0,40885630,106.36590576171875
2025-02-03,3231,緯創,101.0,102.5,100.0,100.0,54785676,96.69628143310547
2025-02-04,3231,緯創,101.0,101.5,99.0,99.0,43678547,95.72931671142578
2025-02-05,3231,緯創,100.0,102.5,99.80000305175781,102.0,27927644,98.63020324707031
2025-02-06,3231,緯創,103.0,103.5,101.0,103.5,23121606,100.08065032958984
2025-02-07,3231,緯創,104.0,105.0,103.0,104.5,16664981,101.04761505126953
2025-02-10,3231,緯創,103.5,104.5,102.5,104.0,16330916,100.56413269042969
2025-02-11,3231,緯創,104.5,108.0,104.5,108.0,32358384,104.4319839477539
2025-02-12,3231,緯創,108.0,109.5,107.0,108.5,25482416,104.91546630859375
2025-02-13,3231,緯創,111.0,113.0,109.0,112.0,58409910,108.29983520507812
2025-02-14,3231,緯創,112.0,112.0,110.5,111.5,16031386,107.81635284423828
2025-02-17,3231,緯創,113.5,116.0,113.0,113.0,33639639,109.26679992675781
2025-02-18,3231,緯創,113.5,116.5,112.5,116.0,45684342,112.16768646240234
2025-02-19,3231,緯創,116.5,117.5,116.0,116.0,31711292,112.16768646240234
2025-02-20,3231,緯創,116.0,117.5,115.0,116.5,28609560,112.65116882324219
2025-02-21,3231,緯創,116.5,118.0,115.5,117.5,24281824,113.61813354492188
2025-02-24,3231,緯創,115.5,116.0,113.5,115.0,27710124,111.20072174072266
2025-02-25,3231,緯創,113.5,115.0,111.5,112.0,29302734,108.29983520507812
2025-02-26,3231,緯創,111.5,115.0,111.5,115.0,15686690,111.20072174072266
2025-02-27,3231,緯創,115.0,115.5,112.0,112.0,25120415,108.29983520507812
2025-03-03,3231,緯創,108.0,110.0,107.0,107.0,30411581,103.46501922607422
2025-03-04,3231,緯創,105.0,110.0,104.0,108.5,19801579,104.91546630859375
2025-03-05,3231,緯創,108.5,111.0,107.5,110.5,15924743,106.8493881225586
2025-03-06,3231,緯創,110.5,110.5,107.0,107.0,16434341,103.46501922607422
2025-03-07,3231,緯創,106.5,108.0,106.0,107.0,11767526,103.46501922607422
2025-03-10,3231,緯創,108.0,109.0,106.0,106.0,13653548,102.49806213378906
2025-03-11,3231,緯創,102.5,105.5,102.5,104.5,17022759,101.04761505126953
2025-03-12,3231,緯創,105.5,106.5,104.0,104.5,11445725,101.04761505126953
2025-03-13,3231,緯創,106.0,107.0,104.0,104.0,11217684,100.56413269042969
2025-03-14,3231,緯創,105.0,105.5,103.5,104.5,8984666,101.04761505126953
2025-03-17,3231,緯創,105.5,106.5,105.0,106.0,9665127,102.49806213378906
2025-03-18,3231,緯創,107.0,108.5,106.5,107.5,12898686,103.94850158691406
2025-03-19,3231,緯創,107.5,107.5,103.0,103.0,27944863,99.59716796875
2025-03-20,3231,緯創,104.5,106.0,104.0,105.0,11694314,101.53109741210938
2025-03-21,3231,緯創,105.5,106.0,104.5,105.5,13622512,102.01457977294922
2025-03-24,3231,緯創,106.0,106.0,103.5,103.5,10376740,100.08065032958984
2025-03-25,3231,緯創,105.0,105.5,103.0,103.5,13423906,100.08065032958984
2025-03-26,3231,緯創,104.0,105.5,103.5,105.5,13814579,102.01457977294922
2025-03-27,3231,緯創,103.5,104.5,103.0,104.5,15530294,101.04761505126953
2025-03-28,3231,緯創,103.5,103.5,100.0,100.5,27856789,97.17976379394531
2025-03-31,3231,緯創,96.0,99.0,95.30000305175781,95.30000305175781,29886837,92.15155792236328
2025-04-01,3231,緯創,96.5,101.5,96.5,101.5,23988678,98.146728515625
2025-04-02,3231,緯創,100.5,101.5,99.9000015258789,101.0,13337773,97.66324615478516
2025-04-07,3231,緯創,90.9000015258789,90.9000015258789,90.9000015258789,90.9000015258789,3155806,87.89691925048828
2025-04-08,3231,緯創,82.19999694824219,85.0,81.9000015258789,81.9000015258789,43837391,79.19425964355469
2025-04-09,3231,緯創,79.5,83.5999984741211,73.80000305175781,74.69999694824219,71587869,72.23211669921875
2025-04-10,3231,緯創,82.0999984741211,82.0999984741211,82.0999984741211,82.0999984741211,3799055,79.38764190673828
2025-04-11,3231,緯創,82.0999984741211,90.30000305175781,80.5,90.30000305175781,60893742,87.31674194335938
2025-04-14,3231,緯創,96.80000305175781,98.69999694824219,95.0999984741211,97.30000305175781,55133112,94.08548736572266
2025-04-15,3231,緯創,98.9000015258789,106.0,97.30000305175781,102.5,85421322,99.11368560791016
2025-04-16,3231,緯創,100.0,101.5,98.5999984741211,99.69999694824219,46941006,96.40618896484375
2025-04-17,3231,緯創,99.0,102.5,98.69999694824219,100.5,47504218,97.17976379394531
2025-04-18,3231,緯創,101.0,106.0,100.5,105.0,71915669,101.53109741210938
2025-04-21,3231,緯創,104.5,105.5,102.5,103.0,34693261,99.59716796875
2025-04-22,3231,緯創,101.5,103.0,98.80000305175781,98.80000305175781,44154338,95.53592681884766
2025-04-23,3231,緯創,102.0,103.5,101.0,102.5,40727737,99.11368560791016
2025-04-24,3231,緯創,103.5,103.5,100.5,101.0,22765015,97.66324615478516
2025-04-25,3231,緯創,103.5,104.5,102.0,102.5,29392622,99.11368560791016
2025-04-28,3231,緯創,103.0,104.5,102.0,102.5,20009152,99.11368560791016
2025-04-29,3231,緯創,102.5,104.0,102.0,104.0,12704490,100.56413269042969
2025-04-30,3231,緯創,103.5,104.0,101.5,101.5,16844259,98.146728515625
2025-05-02,3231,緯創,103.5,105.5,103.0,105.5,34110678,102.01457977294922
2025-05-05,3231,緯創,106.0,106.0,102.5,103.5,24044766,100.08065032958984
2025-05-06,3231,緯創,103.5,109.0,103.0,109.0,54582235,105.3989486694336
2025-05-07,3231,緯創,106.0,107.5,105.0,106.5,33060270,102.98153686523438
2025-05-08,3231,緯創,108.0,108.5,106.5,107.0,17584089,103.46501922607422
2025-05-09,3231,緯創,108.0,108.0,105.5,107.0,21179336,103.46501922607422
2025-05-12,3231,緯創,108.5,109.5,107.5,108.5,26302068,104.91546630859375
2025-05-13,3231,緯創,111.0,111.5,108.0,108.5,35716748,104.91546630859375
2025-05-14,3231,緯創,110.5,115.0,110.0,114.5,77397262,110.71723937988281
2025-05-15,3231,緯創,114.0,114.5,111.0,111.5,35510726,107.81635284423828
2025-05-16,3231,緯創,112.0,112.5,110.5,111.0,23678587,107.33287048339844
2025-05-19,3231,緯創,111.0,112.5,109.0,109.0,29244441,105.3989486694336
2025-05-20,3231,緯創,110.5,111.5,109.0,109.5,15782772,105.88243103027344
2025-05-21,3231,緯創,110.5,115.0,110.0,113.0,54477359,109.26679992675781
2025-05-22,3231,緯創,112.0,113.5,111.5,113.0,20504743,109.26679992675781
2025-05-23,3231,緯創,113.5,113.5,111.0,113.0,23808005,109.26679992675781
2025-05-26,3231,緯創,113.0,116.0,112.5,116.0,47350409,112.16768646240234
2025-05-27,3231,緯創,116.0,116.0,114.0,115.0,24803487,111.20072174072266
2025-05-28,3231,緯創,117.0,117.5,114.5,115.5,21814654,111.6842041015625
2025-05-29,3231,緯創,117.5,119.0,115.5,116.5,63137549,112.65116882324219
2025-06-02,3231,緯創,115.5,116.5,114.5,115.0,34562231,111.20072174072266
2025-06-03,3231,緯創,112.0,112.5,109.0,109.5,55250319,109.5
2025-06-04,3231,緯創,111.5,114.5,111.5,114.0,38680139,114.0
2025-06-05,3231,緯創,120.0,120.5,115.0,115.0,71160049,115.0
2025-06-06,3231,緯創,111.5,112.0,109.5,110.0,92472321,110.0
2025-06-09,3231,緯創,110.5,114.0,109.5,113.5,61627998,113.5
2025-06-10,3231,緯創,113.5,114.5,112.5,114.5,44228642,114.5
2025-06-11,3231,緯創,115.0,115.5,114.0,115.0,33092467,115.0
2025-06-12,3231,緯創,114.0,117.0,113.5,116.5,41132382,116.5
2025-06-13,3231,緯創,116.0,119.0,115.5,118.5,57687616,118.5
2025-06-16,3231,緯創,118.5,119.0,117.5,119.0,23801471,119.0
2025-06-17,3231,緯創,119.5,120.5,117.0,118.0,39070565,118.0
2025-06-18,3231,緯創,118.0,118.5,115.5,116.0,33615354,116.0
2025-06-19,3231,緯創,116.0,118.0,115.5,115.5,24248101,115.5
2025-06-20,3231,緯創,117.0,119.5,115.5,118.5,63430485,118.5
2025-06-23,3231,緯創,116.5,119.0,116.0,118.5,35254305,118.5
2025-06-24,3231,緯創,119.5,121.0,119.0,120.0,49333107,120.0
2025-06-25,3231,緯創,122.5,126.5,121.5,125.5,120939052,125.5
2025-06-26,3231,緯創,127.0,127.0,123.5,125.0,60406496,125.0
2025-06-27,3231,緯創,125.0,125.5,120.5,121.0,59517201,121.0
2025-06-30,3231,緯創,122.5,123.0,121.0,122.5,28069895,122.5
2025-07-01,3231,緯創,122.5,123.5,119.0,120.0,49178660,120.0
2025-07-02,3231,緯創,120.0,121.0,119.5,120.0,18160191,120.0
2025-07-03,3231,緯創,121.5,122.0,120.0,121.0,19739158,121.0
2025-07-04,3231,緯創,121.5,122.0,119.0,119.0,35132361,119.0
2025-07-07,3231,緯創,119.0,119.0,116.5,118.0,23633810,118.0
2025-07-08,3231,緯創,117.5,119.0,116.0,118.5,30847938,118.5
2025-07-09,3231,緯創,120.5,121.0,119.0,120.5,37629629,120.5
2025-07-10,3231,緯創,121.0,121.5,119.5,120.0,18771927,120.0
2025-07-11,3231,緯創,120.0,120.0,119.0,119.5,15584448,119.5
2025-07-14,3231,緯創,118.5,118.5,116.5,117.0,21708610,117.0
2025-07-15,3231,緯創,117.5,120.0,117.5,120.0,22928487,120.0
2025-07-16,3231,緯創,120.0,120.5,117.5,118.0,31732315,118.0
2025-07-17,3231,緯創,118.5,119.5,117.5,118.0,18079163,118.0
2025-07-18,3231,緯創,119.0,119.5,118.0,119.0,19465871,119.0
2025-07-21,3231,緯創,119.5,119.5,118.0,118.5,12618515,118.5
2025-07-22,3231,緯創,118.0,119.0,113.5,114.5,45802843,114.5
2025-07-23,3231,緯創,115.5,116.5,114.5,116.0,20969612,116.0
2025-07-24,3231,緯創,116.5,118.0,116.0,117.0,27031747,117.0
2025-07-25,3231,緯創,117.0,118.0,115.5,116.5,18556795,116.5
2025-07-28,3231,緯創,117.0,120.0,117.0,120.0,32822641,120.0
2025-07-29,3231,緯創,120.0,120.5,118.0,120.5,30520102,120.5
2025-07-30,3231,緯創,121.0,121.0,119.0,120.5,22555815,120.5
2025-07-31,3231,緯創,121.0,124.5,120.5,123.0,57102901,123.0
2025-08-04,3231,緯創,121.5,122.0,119.0,119.5,28199826,119.5
2025-08-05,3231,緯創,121.5,124.0,121.0,124.0,40206211,124.0
2025-08-06,3231,緯創,123.0,124.0,121.5,122.5,20295093,122.5
2025-08-07,3231,緯創,124.0,124.0,122.5,123.5,26476327,123.5
2025-08-08,3231,緯創,124.0,124.5,122.5,124.5,33258135,124.5
2025-08-11,3231,緯創,126.0,128.0,123.0,127.5,68397383,127.5
2025-08-12,3231,緯創,127.5,127.5,124.5,126.0,37482389,126.0
2025-08-13,3231,緯創,124.0,124.0,117.0,117.5,168400507,117.5
2025-08-14,3231,緯創,117.5,118.0,115.5,116.5,57417736,116.5
2025-08-15,3231,緯創,117.5,118.0,116.0,116.5,48969639,116.5
2025-08-18,3231,緯創,117.0,117.5,114.5,116.0,40872757,116.0
2025-08-19,3231,緯創,116.0,117.5,115.0,115.5,29907899,115.5
2025-08-20,3231,緯創,115.0,115.5,113.0,113.5,34656856,113.5
2025-08-21,3231,緯創,114.0,115.0,111.0,111.5,47876784,111.5
2025-08-22,3231,緯創,112.0,114.0,111.5,112.0,24142461,112.0
2025-08-25,3231,緯創,114.0,114.5,113.0,113.5,27294562,113.5
2025-08-26,3231,緯創,113.5,113.5,112.0,113.0,20163237,113.0
2025-08-27,3231,緯創,113.5,116.0,113.5,115.0,33922785,115.0
2025-08-28,3231,緯創,114.5,116.0,113.5,115.0,19618647,115.0
2025-08-29,3231,緯創,115.5,116.0,113.0,113.0,17395255,113.0
2025-09-01,3231,緯創,112.0,112.5,109.0,109.5,31608575,109.5
2025-09-02,3231,緯創,110.0,111.5,109.0,110.0,17004205,110.0
2025-09-03,3231,緯創,110.0,111.0,109.5,110.0,9272486,110.0
2025-09-04,3231,緯創,111.5,116.5,111.0,113.0,48734979,113.0
2025-09-05,3231,緯創,114.5,115.5,113.0,115.5,19639855,115.5
2025-09-08,3231,緯創,115.5,116.0,114.5,114.5,11547169,114.5
2025-09-09,3231,緯創,115.5,118.0,114.5,116.0,33227632,116.0
2025-09-10,3231,緯創,117.5,120.0,117.0,120.0,53629176,120.0
2025-09-11,3231,緯創,122.0,122.5,118.5,119.0,51038839,119.0
2025-09-12,3231,緯創,120.5,121.5,119.5,120.0,25367358,120.0
2025-09-15,3231,緯創,121.0,121.0,118.5,119.5,20729218,119.5
2025-09-16,3231,緯創,120.0,120.0,117.5,118.0,31851525,118.0
2025-09-17,3231,緯創,118.0,122.0,118.0,119.0,29447928,119.0
2025-09-18,3231,緯創,119.5,120.0,118.5,120.0,24481119,120.0
2025-09-19,3231,緯創,120.5,121.5,119.5,121.0,42358406,121.0
2025-09-22,3231,緯創,121.5,122.0,120.5,121.5,18593251,121.5
2025-09-23,3231,緯創,122.5,126.0,122.0,122.5,76002779,122.5
2025-09-24,3231,緯創,123.5,124.0,120.0,121.5,28975019,121.5
2025-09-25,3231,緯創,122.0,127.5,121.5,125.5,100261498,125.5
2025-09-26,3231,緯創,125.5,130.0,122.0,128.0,120459418,128.0
2025-09-30,3231,緯創,135.0,140.5,134.5,140.5,108929876,140.5
2025-10-01,3231,緯創,146.0,153.5,144.0,146.0,282988689,146.0
2025-10-02,3231,緯創,154.5,156.0,148.5,149.5,120880021,149.5
2025-10-03,3231,緯創,149.5,154.0,148.0,153.5,86609939,153.5
2025-10-07,3231,緯創,157.0,158.0,152.0,156.0,91596690,156.0
2025-10-08,3231,緯創,152.5,152.5,147.5,150.5,78861975,150.5
2025-10-09,3231,緯創,153.5,154.0,147.5,151.0,65492842,151.0
2025-10-13,3231,緯創,142.5,148.0,142.0,145.5,70866522,145.5
2025-10-14,3231,緯創,148.5,149.5,137.5,138.0,75501420,138.0
2025-10-15,3231,緯創,139.0,140.5,136.5,138.0,37474501,138.0
2025-10-16,3231,緯創,139.0,141.5,137.5,139.5,57474007,139.5
2025-10-17,3231,緯創,136.0,138.0,135.0,136.5,64311022,136.5
2025-10-20,3231,緯創,139.5,144.5,139.0,142.0,65327706,142.0
2025-10-21,3231,緯創,146.5,146.5,142.0,142.5,62220259,142.5
2025-10-22,3231,緯創,141.0,144.0,140.5,143.5,30349780,143.5
2025-10-23,3231,緯創,142.0,148.0,141.5,143.0,52588800,143.0
2025-10-27,3231,緯創,146.5,147.5,144.0,146.5,58476994,146.5
2025-10-28,3231,緯創,146.0,150.0,144.5,148.0,51766116,148.0
2025-10-29,3231,緯創,149.0,153.0,148.0,152.5,67402853,152.5
2025-10-30,3231,緯創,154.0,156.5,151.0,155.0,75235906,155.0
2025-10-31,3231,緯創,155.5,155.5,149.0,150.5,58027715,150.5
2025-11-03,3231,緯創,150.0,150.0,142.5,143.5,79634870,143.5
2025-11-04,3231,緯創,143.0,145.0,139.0,139.0,52697378,139.0
2025-11-05,3231,緯創,136.0,138.5,132.0,137.5,75419156,137.5
2025-11-06,3231,緯創,138.5,142.5,137.0,142.0,42721390,142.0
2025-11-07,3231,緯創,139.5,141.5,137.0,137.5,38839175,137.5
2025-11-10,3231,緯創,139.0,141.0,137.0,138.5,38419835,138.5
2025-11-11,3231,緯創,141.0,148.0,140.5,144.5,83578817,144.5
2025-11-12,3231,緯創,142.0,142.0,138.0,139.0,87183883,139.0
2025-11-13,3231,緯創,142.0,148.0,141.5,144.0,84913855,144.0
2025-11-14,3231,緯創,141.0,143.0,139.5,140.5,54818005,140.5
2025-11-17,3231,緯創,142.5,143.0,137.0,138.0,50762784,138.0
2025-11-18,3231,緯創,138.0,140.5,136.0,137.0,40872359,137.0
2025-11-19,3231,緯創,137.5,140.0,136.0,137.0,33468386,137.0
2025-11-20,3231,緯創,142.5,145.0,141.0,143.0,50986086,143.0
2025-11-21,3231,緯創,139.5,140.5,137.5,139.0,39344178,139.0
2025-11-24,3231,緯創,140.5,141.0,137.5,139.0,33682141,139.0
2025-11-25,3231,緯創,141.5,142.5,139.0,139.5,20681188,139.5
2025-11-26,3231,緯創,141.0,143.0,140.5,142.5,27235555,142.5
2025-11-27,3231,緯創,144.0,146.0,143.0,145.5,41278594,145.5
2025-11-28,3231,緯創,146.0,146.0,140.5,144.5,42287054,144.5
2025-12-01,3231,緯創,143.5,144.0,141.0,141.0,22578213,141.0
2025-12-02,3231,緯創,141.5,146.0,141.0,143.0,45461765,143.0
2025-12-03,3231,緯創,144.5,147.0,144.0,145.0,41304913,145.0
2025-12-04,3231,緯創,146.0,146.5,144.0,146.0,30160182,146.0
2025-12-05,3231,緯創,146.0,153.0,145.5,151.0,85008744,151.0
2025-12-08,3231,緯創,151.0,152.0,147.5,149.0,38061637,149.0
2025-12-09,3231,緯創,153.5,154.0,149.5,149.5,94932438,149.5
2025-12-10,3231,緯創,150.0,150.5,146.5,147.5,42690066,147.5
2025-12-11,3231,緯創,148.5,150.0,144.0,144.0,44947032,144.0
2025-12-12,3231,緯創,145.0,146.0,142.5,143.5,23980922,143.5
2025-12-15,3231,緯創,141.0,143.5,140.5,141.5,34773100,141.5
2025-12-16,3231,緯創,141.0,141.0,138.0,139.0,31436186,139.0
2025-12-17,3231,緯創,140.0,140.5,138.0,138.0,24606335,138.0
2025-12-18,3231,緯創,138.5,141.0,138.0,139.5,22658847,139.5
2025-12-19,3231,緯創,141.5,144.0,141.0,144.0,31811623,144.0
2025-12-22,3231,緯創,146.0,148.0,144.5,146.5,41060014,146.5
2025-12-23,3231,緯創,146.5,147.0,145.0,145.0,21131302,145.0
2025-12-24,3231,緯創,146.5,148.0,145.5,145.5,27471963,145.5
2025-12-26,3231,緯創,146.0,146.5,145.5,146.5,13775314,146.5
2025-12-29,3231,緯創,146.5,148.0,145.0,146.0,21177407,146.0
2025-12-30,3231,緯創,146.0,147.0,143.5,147.0,23775242,147.0
2025-12-31,3231,緯創,148.0,151.0,147.0,150.5,52620220,150.5
2026-01-02,3231,緯創,152.0,155.5,149.5,155.0,90498843,155.0
2026-01-05,3231,緯創,157.0,158.0,153.5,155.0,56534317,155.0
2026-01-06,3231,緯創,155.0,155.5,152.5,154.5,33492977,154.5
2026-01-07,3231,緯創,155.5,161.0,155.5,158.5,76129144,158.5
2026-01-08,3231,緯創,159.5,160.0,149.0,151.0,71226115,151.0
2026-01-09,3231,緯創,150.5,153.0,148.0,149.0,52097183,149.0
2026-01-12,3231,緯創,150.5,151.0,146.0,146.0,44415872,146.0
2026-01-13,3231,緯創,147.5,148.0,143.5,143.5,33549092,143.5
2026-01-14,3231,緯創,144.5,148.0,144.0,146.0,31055514,146.0
2026-01-15,3231,緯創,146.0,146.0,143.0,143.5,28593265,143.5
2026-01-16,3231,緯創,145.5,145.5,143.5,145.0,33463880,145.0
2026-01-19,3231,緯創,143.0,143.5,138.0,138.5,114964070,138.5
2026-01-20,3231,緯創,138.0,139.0,136.0,136.0,59709472,136.0
2026-01-21,3231,緯創,135.0,137.5,133.5,133.5,56498317,133.5
2026-01-22,3231,緯創,135.5,137.0,134.0,135.5,45661404,135.5
2026-01-23,3231,緯創,137.5,138.5,135.5,136.5,33657672,136.5
2026-01-26,3231,緯創,137.0,138.0,135.5,136.5,28906035,136.5
2026-01-27,3231,緯創,137.5,138.5,134.5,134.5,39584385,134.5
2026-01-28,3231,緯創,136.0,137.5,134.0,134.5,36527068,134.5
2026-01-29,3231,緯創,135.0,135.5,132.0,132.5,35906191,132.5
2026-01-30,3231,緯創,132.0,132.0,130.0,130.5,34826912,130.5
2026-02-02,3231,緯創,129.0,130.0,127.0,128.0,28718948,128.0
2026-02-03,3231,緯創,130.5,131.5,128.0,128.5,25732576,128.5
2026-02-04,3231,緯創,127.0,130.0,126.0,129.0,21697190,129.0
2026-02-05,3231,緯創,128.5,133.0,127.5,127.5,32310459,127.5
2026-02-06,3231,緯創,128.0,130.5,125.0,129.0,29262703,129.0
2026-02-09,3231,緯創,133.0,133.5,131.0,131.0,27824631,131.0
2026-02-10,3231,緯創,132.0,132.0,129.5,129.5,22968220,129.5
2026-02-11,3231,緯創,130.5,131.5,129.5,131.5,29043873,131.5
2026-02-23,3231,緯創,130.5,132.0,128.5,129.5,42787673,129.5
2026-02-24,3231,緯創,130.0,131.5,129.0,131.0,25830553,131.0
2026-02-25,3231,緯創,132.5,139.5,132.5,138.0,86034196,138.0
2026-02-26,3231,緯創,139.0,139.0,134.5,136.0,55121686,136.0
2026-03-02,3231,緯創,131.5,136.0,131.0,135.0,30332716,135.0
2026-03-03,3231,緯創,134.0,136.5,131.0,131.5,36750883,131.5
2026-03-04,3231,緯創,130.0,131.0,125.0,125.0,55433899,125.0
2026-03-05,3231,緯創,128.0,131.0,128.0,128.5,35462422,128.5
2026-03-06,3231,緯創,127.5,131.0,127.0,130.5,21838158,130.5
2026-03-09,3231,緯創,125.5,127.5,123.5,127.5,42075721,127.5
2026-03-10,3231,緯創,131.0,132.0,127.5,129.0,29175604,129.0
2026-03-11,3231,緯創,131.5,134.0,131.0,133.0,35914667,133.0
2026-03-12,3231,緯創,132.0,134.0,131.0,132.5,21767619,132.5
2026-03-13,3231,緯創,131.0,135.0,130.0,134.0,33262555,134.0
2026-03-16,3231,緯創,135.5,137.5,134.5,135.0,42124952,135.0
2026-03-17,3231,緯創,137.0,137.0,132.5,134.0,38755175,134.0
2026-03-18,3231,緯創,135.0,135.5,130.0,130.5,44790446,130.5
2026-03-19,3231,緯創,129.5,130.0,127.0,127.5,34300552,127.5
2026-03-20,3231,緯創,128.5,133.5,126.5,130.0,64581050,130.0
2026-03-23,3231,緯創,127.5,128.5,125.0,125.5,31453986,125.5
2026-03-24,3231,緯創,128.0,131.0,126.0,129.0,33369953,129.0
2026-03-25,3231,緯創,132.0,132.0,127.5,128.0,34295698,128.0
2026-03-26,3231,緯創,128.5,129.0,127.0,127.0,23614650,127.0
2026-03-27,3231,緯創,126.0,127.5,125.5,127.0,17401712,127.0
2026-03-30,3231,緯創,125.0,127.0,124.0,125.5,20628413,125.5
2026-03-31,3231,緯創,125.0,126.0,122.5,122.5,35604116,122.5
2026-04-01,3231,緯創,126.0,127.5,125.0,127.0,20883677,127.0
2026-04-02,3231,緯創,127.0,128.0,124.0,125.0,15442098,125.0
2026-04-07,3231,緯創,124.5,125.0,123.0,123.5,19333814,123.5
2026-04-08,3231,緯創,126.5,131.0,126.5,131.0,40051640,131.0
2026-04-09,3231,緯創,132.0,132.5,130.0,132.5,37014831,132.5
2026-04-10,3231,緯創,134.0,136.5,133.0,135.0,41318353,135.0
2026-04-13,3231,緯創,135.0,136.5,132.5,134.5,26649173,134.5
2026-04-14,3231,緯創,137.0,139.0,136.0,136.5,38219552,136.5
2026-04-15,3231,緯創,137.5,138.0,132.0,133.0,38851913,133.0
2026-04-16,3231,緯創,134.0,135.5,131.5,134.0,35135274,134.0
2026-04-17,3231,緯創,133.0,137.0,132.5,136.5,36436743,136.5
2026-04-20,3231,緯創,137.0,141.0,135.5,140.5,77994003,140.5
2026-04-21,3231,緯創,142.0,145.5,141.5,144.5,85081208,144.5
2026-04-22,3231,緯創,145.0,145.5,143.0,144.0,49576390,144.0
2026-04-23,3231,緯創,145.0,146.0,135.0,139.5,62304278,139.5
2026-04-24,3231,緯創,140.5,141.5,138.0,141.5,40287344,141.5
2026-04-27,3231,緯創,143.0,144.0,141.0,142.5,37839401,142.5
2026-04-28,3231,緯創,143.5,144.5,140.0,140.5,27271123,140.5
2026-04-29,3231,緯創,139.0,140.5,136.5,140.5,23062136,140.5
2026-04-30,3231,緯創,139.5,140.5,136.0,137.0,26385585,137.0
2026-05-04,3231,緯創,138.5,141.0,138.0,140.5,23062412,140.5
2026-05-05,3231,緯創,140.5,142.5,139.0,142.0,24503918,142.0
2026-05-06,3231,緯創,143.5,146.5,142.5,146.5,70542921,146.5
2026-05-07,3231,緯創,148.5,149.0,143.5,146.0,42737489,146.0
2026-05-08,3231,緯創,146.0,149.0,143.5,146.5,43633331,146.5
2026-05-11,3231,緯創,147.0,147.0,138.0,139.0,112226942,139.0
2026-05-12,3231,緯創,139.0,143.0,135.5,141.5,75040165,141.5
2026-05-13,3231,緯創,139.0,141.5,138.0,140.5,26537220,140.5
2026-05-14,3231,緯創,140.5,141.5,138.0,138.0,41736771,138.0
2026-05-15,3231,緯創,139.5,144.0,135.0,135.5,66309559,135.5
2026-05-18,3231,緯創,135.0,136.5,132.0,135.5,28704356,135.5
2026-05-19,3231,緯創,135.5,136.0,132.5,132.5,25085203,132.5
2026-05-20,3231,緯創,134.0,135.5,132.0,132.5,20589667,132.5
2024-06-19,3324,雙鴻,760.0,768.0,747.0,759.0,6223000,741.0059814453125
2024-06-20,3324,雙鴻,760.0,798.0,759.0,792.0,6001000,773.2236328125
2024-06-21,3324,雙鴻,782.0,782.0,753.0,763.0,5749000,744.9111938476562
2024-06-24,3324,雙鴻,751.0,774.0,743.0,770.0,4492000,751.7452392578125
2024-06-25,3324,雙鴻,758.0,760.0,739.0,753.0,4845000,735.1482543945312
2024-06-26,3324,雙鴻,772.0,798.0,770.0,792.0,7628000,773.2236328125
2024-06-27,3324,雙鴻,780.0,800.0,777.0,777.0,5423000,758.5792846679688
2024-06-28,3324,雙鴻,796.0,808.0,786.0,807.0,6701000,787.8680419921875
2024-07-01,3324,雙鴻,820.0,838.0,813.0,815.0,7117000,795.6783447265625
2024-07-02,3324,雙鴻,815.0,840.0,807.0,840.0,6348000,820.085693359375
2024-07-03,3324,雙鴻,857.0,885.0,854.0,861.0,9519000,840.5878295898438
2024-07-04,3324,雙鴻,879.0,880.0,855.0,875.0,5171000,854.2559204101562
2024-07-05,3324,雙鴻,881.0,891.0,866.0,890.0,5645000,868.9003295898438
2024-07-08,3324,雙鴻,895.0,895.0,840.0,841.0,5851000,821.0619506835938
2024-07-09,3324,雙鴻,857.0,863.0,803.0,825.0,9383000,805.4412841796875
2024-07-10,3324,雙鴻,832.0,848.0,824.0,844.0,4513000,823.9908447265625
2024-07-11,3324,雙鴻,855.0,855.0,796.0,796.0,7685000,777.1288452148438
2024-07-12,3324,雙鴻,779.0,800.0,761.0,763.0,7941000,744.9111938476562
2024-07-15,3324,雙鴻,775.0,780.0,761.0,774.0,3833000,755.650390625
2024-07-16,3324,雙鴻,774.0,774.0,736.0,738.0,6794000,720.50390625
2024-07-17,3324,雙鴻,739.0,756.0,733.0,752.0,4792000,734.1719360351562
2024-07-18,3324,雙鴻,731.0,756.0,721.0,753.0,3921000,735.1482543945312
2024-07-19,3324,雙鴻,756.0,774.0,748.0,755.0,4654000,737.100830078125
2024-07-22,3324,雙鴻,775.0,777.0,705.0,705.0,8814000,688.2862548828125
2024-07-23,3324,雙鴻,733.0,762.0,724.0,760.0,5862000,741.9822998046875
2024-07-26,3324,雙鴻,724.0,746.0,708.0,708.0,4161000,691.215087890625
2024-07-29,3324,雙鴻,732.0,732.0,657.0,657.0,5742000,641.4241333007812
2024-07-30,3324,雙鴻,657.0,680.0,652.0,671.0,5202000,661.4835205078125
2024-07-31,3324,雙鴻,665.0,697.0,659.0,670.0,3774000,660.4977416992188
2024-08-01,3324,雙鴻,710.0,711.0,661.0,668.0,5723000,658.5260620117188
2024-08-02,3324,雙鴻,602.0,630.0,602.0,602.0,7571000,593.462158203125
2024-08-05,3324,雙鴻,549.0,562.0,542.0,542.0,5128000,534.3131103515625
2024-08-06,3324,雙鴻,555.0,558.0,488.0,514.0,11306000,506.710205078125
2024-08-07,3324,雙鴻,520.0,556.0,515.0,545.0,6745000,537.2705078125
2024-08-08,3324,雙鴻,529.0,531.0,502.0,510.0,6225000,502.76690673828125
2024-08-09,3324,雙鴻,535.0,555.0,532.0,532.0,6942000,524.4548950195312
2024-08-12,3324,雙鴻,575.0,585.0,564.0,585.0,4425000,576.7032470703125
2024-08-13,3324,雙鴻,608.0,617.0,581.0,585.0,12529000,576.7032470703125
2024-08-14,3324,雙鴻,605.0,612.0,592.0,603.0,6785000,594.4479370117188
2024-08-15,3324,雙鴻,606.0,618.0,597.0,600.0,5624000,591.490478515625
2024-08-16,3324,雙鴻,617.0,626.0,610.0,617.0,7122000,608.2493896484375
2024-08-19,3324,雙鴻,620.0,622.0,608.0,621.0,4098000,612.1926879882812
2024-08-20,3324,雙鴻,630.0,631.0,619.0,624.0,3698000,615.1500854492188
2024-08-21,3324,雙鴻,617.0,632.0,612.0,625.0,3160000,616.1359252929688
2024-08-22,3324,雙鴻,627.0,634.0,617.0,618.0,3892000,609.2352294921875
2024-08-23,3324,雙鴻,609.0,628.0,603.0,628.0,2951000,619.0933837890625
2024-08-26,3324,雙鴻,638.0,658.0,628.0,628.0,6238000,619.0933837890625
2024-08-27,3324,雙鴻,628.0,642.0,624.0,639.0,2609000,629.9373779296875
2024-08-28,3324,雙鴻,641.0,644.0,625.0,636.0,3467000,626.9799194335938
2024-08-29,3324,雙鴻,615.0,624.0,613.0,615.0,4055000,606.2777709960938
2024-08-30,3324,雙鴻,615.0,629.0,615.0,615.0,3700000,606.2777709960938
2024-09-02,3324,雙鴻,626.0,627.0,589.0,598.0,4070000,589.5188598632812
2024-09-03,3324,雙鴻,592.0,615.0,589.0,600.0,4651000,591.490478515625
2024-09-04,3324,雙鴻,565.0,575.0,546.0,550.0,4598000,542.1996459960938
2024-09-05,3324,雙鴻,553.0,580.0,547.0,578.0,5260000,569.802490234375
2024-09-06,3324,雙鴻,577.0,580.0,563.0,565.0,3697000,556.9868774414062
2024-09-09,3324,雙鴻,550.0,597.0,547.0,594.0,4515000,585.5755615234375
2024-09-10,3324,雙鴻,596.0,602.0,551.0,559.0,5583000,551.0719604492188
2024-09-11,3324,雙鴻,565.0,577.0,558.0,570.0,3066000,561.9159545898438
2024-09-12,3324,雙鴻,599.0,625.0,595.0,621.0,6536000,612.1926879882812
2024-09-13,3324,雙鴻,625.0,626.0,607.0,615.0,3471000,606.2777709960938
2024-09-16,3324,雙鴻,615.0,618.0,605.0,611.0,1721000,602.33447265625
2024-09-18,3324,雙鴻,618.0,625.0,592.0,601.0,3677000,592.476318359375
2024-09-19,3324,雙鴻,607.0,636.0,607.0,634.0,5444000,625.00830078125
2024-09-20,3324,雙鴻,648.0,653.0,630.0,634.0,5416000,625.00830078125
2024-09-23,3324,雙鴻,645.0,652.0,635.0,638.0,4249000,628.9515380859375
2024-09-24,3324,雙鴻,635.0,645.0,630.0,639.0,2345000,629.9373779296875
2024-09-25,3324,雙鴻,644.0,658.0,639.0,646.0,5269000,636.8380737304688
2024-09-26,3324,雙鴻,656.0,710.0,651.0,707.0,11802000,696.9729614257812
2024-09-27,3324,雙鴻,710.0,717.0,683.0,693.0,11163000,683.1715087890625
2024-09-30,3324,雙鴻,688.0,693.0,670.0,672.0,5101000,662.4693603515625
2024-10-01,3324,雙鴻,675.0,691.0,675.0,691.0,3920000,681.1998901367188
2024-10-04,3324,雙鴻,697.0,708.0,691.0,706.0,4688000,695.9871215820312
2024-10-07,3324,雙鴻,717.0,719.0,703.0,709.0,3487000,698.944580078125
2024-10-08,3324,雙鴻,714.0,732.0,709.0,728.0,5019000,717.6751098632812
2024-10-09,3324,雙鴻,730.0,735.0,701.0,703.0,4351000,693.0297241210938
2024-10-11,3324,雙鴻,709.0,738.0,709.0,732.0,4995000,721.618408203125
2024-10-14,3324,雙鴻,727.0,745.0,723.0,732.0,4439000,721.618408203125
2024-10-15,3324,雙鴻,735.0,755.0,735.0,751.0,5603000,740.3489379882812
2024-10-16,3324,雙鴻,735.0,745.0,726.0,739.0,3470000,728.5191040039062
2024-10-17,3324,雙鴻,745.0,747.0,730.0,735.0,2562000,724.5758666992188
2024-10-18,3324,雙鴻,743.0,758.0,734.0,740.0,4593000,729.5049438476562
2024-10-21,3324,雙鴻,742.0,754.0,737.0,737.0,2720000,726.5474853515625
2024-10-22,3324,雙鴻,737.0,740.0,721.0,723.0,3051000,712.7460327148438
2024-10-23,3324,雙鴻,721.0,733.0,719.0,722.0,1554000,711.76025390625
2024-10-24,3324,雙鴻,720.0,722.0,688.0,692.0,3806000,682.1857299804688
2024-10-25,3324,雙鴻,693.0,697.0,681.0,695.0,2384000,685.1431274414062
2024-10-28,3324,雙鴻,698.0,700.0,667.0,672.0,3029000,662.4693603515625
2024-10-29,3324,雙鴻,670.0,671.0,651.0,652.0,2544000,642.7529907226562
2024-10-30,3324,雙鴻,662.0,681.0,654.0,670.0,3720000,660.4977416992188
2024-11-01,3324,雙鴻,620.0,639.0,605.0,613.0,9534000,604.30615234375
2024-11-04,3324,雙鴻,590.0,607.0,587.0,600.0,7441000,591.490478515625
2024-11-05,3324,雙鴻,596.0,643.0,596.0,636.0,5625000,626.9799194335938
2024-11-06,3324,雙鴻,640.0,666.0,630.0,660.0,8705000,650.6395263671875
2024-11-07,3324,雙鴻,654.0,674.0,645.0,650.0,5619000,640.7813720703125
2024-11-08,3324,雙鴻,660.0,687.0,653.0,681.0,8539000,671.3417358398438
2024-11-11,3324,雙鴻,672.0,682.0,662.0,665.0,4061000,655.568603515625
2024-11-12,3324,雙鴻,658.0,661.0,635.0,635.0,3787000,625.9940795898438
2024-11-13,3324,雙鴻,645.0,654.0,637.0,637.0,2897000,627.9657592773438
2024-11-14,3324,雙鴻,687.0,700.0,670.0,700.0,11864000,690.072265625
2024-11-15,3324,雙鴻,700.0,701.0,663.0,663.0,8280000,653.5969848632812
2024-11-18,3324,雙鴻,661.0,668.0,645.0,648.0,3220000,638.8097534179688
2024-11-19,3324,雙鴻,669.0,695.0,661.0,689.0,5778000,679.228271484375
2024-11-20,3324,雙鴻,698.0,712.0,692.0,694.0,6642054,684.1573486328125
2024-11-21,3324,雙鴻,694.0,708.0,685.0,685.0,3823000,675.2849731445312
2024-11-22,3324,雙鴻,696.0,707.0,692.0,693.0,3708000,683.1715087890625
2024-11-25,3324,雙鴻,698.0,705.0,692.0,696.0,2129000,686.1289672851562
2024-11-26,3324,雙鴻,685.0,695.0,678.0,683.0,2964000,673.3133544921875
2024-11-27,3324,雙鴻,686.0,689.0,665.0,666.0,2486000,656.554443359375
2024-11-28,3324,雙鴻,670.0,674.0,651.0,674.0,2229000,664.4409790039062
2024-11-29,3324,雙鴻,666.0,685.0,666.0,682.0,1932000,672.3275146484375
2024-12-02,3324,雙鴻,686.0,708.0,684.0,706.0,4409000,695.9871215820312
2024-12-03,3324,雙鴻,725.0,735.0,716.0,725.0,5604000,714.7176513671875
2024-12-04,3324,雙鴻,725.0,729.0,716.0,718.0,3260000,707.8169555664062
2024-12-05,3324,雙鴻,724.0,729.0,716.0,716.0,2587000,705.8453369140625
2024-12-06,3324,雙鴻,718.0,734.0,712.0,714.0,2534000,703.8737182617188
2024-12-09,3324,雙鴻,713.0,723.0,701.0,716.0,2439000,705.8453369140625
2024-12-10,3324,雙鴻,712.0,712.0,689.0,694.0,3037000,684.1573486328125
2024-12-11,3324,雙鴻,691.0,708.0,691.0,699.0,2232000,689.08642578125
2024-12-12,3324,雙鴻,707.0,721.0,698.0,701.0,2381000,691.0580444335938
2024-12-13,3324,雙鴻,695.0,704.0,685.0,690.0,2026000,680.2140502929688
2024-12-16,3324,雙鴻,694.0,698.0,654.0,654.0,3903000,644.724609375
2024-12-17,3324,雙鴻,654.0,665.0,654.0,662.0,2159000,652.6112060546875
2024-12-18,3324,雙鴻,659.0,662.0,638.0,661.0,2957000,651.6253662109375
2024-12-19,3324,雙鴻,642.0,666.0,641.0,666.0,2202000,656.554443359375
2024-12-20,3324,雙鴻,668.0,672.0,651.0,651.0,2003000,641.7672119140625
2024-12-23,3324,雙鴻,667.0,680.0,657.0,673.0,2241000,663.4552001953125
2024-12-24,3324,雙鴻,678.0,678.0,663.0,664.0,1446000,654.5828247070312
2024-12-25,3324,雙鴻,669.0,676.0,667.0,670.0,1092000,660.4977416992188
2024-12-26,3324,雙鴻,673.0,698.0,665.0,698.0,3509000,688.1005859375
2024-12-27,3324,雙鴻,698.0,698.0,684.0,690.0,1424000,680.2140502929688
2024-12-30,3324,雙鴻,684.0,695.0,683.0,685.0,1069000,675.2849731445312
2024-12-31,3324,雙鴻,686.0,689.0,668.0,672.0,1491000,662.4693603515625
2025-01-02,3324,雙鴻,669.0,691.0,667.0,670.0,2246000,660.4977416992188
2025-01-03,3324,雙鴻,678.0,682.0,659.0,666.0,1796000,656.554443359375
2025-01-06,3324,雙鴻,678.0,694.0,677.0,687.0,2815000,677.256591796875
2025-01-07,3324,雙鴻,699.0,713.0,696.0,707.0,3805000,696.9729614257812
2025-01-08,3324,雙鴻,697.0,699.0,684.0,686.0,2092000,676.2708129882812
2025-01-09,3324,雙鴻,685.0,698.0,657.0,658.0,3288000,648.6679077148438
2025-01-10,3324,雙鴻,660.0,660.0,630.0,637.0,3414000,627.9657592773438
2025-01-13,3324,雙鴻,631.0,636.0,604.0,625.0,2786000,616.1359252929688
2025-01-14,3324,雙鴻,625.0,640.0,621.0,640.0,2069000,630.9232177734375
2025-01-15,3324,雙鴻,636.0,638.0,610.0,611.0,2306000,602.33447265625
2025-01-16,3324,雙鴻,634.0,638.0,617.0,622.0,2299000,613.178466796875
2025-01-17,3324,雙鴻,626.0,635.0,614.0,632.0,2077000,623.0366821289062
2025-01-20,3324,雙鴻,628.0,649.0,626.0,640.0,2364000,630.9232177734375
2025-01-21,3324,雙鴻,634.0,637.0,623.0,625.0,1700000,616.1359252929688
2025-01-22,3324,雙鴻,635.0,641.0,633.0,634.0,1630000,625.00830078125
2025-02-03,3324,雙鴻,573.0,582.0,571.0,571.0,2731200,562.9017944335938
2025-02-04,3324,雙鴻,570.0,575.0,540.0,556.0,3994485,548.114501953125
2025-02-05,3324,雙鴻,565.0,584.0,565.0,571.0,2643186,562.9017944335938
2025-02-06,3324,雙鴻,580.0,584.0,571.0,579.0,1950987,570.788330078125
2025-02-07,3324,雙鴻,582.0,596.0,574.0,591.0,1813391,582.6181640625
2025-02-10,3324,雙鴻,579.0,587.0,572.0,587.0,1590630,578.6748657226562
2025-02-11,3324,雙鴻,595.0,609.0,590.0,594.0,1989627,585.5755615234375
2025-02-12,3324,雙鴻,598.0,630.0,598.0,610.0,3317792,601.3486938476562
2025-02-13,3324,雙鴻,605.0,615.0,605.0,611.0,1729295,602.33447265625
2025-02-14,3324,雙鴻,613.0,635.0,604.0,629.0,2436148,620.0792236328125
2025-02-17,3324,雙鴻,638.0,646.0,634.0,640.0,1879290,630.9232177734375
2025-02-18,3324,雙鴻,640.0,648.0,631.0,643.0,1817586,633.8806762695312
2025-02-19,3324,雙鴻,645.0,652.0,640.0,652.0,2650504,642.7529907226562
2025-02-20,3324,雙鴻,643.0,660.0,640.0,660.0,2097127,650.6395263671875
2025-02-21,3324,雙鴻,652.0,658.0,647.0,648.0,995086,638.8097534179688
2025-02-24,3324,雙鴻,647.0,659.0,639.0,645.0,1722146,635.852294921875
2025-02-25,3324,雙鴻,635.0,638.0,616.0,637.0,2821744,627.9657592773438
2025-02-26,3324,雙鴻,636.0,695.0,634.0,695.0,5552650,685.1431274414062
2025-02-27,3324,雙鴻,694.0,696.0,666.0,689.0,4929528,679.228271484375
2025-03-03,3324,雙鴻,675.0,686.0,668.0,671.0,2270458,661.4835205078125
2025-03-04,3324,雙鴻,642.0,665.0,630.0,660.0,4102185,650.6395263671875
2025-03-05,3324,雙鴻,668.0,684.0,660.0,661.0,5020737,651.6253662109375
2025-03-06,3324,雙鴻,668.0,693.0,664.0,680.0,4998957,670.3558959960938
2025-03-07,3324,雙鴻,665.0,674.0,654.0,660.0,2673361,650.6395263671875
2025-03-10,3324,雙鴻,669.0,677.0,663.0,669.0,2431197,659.5119018554688
2025-03-11,3324,雙鴻,650.0,658.0,637.0,646.0,3021115,636.8380737304688
2025-03-12,3324,雙鴻,653.0,668.0,628.0,630.0,3146685,621.0650024414062
2025-03-13,3324,雙鴻,646.0,650.0,616.0,619.0,2827407,610.2210083007812
2025-03-14,3324,雙鴻,625.0,635.0,613.0,619.0,2245086,610.2210083007812
2025-03-17,3324,雙鴻,630.0,636.0,616.0,616.0,1243507,607.2635498046875
2025-03-18,3324,雙鴻,625.0,629.0,619.0,620.0,1129144,611.2068481445312
2025-03-19,3324,雙鴻,624.0,624.0,587.0,588.0,3080559,579.6607055664062
2025-03-20,3324,雙鴻,597.0,639.0,597.0,636.0,5665673,626.9799194335938
2025-03-21,3324,雙鴻,636.0,637.0,623.0,633.0,2112712,624.0224609375
2025-03-24,3324,雙鴻,637.0,642.0,612.0,612.0,1860669,603.3203125
2025-03-25,3324,雙鴻,626.0,627.0,610.0,610.0,2012851,601.3486938476562
2025-03-26,3324,雙鴻,612.0,617.0,601.0,606.0,1637578,597.4053955078125
2025-03-27,3324,雙鴻,595.0,611.0,582.0,611.0,2729199,602.33447265625
2025-03-28,3324,雙鴻,599.0,603.0,586.0,588.0,2612541,579.6607055664062
2025-03-31,3324,雙鴻,560.0,564.0,530.0,530.0,4202457,522.4832763671875
2025-04-01,3324,雙鴻,535.0,540.0,527.0,535.0,3137758,527.412353515625
2025-04-02,3324,雙鴻,541.0,551.0,534.0,544.0,2171137,536.2847290039062
2025-04-07,3324,雙鴻,490.0,490.0,490.0,490.0,160469,483.0505676269531
2025-04-08,3324,雙鴻,441.0,441.0,441.0,441.0,1558748,434.7455139160156
2025-04-09,3324,雙鴻,398.0,413.5,397.0,397.0,2890408,391.3695373535156
2025-04-10,3324,雙鴻,436.5,436.5,436.5,436.5,1055032,430.309326171875
2025-04-11,3324,雙鴻,412.0,479.0,395.0,479.0,7026642,472.2065734863281
2025-04-14,3324,雙鴻,500.0,515.0,479.5,486.0,5474156,479.1072998046875
2025-04-15,3324,雙鴻,488.0,517.0,484.0,511.0,4540131,503.75274658203125
2025-04-16,3324,雙鴻,497.0,504.0,460.0,460.0,6413315,453.4760437011719
2025-04-17,3324,雙鴻,439.5,474.5,430.0,467.5,10160314,460.86968994140625
2025-04-18,3324,雙鴻,468.5,484.0,459.5,482.5,5116082,475.6569519042969
2025-04-21,3324,雙鴻,471.5,477.0,454.5,454.5,4326782,448.0540466308594
2025-04-22,3324,雙鴻,445.0,461.0,440.5,442.5,4672767,436.2242431640625
2025-04-23,3324,雙鴻,462.0,471.0,451.5,461.5,4986331,454.95477294921875
2025-04-24,3324,雙鴻,465.0,466.0,448.0,465.5,6350360,458.8980407714844
2025-04-25,3324,雙鴻,495.0,510.0,490.0,502.0,5645212,494.88037109375
2025-04-28,3324,雙鴻,508.0,521.0,499.5,506.0,5758819,498.8236389160156
2025-04-29,3324,雙鴻,505.0,510.0,502.0,510.0,1884098,502.76690673828125
2025-04-30,3324,雙鴻,498.5,502.0,486.5,487.0,4810512,480.0931091308594
2025-05-02,3324,雙鴻,506.0,518.0,499.0,512.0,6146446,504.7385559082031
2025-05-05,3324,雙鴻,514.0,517.0,486.5,495.0,4635629,487.9796447753906
2025-05-06,3324,雙鴻,488.5,508.0,488.5,506.0,2674004,498.8236389160156
2025-05-07,3324,雙鴻,525.0,526.0,504.0,510.0,5947820,502.76690673828125
2025-05-08,3324,雙鴻,510.0,522.0,510.0,520.0,3284017,512.6251220703125
2025-05-09,3324,雙鴻,525.0,532.0,517.0,522.0,3575223,514.5967407226562
2025-05-12,3324,雙鴻,527.0,533.0,524.0,533.0,2643139,525.4407348632812
2025-05-13,3324,雙鴻,551.0,556.0,538.0,545.0,3036498,537.2705078125
2025-05-14,3324,雙鴻,560.0,591.0,560.0,581.0,6980296,572.7599487304688
2025-05-15,3324,雙鴻,585.0,585.0,571.0,571.0,2692273,562.9017944335938
2025-05-16,3324,雙鴻,575.0,581.0,568.0,572.0,2277575,563.8876342773438
2025-05-19,3324,雙鴻,573.0,578.0,560.0,560.0,2319537,552.0578002929688
2025-05-20,3324,雙鴻,573.0,575.0,561.0,565.0,1706437,556.9868774414062
2025-05-21,3324,雙鴻,570.0,578.0,568.0,575.0,2579675,566.8450317382812
2025-05-22,3324,雙鴻,568.0,572.0,564.0,568.0,1209731,559.9443359375
2025-05-23,3324,雙鴻,576.0,578.0,562.0,567.0,589653,558.95849609375
2025-05-26,3324,雙鴻,567.0,572.0,561.0,561.0,870800,553.0436401367188
2025-05-27,3324,雙鴻,565.0,567.0,555.0,561.0,835235,553.0436401367188
2025-05-28,3324,雙鴻,573.0,575.0,558.0,564.0,1291140,556.0010375976562
2025-05-29,3324,雙鴻,572.0,573.0,567.0,570.0,1415450,561.9159545898438
2025-06-02,3324,雙鴻,562.0,564.0,551.0,564.0,1569522,556.0010375976562
2025-06-03,3324,雙鴻,570.0,594.0,570.0,581.0,4765749,572.7599487304688
2025-06-04,3324,雙鴻,598.0,609.0,595.0,606.0,4507658,597.4053955078125
2025-06-05,3324,雙鴻,602.0,612.0,598.0,608.0,2126356,599.3770141601562
2025-06-06,3324,雙鴻,612.0,612.0,604.0,609.0,1293390,600.3628540039062
2025-06-09,3324,雙鴻,597.0,605.0,597.0,603.0,2416697,594.4479370117188
2025-06-10,3324,雙鴻,605.0,613.0,603.0,613.0,1834965,604.30615234375
2025-06-11,3324,雙鴻,620.0,640.0,617.0,631.0,2675990,622.0508422851562
2025-06-12,3324,雙鴻,634.0,694.0,631.0,694.0,7115080,684.1573486328125
2025-06-13,3324,雙鴻,694.0,725.0,688.0,705.0,9663379,695.0013427734375
2025-06-16,3324,雙鴻,701.0,714.0,689.0,689.0,4863667,689.0
2025-06-17,3324,雙鴻,698.0,703.0,674.0,675.0,3512527,675.0
2025-06-18,3324,雙鴻,680.0,688.0,652.0,653.0,3830919,653.0
2025-06-19,3324,雙鴻,657.0,659.0,640.0,640.0,2768477,640.0
2025-06-20,3324,雙鴻,640.0,646.0,623.0,634.0,2568764,634.0
2025-06-23,3324,雙鴻,624.0,640.0,622.0,639.0,1859358,639.0
2025-06-24,3324,雙鴻,649.0,651.0,637.0,643.0,2045433,643.0
2025-06-25,3324,雙鴻,652.0,679.0,651.0,664.0,4242256,664.0
2025-06-26,3324,雙鴻,670.0,674.0,642.0,652.0,2628043,652.0
2025-06-27,3324,雙鴻,657.0,657.0,644.0,650.0,1381343,650.0
2025-06-30,3324,雙鴻,653.0,656.0,641.0,641.0,1337464,641.0
2025-07-01,3324,雙鴻,650.0,655.0,643.0,643.0,1732799,643.0
2025-07-02,3324,雙鴻,642.0,659.0,642.0,642.0,2611627,642.0
2025-07-03,3324,雙鴻,650.0,654.0,647.0,648.0,1780900,648.0
2025-07-04,3324,雙鴻,656.0,659.0,635.0,637.0,1932293,637.0
2025-07-07,3324,雙鴻,635.0,639.0,621.0,635.0,1536564,635.0
2025-07-08,3324,雙鴻,630.0,639.0,623.0,638.0,1934225,638.0
2025-07-09,3324,雙鴻,637.0,645.0,631.0,633.0,2051541,633.0
2025-07-10,3324,雙鴻,640.0,654.0,640.0,645.0,2647056,645.0
2025-07-11,3324,雙鴻,642.0,648.0,636.0,640.0,1944531,640.0
2025-07-14,3324,雙鴻,637.0,645.0,634.0,640.0,1151242,640.0
2025-07-15,3324,雙鴻,640.0,696.0,633.0,694.0,8375779,694.0
2025-07-16,3324,雙鴻,713.0,715.0,682.0,683.0,6848971,683.0
2025-07-17,3324,雙鴻,695.0,702.0,678.0,687.0,3535173,687.0
2025-07-18,3324,雙鴻,695.0,702.0,687.0,697.0,3066309,697.0
2025-07-21,3324,雙鴻,712.0,713.0,684.0,692.0,5270509,692.0
2025-07-22,3324,雙鴻,690.0,695.0,646.0,649.0,4424944,649.0
2025-07-23,3324,雙鴻,660.0,663.0,646.0,648.0,2082211,648.0
2025-07-24,3324,雙鴻,655.0,655.0,643.0,643.0,1892138,643.0
2025-07-25,3324,雙鴻,650.0,655.0,640.0,640.0,2046245,640.0
2025-07-28,3324,雙鴻,650.0,656.0,642.0,653.0,1803369,653.0
2025-07-29,3324,雙鴻,655.0,656.0,646.0,651.0,1359737,651.0
2025-07-30,3324,雙鴻,654.0,660.0,638.0,643.0,1705175,643.0
2025-07-31,3324,雙鴻,649.0,675.0,648.0,674.0,3965192,674.0
2025-08-04,3324,雙鴻,670.0,679.0,662.0,667.0,1754599,667.0
2025-08-05,3324,雙鴻,684.0,693.0,667.0,669.0,3777204,669.0
2025-08-06,3324,雙鴻,673.0,694.0,671.0,694.0,4339402,694.0
2025-08-07,3324,雙鴻,705.0,710.0,694.0,704.0,5194424,704.0
2025-08-08,3324,雙鴻,714.0,755.0,711.0,743.0,10988654,743.0
2025-08-11,3324,雙鴻,700.0,709.0,691.0,706.0,8443454,706.0
2025-08-12,3324,雙鴻,710.0,715.0,692.0,694.0,3711765,694.0
2025-08-13,3324,雙鴻,706.0,710.0,686.0,690.0,3565188,690.0
2025-08-14,3324,雙鴻,702.0,702.0,685.0,685.0,2317010,685.0
2025-08-15,3324,雙鴻,688.0,698.0,679.0,698.0,2292444,698.0
2025-08-18,3324,雙鴻,696.0,716.0,694.0,706.0,4521936,706.0
2025-08-19,3324,雙鴻,716.0,760.0,712.0,723.0,9098883,723.0
2025-08-20,3324,雙鴻,718.0,723.0,697.0,700.0,4438879,700.0
2025-08-21,3324,雙鴻,710.0,722.0,695.0,695.0,4066375,695.0
2025-08-22,3324,雙鴻,701.0,703.0,687.0,689.0,2012431,689.0
2025-08-25,3324,雙鴻,704.0,713.0,700.0,701.0,2559952,701.0
2025-08-26,3324,雙鴻,702.0,710.0,694.0,704.0,1564099,704.0
2025-08-27,3324,雙鴻,711.0,716.0,703.0,703.0,2676634,703.0
2025-08-28,3324,雙鴻,706.0,706.0,692.0,693.0,1715379,693.0
2025-08-29,3324,雙鴻,700.0,703.0,685.0,685.0,2630692,685.0
2025-09-01,3324,雙鴻,680.0,680.0,645.0,649.0,3190534,649.0
2025-09-02,3324,雙鴻,659.0,662.0,647.0,647.0,1453249,647.0
2025-09-03,3324,雙鴻,648.0,658.0,642.0,647.0,1128400,647.0
2025-09-04,3324,雙鴻,655.0,665.0,641.0,643.0,1718280,643.0
2025-09-05,3324,雙鴻,653.0,692.0,644.0,689.0,4677588,689.0
2025-09-08,3324,雙鴻,709.0,721.0,692.0,710.0,6889027,710.0
2025-09-09,3324,雙鴻,720.0,722.0,707.0,708.0,4365170,708.0
2025-09-10,3324,雙鴻,735.0,758.0,726.0,726.0,9531505,726.0
2025-09-11,3324,雙鴻,748.0,794.0,742.0,770.0,13573223,770.0
2025-09-12,3324,雙鴻,790.0,794.0,772.0,781.0,8380555,781.0
2025-09-15,3324,雙鴻,800.0,855.0,800.0,829.0,15994078,829.0
2025-09-16,3324,雙鴻,838.0,853.0,817.0,828.0,9332989,828.0
2025-09-17,3324,雙鴻,825.0,827.0,782.0,816.0,7902434,816.0
2025-09-18,3324,雙鴻,839.0,897.0,832.0,897.0,16852856,897.0
2025-09-19,3324,雙鴻,911.0,918.0,890.0,892.0,9078270,892.0
2025-09-22,3324,雙鴻,910.0,948.0,905.0,918.0,10016899,918.0
2025-09-23,3324,雙鴻,932.0,950.0,897.0,905.0,6728152,905.0
2025-09-24,3324,雙鴻,890.0,895.0,853.0,879.0,7579911,879.0
2025-09-25,3324,雙鴻,865.0,901.0,860.0,860.0,5392376,860.0
2025-09-26,3324,雙鴻,860.0,865.0,811.0,815.0,6119785,815.0
2025-09-30,3324,雙鴻,832.0,857.0,830.0,840.0,3997264,840.0
2025-10-01,3324,雙鴻,845.0,859.0,837.0,842.0,4012629,842.0
2025-10-02,3324,雙鴻,863.0,900.0,863.0,875.0,7379720,875.0
2025-10-03,3324,雙鴻,877.0,893.0,866.0,893.0,4596648,893.0
2025-10-07,3324,雙鴻,935.0,946.0,901.0,913.0,7946605,913.0
2025-10-08,3324,雙鴻,900.0,919.0,890.0,904.0,4663499,904.0
2025-10-09,3324,雙鴻,918.0,921.0,895.0,911.0,4561492,911.0
2025-10-13,3324,雙鴻,855.0,911.0,855.0,905.0,4860703,905.0
2025-10-14,3324,雙鴻,920.0,965.0,905.0,906.0,11175485,906.0
2025-10-15,3324,雙鴻,931.0,996.0,929.0,996.0,10445121,996.0
2025-10-16,3324,雙鴻,1010.0,1020.0,975.0,995.0,8985889,995.0
2025-10-17,3324,雙鴻,995.0,1010.0,962.0,968.0,5882378,968.0
2025-10-20,3324,雙鴻,988.0,1000.0,974.0,979.0,4839880,979.0
2025-10-21,3324,雙鴻,997.0,1010.0,985.0,993.0,4580957,993.0
2025-10-22,3324,雙鴻,985.0,1025.0,979.0,996.0,4686060,996.0
2025-10-23,3324,雙鴻,992.0,1005.0,981.0,999.0,3061687,999.0
2025-10-27,3324,雙鴻,1015.0,1020.0,981.0,981.0,4585610,981.0
2025-10-28,3324,雙鴻,1005.0,1060.0,1000.0,1040.0,9665000,1040.0
2025-10-29,3324,雙鴻,1060.0,1065.0,1005.0,1005.0,4212176,1005.0
2025-10-30,3324,雙鴻,1015.0,1045.0,1000.0,1025.0,4352067,1025.0
2025-10-31,3324,雙鴻,1050.0,1060.0,1030.0,1055.0,3535347,1055.0
2025-11-03,3324,雙鴻,1065.0,1095.0,1065.0,1095.0,3418132,1095.0
2025-11-04,3324,雙鴻,1105.0,1110.0,1030.0,1030.0,3360010,1030.0
2025-11-05,3324,雙鴻,990.0,1035.0,990.0,1020.0,3183333,1020.0
2025-11-06,3324,雙鴻,1040.0,1080.0,1030.0,1070.0,3333133,1070.0
2025-11-07,3324,雙鴻,1075.0,1090.0,1045.0,1045.0,3492970,1045.0
2025-11-10,3324,雙鴻,1065.0,1085.0,1025.0,1065.0,2831648,1065.0
2025-11-11,3324,雙鴻,1075.0,1075.0,1030.0,1040.0,2453160,1040.0
2025-11-12,3324,雙鴻,1040.0,1050.0,1010.0,1015.0,2455457,1015.0
2025-11-13,3324,雙鴻,1015.0,1025.0,1005.0,1015.0,1425380,1015.0
2025-11-14,3324,雙鴻,995.0,1005.0,977.0,990.0,2908960,990.0
2025-11-17,3324,雙鴻,1030.0,1080.0,1020.0,1025.0,5027308,1025.0
2025-11-18,3324,雙鴻,1000.0,1020.0,948.0,949.0,5064987,949.0
2025-11-19,3324,雙鴻,935.0,975.0,922.0,925.0,5236679,925.0
2025-11-20,3324,雙鴻,974.0,975.0,927.0,934.0,3689020,934.0
2025-11-21,3324,雙鴻,899.0,909.0,859.0,881.0,5115157,881.0
2025-11-24,3324,雙鴻,890.0,894.0,876.0,892.0,1807864,892.0
2025-11-25,3324,雙鴻,912.0,914.0,864.0,876.0,5374142,876.0
2025-11-26,3324,雙鴻,887.0,902.0,880.0,885.0,2877881,885.0
2025-11-27,3324,雙鴻,894.0,913.0,892.0,898.0,2978828,898.0
2025-11-28,3324,雙鴻,908.0,908.0,882.0,894.0,2501925,894.0
2025-12-01,3324,雙鴻,900.0,907.0,881.0,886.0,2547744,886.0
2025-12-02,3324,雙鴻,893.0,922.0,881.0,881.0,4578337,881.0
2025-12-03,3324,雙鴻,895.0,908.0,892.0,900.0,2935718,900.0
2025-12-04,3324,雙鴻,906.0,908.0,890.0,890.0,2313207,890.0
2025-12-05,3324,雙鴻,898.0,907.0,895.0,900.0,2065737,900.0
2025-12-08,3324,雙鴻,903.0,903.0,892.0,894.0,1284892,894.0
2025-12-09,3324,雙鴻,906.0,920.0,897.0,901.0,3137391,901.0
2025-12-10,3324,雙鴻,903.0,904.0,891.0,897.0,1767484,897.0
2025-12-11,3324,雙鴻,905.0,926.0,898.0,925.0,3022881,925.0
2025-12-12,3324,雙鴻,975.0,977.0,912.0,918.0,8507226,918.0
2025-12-15,3324,雙鴻,898.0,900.0,885.0,890.0,3599743,890.0
2025-12-16,3324,雙鴻,886.0,909.0,878.0,886.0,2800803,886.0
2025-12-17,3324,雙鴻,898.0,904.0,887.0,887.0,1774794,887.0
2025-12-18,3324,雙鴻,889.0,897.0,883.0,895.0,1579228,895.0
2025-12-19,3324,雙鴻,910.0,975.0,906.0,974.0,8349510,974.0
2025-12-22,3324,雙鴻,998.0,1005.0,983.0,991.0,5683148,991.0
2025-12-23,3324,雙鴻,993.0,1055.0,989.0,1020.0,6119682,1020.0
2025-12-24,3324,雙鴻,1025.0,1030.0,1005.0,1020.0,2020599,1020.0
2025-12-26,3324,雙鴻,1030.0,1030.0,1000.0,1020.0,2211892,1020.0
2025-12-29,3324,雙鴻,1030.0,1050.0,1015.0,1020.0,2229515,1020.0
2025-12-30,3324,雙鴻,1015.0,1030.0,1000.0,1030.0,1499066,1030.0
2025-12-31,3324,雙鴻,1025.0,1035.0,1010.0,1010.0,2030591,1010.0
2026-01-02,3324,雙鴻,1025.0,1030.0,963.0,1000.0,4329438,1000.0
2026-01-05,3324,雙鴻,1010.0,1020.0,990.0,1005.0,1891782,1005.0
2026-01-06,3324,雙鴻,1010.0,1020.0,995.0,1005.0,2092831,1005.0
2026-01-07,3324,雙鴻,1025.0,1025.0,974.0,978.0,4727417,978.0
2026-01-08,3324,雙鴻,966.0,987.0,945.0,945.0,3693929,945.0
2026-01-09,3324,雙鴻,956.0,985.0,954.0,965.0,4207129,965.0
2026-01-12,3324,雙鴻,976.0,985.0,961.0,963.0,2285322,963.0
2026-01-13,3324,雙鴻,971.0,980.0,945.0,951.0,2307299,951.0
2026-01-14,3324,雙鴻,955.0,1010.0,955.0,992.0,4767003,992.0
2026-01-15,3324,雙鴻,996.0,996.0,956.0,969.0,2933099,969.0
2026-01-16,3324,雙鴻,975.0,980.0,954.0,969.0,2156456,969.0
2026-01-19,3324,雙鴻,964.0,964.0,919.0,920.0,3360248,920.0
2026-01-20,3324,雙鴻,912.0,936.0,912.0,928.0,1375518,928.0
2026-01-21,3324,雙鴻,908.0,920.0,897.0,900.0,1974135,900.0
2026-01-22,3324,雙鴻,915.0,940.0,900.0,930.0,2461980,930.0
2026-01-23,3324,雙鴻,941.0,943.0,925.0,930.0,1435518,930.0
2026-01-26,3324,雙鴻,933.0,943.0,917.0,932.0,1974347,932.0
2026-01-27,3324,雙鴻,932.0,947.0,926.0,926.0,2104251,926.0
2026-01-28,3324,雙鴻,936.0,949.0,923.0,929.0,2199744,929.0
2026-01-29,3324,雙鴻,934.0,947.0,911.0,940.0,2790321,940.0
2026-01-30,3324,雙鴻,935.0,935.0,901.0,910.0,2676865,910.0
2026-02-02,3324,雙鴻,887.0,960.0,884.0,938.0,4122386,938.0
2026-02-03,3324,雙鴻,966.0,1020.0,963.0,1005.0,8522798,1005.0
2026-02-04,3324,雙鴻,1000.0,1030.0,992.0,1015.0,4398167,1015.0
2026-02-05,3324,雙鴻,1025.0,1080.0,1000.0,1000.0,7493347,1000.0
2026-02-06,3324,雙鴻,990.0,1050.0,948.0,1030.0,6908518,1030.0
2026-02-09,3324,雙鴻,1100.0,1120.0,1085.0,1105.0,7218155,1105.0
2026-02-10,3324,雙鴻,1130.0,1160.0,1060.0,1080.0,5771267,1080.0
2026-02-11,3324,雙鴻,1065.0,1085.0,1035.0,1065.0,3018456,1065.0
2026-02-23,3324,雙鴻,1095.0,1100.0,1000.0,1015.0,5176015,1015.0
2026-02-24,3324,雙鴻,1025.0,1065.0,1010.0,1050.0,4280910,1050.0
2026-02-25,3324,雙鴻,1065.0,1155.0,1035.0,1155.0,5678054,1155.0
2026-02-26,3324,雙鴻,1175.0,1200.0,1130.0,1155.0,8761712,1155.0
2026-03-02,3324,雙鴻,1105.0,1160.0,1105.0,1130.0,4521204,1130.0
2026-03-03,3324,雙鴻,1150.0,1180.0,1070.0,1080.0,7919231,1080.0
2026-03-04,3324,雙鴻,1020.0,1050.0,972.0,972.0,7220689,972.0
2026-03-05,3324,雙鴻,1015.0,1025.0,978.0,978.0,6788273,978.0
2026-03-06,3324,雙鴻,978.0,1015.0,971.0,989.0,4874299,989.0
2026-03-09,3324,雙鴻,891.0,904.0,891.0,894.0,4523699,894.0
2026-03-10,3324,雙鴻,920.0,964.0,915.0,938.0,4882861,938.0
2026-03-11,3324,雙鴻,948.0,1030.0,948.0,1030.0,7065601,1030.0
2026-03-12,3324,雙鴻,1045.0,1100.0,1040.0,1050.0,7614870,1050.0
2026-03-13,3324,雙鴻,1045.0,1080.0,1015.0,1055.0,4222382,1055.0
2026-03-16,3324,雙鴻,1075.0,1080.0,1035.0,1035.0,2630144,1035.0
2026-03-17,3324,雙鴻,1070.0,1095.0,1045.0,1050.0,3508974,1050.0
2026-03-18,3324,雙鴻,1080.0,1095.0,1030.0,1030.0,4387832,1030.0
2026-03-19,3324,雙鴻,1015.0,1115.0,1015.0,1070.0,7210813,1070.0
2026-03-20,3324,雙鴻,1090.0,1090.0,1030.0,1065.0,4347308,1065.0
2026-03-23,3324,雙鴻,1000.0,1040.0,990.0,1005.0,3598391,1005.0
2026-03-24,3324,雙鴻,1035.0,1050.0,981.0,1005.0,4093829,1005.0
2026-03-25,3324,雙鴻,1040.0,1075.0,1025.0,1035.0,4347021,1035.0
2026-03-26,3324,雙鴻,1045.0,1070.0,985.0,985.0,8317660,985.0
2026-03-27,3324,雙鴻,966.0,993.0,932.0,993.0,4666599,993.0
2026-03-30,3324,雙鴻,960.0,974.0,943.0,956.0,3460064,956.0
2026-03-31,3324,雙鴻,933.0,947.0,875.0,879.0,6010270,879.0
2026-04-01,3324,雙鴻,918.0,937.0,912.0,920.0,3235996,920.0
2026-04-02,3324,雙鴻,930.0,934.0,898.0,910.0,2637795,910.0
2026-04-07,3324,雙鴻,930.0,946.0,914.0,918.0,3028483,918.0
2026-04-08,3324,雙鴻,980.0,1005.0,975.0,1005.0,5494550,1005.0
2026-04-09,3324,雙鴻,1025.0,1025.0,983.0,989.0,4421668,989.0
2026-04-10,3324,雙鴻,1000.0,1005.0,985.0,990.0,4127720,990.0
2026-04-13,3324,雙鴻,983.0,985.0,926.0,940.0,5870319,940.0
2026-04-14,3324,雙鴻,957.0,981.0,957.0,965.0,4482986,965.0
2026-04-15,3324,雙鴻,976.0,983.0,963.0,972.0,2951201,972.0
2026-04-16,3324,雙鴻,986.0,1065.0,986.0,1045.0,9423484,1045.0
2026-04-17,3324,雙鴻,1055.0,1080.0,1025.0,1035.0,5000778,1035.0
2026-04-20,3324,雙鴻,1040.0,1050.0,1005.0,1040.0,3709482,1040.0
2026-04-21,3324,雙鴻,1055.0,1075.0,1030.0,1050.0,4318891,1050.0
2026-04-22,3324,雙鴻,1055.0,1155.0,1055.0,1155.0,9393995,1155.0
2026-04-23,3324,雙鴻,1185.0,1210.0,1070.0,1105.0,11239399,1105.0
2026-04-24,3324,雙鴻,1150.0,1215.0,1140.0,1215.0,9014642,1215.0
2026-04-27,3324,雙鴻,1270.0,1305.0,1165.0,1180.0,9045957,1180.0
2026-04-28,3324,雙鴻,1175.0,1200.0,1115.0,1145.0,4823479,1145.0
2026-04-29,3324,雙鴻,1130.0,1175.0,1125.0,1160.0,3012896,1160.0
2026-04-30,3324,雙鴻,1160.0,1175.0,1130.0,1140.0,2915128,1140.0
2026-05-04,3324,雙鴻,1160.0,1200.0,1125.0,1190.0,4151077,1190.0
2026-05-05,3324,雙鴻,1200.0,1210.0,1145.0,1170.0,3169337,1170.0
2026-05-06,3324,雙鴻,1190.0,1190.0,1055.0,1105.0,5888995,1105.0
2026-05-07,3324,雙鴻,1140.0,1140.0,1050.0,1070.0,4438121,1070.0
2026-05-08,3324,雙鴻,1070.0,1105.0,1035.0,1065.0,3945052,1065.0
2026-05-11,3324,雙鴻,1070.0,1090.0,1055.0,1070.0,3215808,1070.0
2026-05-12,3324,雙鴻,1080.0,1085.0,1055.0,1060.0,2660457,1060.0
2026-05-13,3324,雙鴻,1055.0,1065.0,1040.0,1065.0,1814513,1065.0
2026-05-14,3324,雙鴻,1085.0,1095.0,1015.0,1015.0,3926764,1015.0
2026-05-15,3324,雙鴻,1040.0,1050.0,990.0,995.0,2508793,995.0
2026-05-18,3324,雙鴻,980.0,994.0,941.0,982.0,2649143,982.0
2026-05-19,3324,雙鴻,986.0,986.0,964.0,966.0,2419532,966.0
2026-05-20,3324,雙鴻,970.0,972.0,936.0,939.0,3028991,939.0
2024-06-19,6213,聯茂,113.5,113.5,108.5,109.0,11104669,105.3788070678711
2024-06-20,6213,聯茂,113.0,118.5,112.0,114.5,26551202,110.69609069824219
2024-06-21,6213,聯茂,113.5,115.5,111.5,113.5,7358850,109.72930908203125
2024-06-24,6213,聯茂,113.5,115.0,111.5,111.5,4705776,107.79576110839844
2024-06-25,6213,聯茂,111.5,113.0,109.0,113.0,4662755,109.24592590332031
2024-06-26,6213,聯茂,113.5,117.0,112.0,115.5,9526447,111.66287231445312
2024-06-27,6213,聯茂,115.0,116.5,113.5,114.5,4495341,110.69609069824219
2024-06-28,6213,聯茂,114.5,118.0,114.0,116.0,7587188,112.1462631225586
2024-07-01,6213,聯茂,120.0,124.5,118.0,118.5,22703918,114.5632095336914
2024-07-02,6213,聯茂,118.5,123.5,116.5,120.5,16099170,116.49675750732422
2024-07-03,6213,聯茂,123.0,131.5,121.0,125.0,30926659,120.84725952148438
2024-07-04,6213,聯茂,126.0,129.5,123.5,127.0,17749734,122.78081512451172
2024-07-05,6213,聯茂,126.0,137.0,126.0,135.0,21974612,130.51504516601562
2024-07-08,6213,聯茂,128.0,128.5,121.5,121.5,23586093,117.46353912353516
2024-07-09,6213,聯茂,122.5,123.0,112.0,115.5,30831499,111.66287231445312
2024-07-10,6213,聯茂,116.0,117.5,115.0,115.5,7445319,111.66287231445312
2024-07-11,6213,聯茂,115.5,117.5,114.0,115.0,6856278,112.64237213134766
2024-07-12,6213,聯茂,113.5,114.5,112.5,112.5,4867946,110.19361877441406
2024-07-15,6213,聯茂,112.5,112.5,109.0,110.0,6811793,107.744873046875
2024-07-16,6213,聯茂,111.5,112.5,110.5,110.5,3227376,108.23462677001953
2024-07-17,6213,聯茂,111.0,115.5,110.5,114.0,8740681,111.66287231445312
2024-07-18,6213,聯茂,111.0,114.0,110.0,111.5,5735156,109.21412658691406
2024-07-19,6213,聯茂,111.0,112.0,106.5,106.5,7680681,104.3166275024414
2024-07-22,6213,聯茂,105.5,106.5,99.0,99.0,11029164,96.97039031982422
2024-07-23,6213,聯茂,100.0,100.5,96.80000305175781,97.9000015258789,9905635,95.89293670654297
2024-07-26,6213,聯茂,93.0,97.19999694824219,91.4000015258789,95.5999984741211,7799197,93.64009094238281
2024-07-29,6213,聯茂,96.0999984741211,97.69999694824219,89.30000305175781,89.5,10469733,87.66514587402344
2024-07-30,6213,聯茂,89.0,91.80000305175781,88.30000305175781,91.4000015258789,7145974,89.52619934082031
2024-07-31,6213,聯茂,89.5999984741211,92.5,89.30000305175781,91.0,6222720,89.1343994140625
2024-08-01,6213,聯茂,93.19999694824219,95.0,92.4000015258789,93.30000305175781,5829305,91.38724517822266
2024-08-02,6213,聯茂,90.9000015258789,91.19999694824219,86.5999984741211,86.69999694824219,7789176,84.92254638671875
2024-08-05,6213,聯茂,82.80000305175781,82.80000305175781,78.0999984741211,78.0999984741211,6557410,76.49886322021484
2024-08-06,6213,聯茂,78.0999984741211,80.0,70.30000305175781,76.5,12976982,74.9316635131836
2024-08-07,6213,聯茂,72.19999694824219,74.30000305175781,70.19999694824219,73.5,29828311,71.9931640625
2024-08-08,6213,聯茂,73.30000305175781,74.5,71.69999694824219,71.9000015258789,14194424,70.42597198486328
2024-08-09,6213,聯茂,73.80000305175781,78.30000305175781,73.80000305175781,74.19999694824219,16193735,72.6788101196289
2024-08-12,6213,聯茂,75.0999984741211,77.69999694824219,75.0,76.5999984741211,8684716,75.02960968017578
2024-08-13,6213,聯茂,77.4000015258789,77.69999694824219,75.5,75.9000015258789,5618203,74.34396362304688
2024-08-14,6213,聯茂,77.0,77.5999984741211,75.5,76.5999984741211,5766793,75.02960968017578
2024-08-15,6213,聯茂,77.0,77.5999984741211,75.69999694824219,76.5,4320275,74.9316635131836
2024-08-16,6213,聯茂,77.80000305175781,79.30000305175781,77.4000015258789,78.0,6955465,76.40090942382812
2024-08-19,6213,聯茂,78.5,79.80000305175781,77.69999694824219,79.0999984741211,5322257,77.47835540771484
2024-08-20,6213,聯茂,79.80000305175781,80.5999984741211,78.19999694824219,78.69999694824219,4993385,77.08655548095703
2024-08-21,6213,聯茂,78.5,79.30000305175781,76.80000305175781,76.9000015258789,6029234,75.3234634399414
2024-08-22,6213,聯茂,77.80000305175781,78.0999984741211,76.9000015258789,78.0999984741211,3305591,76.49886322021484
2024-08-23,6213,聯茂,77.4000015258789,77.9000015258789,75.80000305175781,77.9000015258789,4776146,76.30296325683594
2024-08-26,6213,聯茂,78.4000015258789,78.5999984741211,77.0,77.4000015258789,2991372,75.81321716308594
2024-08-27,6213,聯茂,77.0999984741211,77.5999984741211,76.0999984741211,76.9000015258789,4241580,75.3234634399414
2024-08-28,6213,聯茂,77.4000015258789,77.80000305175781,76.5,77.5,3621977,75.91116333007812
2024-08-29,6213,聯茂,77.0,77.5,76.19999694824219,77.0,2671887,75.4214096069336
2024-08-30,6213,聯茂,77.80000305175781,82.69999694824219,77.5999984741211,81.30000305175781,26445573,79.63326263427734
2024-09-02,6213,聯茂,81.5999984741211,82.30000305175781,80.5999984741211,80.80000305175781,12720926,79.14350891113281
2024-09-03,6213,聯茂,82.0999984741211,86.5,81.5999984741211,81.80000305175781,38000134,80.12300872802734
2024-09-04,6213,聯茂,77.69999694824219,78.5999984741211,74.0,76.69999694824219,12622289,75.1275634765625
2024-09-05,6213,聯茂,78.30000305175781,79.69999694824219,76.30000305175781,76.5,12960369,74.9316635131836
2024-09-06,6213,聯茂,76.80000305175781,76.9000015258789,74.30000305175781,74.5999984741211,10948355,73.07061004638672
2024-09-09,6213,聯茂,72.30000305175781,74.4000015258789,71.69999694824219,74.19999694824219,4913103,72.6788101196289
2024-09-10,6213,聯茂,74.80000305175781,75.69999694824219,70.5,71.19999694824219,8292600,69.74031829833984
2024-09-11,6213,聯茂,71.69999694824219,72.0,71.0,71.0999984741211,2754201,69.64236450195312
2024-09-12,6213,聯茂,72.5999984741211,73.80000305175781,72.0,73.4000015258789,3523405,71.89521789550781
2024-09-13,6213,聯茂,73.80000305175781,74.4000015258789,72.80000305175781,73.69999694824219,2588771,72.1890640258789
2024-09-16,6213,聯茂,74.4000015258789,75.80000305175781,74.0999984741211,74.80000305175781,3315151,73.26651763916016
2024-09-18,6213,聯茂,74.80000305175781,74.80000305175781,72.0999984741211,72.0999984741211,3513537,70.62186431884766
2024-09-19,6213,聯茂,72.5,73.80000305175781,72.19999694824219,73.4000015258789,2522534,71.89521789550781
2024-09-20,6213,聯茂,75.0999984741211,75.5999984741211,73.5,73.5,3391963,71.9931640625
2024-09-23,6213,聯茂,74.4000015258789,75.80000305175781,74.19999694824219,74.69999694824219,4341456,73.16856384277344
2024-09-24,6213,聯茂,75.5,75.5,72.80000305175781,73.5,3018165,71.9931640625
2024-09-25,6213,聯茂,74.5,75.4000015258789,74.30000305175781,74.69999694824219,3337622,73.16856384277344
2024-09-26,6213,聯茂,75.5,75.69999694824219,73.9000015258789,73.9000015258789,2307750,72.38496398925781
2024-09-27,6213,聯茂,74.80000305175781,76.5999984741211,74.30000305175781,75.80000305175781,5836553,74.24601745605469
2024-09-30,6213,聯茂,75.0,76.5999984741211,74.69999694824219,75.5,3536553,73.95216369628906
2024-10-01,6213,聯茂,75.5999984741211,76.30000305175781,74.5,75.30000305175781,2867118,73.75626373291016
2024-10-04,6213,聯茂,75.30000305175781,75.30000305175781,73.4000015258789,74.19999694824219,3125200,72.6788101196289
2024-10-07,6213,聯茂,75.9000015258789,76.4000015258789,75.4000015258789,76.0999984741211,4867635,74.53986358642578
2024-10-08,6213,聯茂,76.0999984741211,76.0999984741211,73.5999984741211,74.0999984741211,4583300,72.58086395263672
2024-10-09,6213,聯茂,74.69999694824219,75.0999984741211,73.0999984741211,73.0999984741211,3347348,71.60136413574219
2024-10-11,6213,聯茂,73.80000305175781,74.4000015258789,73.30000305175781,74.19999694824219,1839388,72.6788101196289
2024-10-14,6213,聯茂,74.4000015258789,74.5,73.5999984741211,74.5,1505356,72.97266387939453
2024-10-15,6213,聯茂,74.80000305175781,77.5,74.5999984741211,74.80000305175781,7137076,73.26651763916016
2024-10-16,6213,聯茂,74.19999694824219,75.0,74.0999984741211,74.30000305175781,2365131,72.77677154541016
2024-10-17,6213,聯茂,74.5999984741211,76.30000305175781,74.5999984741211,76.0,3416380,74.44190979003906
2024-10-18,6213,聯茂,76.4000015258789,76.4000015258789,72.5999984741211,72.80000305175781,8943211,71.3075180053711
2024-10-21,6213,聯茂,73.5,75.19999694824219,73.30000305175781,75.0,4124719,73.46241760253906
2024-10-22,6213,聯茂,75.0999984741211,76.80000305175781,74.19999694824219,76.0999984741211,5535616,74.53986358642578
2024-10-23,6213,聯茂,76.80000305175781,79.4000015258789,76.30000305175781,78.9000015258789,12536179,77.28246307373047
2024-10-24,6213,聯茂,78.19999694824219,80.4000015258789,77.9000015258789,78.19999694824219,11837106,76.59680938720703
2024-10-25,6213,聯茂,78.5,79.0999984741211,77.19999694824219,77.9000015258789,5252343,76.30296325683594
2024-10-28,6213,聯茂,78.30000305175781,78.9000015258789,77.30000305175781,78.5999984741211,5047304,76.98860931396484
2024-10-29,6213,聯茂,78.0999984741211,79.19999694824219,77.30000305175781,77.9000015258789,5979421,76.30296325683594
2024-10-30,6213,聯茂,78.5,78.9000015258789,77.19999694824219,77.5999984741211,3631660,76.00910949707031
2024-11-01,6213,聯茂,76.0,79.0,75.69999694824219,78.9000015258789,4163472,77.28246307373047
2024-11-04,6213,聯茂,79.4000015258789,79.80000305175781,78.4000015258789,79.19999694824219,4784515,77.57630920410156
2024-11-05,6213,聯茂,79.19999694824219,79.5999984741211,78.0,78.0,2816556,76.40090942382812
2024-11-06,6213,聯茂,78.0,78.0,76.4000015258789,76.80000305175781,5075355,75.22551727294922
2024-11-07,6213,聯茂,77.19999694824219,79.19999694824219,77.19999694824219,78.69999694824219,4628442,77.08655548095703
2024-11-08,6213,聯茂,78.9000015258789,79.0,77.0,77.19999694824219,3764420,75.6173095703125
2024-11-11,6213,聯茂,77.0,77.9000015258789,76.80000305175781,77.5999984741211,1906319,76.00910949707031
2024-11-12,6213,聯茂,77.0,77.19999694824219,75.5,75.69999694824219,3171550,74.14806365966797
2024-11-13,6213,聯茂,75.69999694824219,76.19999694824219,74.80000305175781,75.80000305175781,2062619,74.24601745605469
2024-11-14,6213,聯茂,75.80000305175781,76.30000305175781,74.30000305175781,74.5,2236527,72.97266387939453
2024-11-15,6213,聯茂,75.0999984741211,77.80000305175781,75.0,77.4000015258789,4011477,75.81321716308594
2024-11-18,6213,聯茂,77.0,77.0,75.5,75.5999984741211,2451680,74.05010986328125
2024-11-19,6213,聯茂,76.5,77.19999694824219,76.0,77.19999694824219,2343589,75.6173095703125
2024-11-20,6213,聯茂,76.5,76.5,76.5,76.5,2698524,74.9316635131836
2024-11-21,6213,聯茂,76.5,79.5999984741211,76.30000305175781,78.4000015258789,7724600,76.79270935058594
2024-11-22,6213,聯茂,79.5,80.80000305175781,77.69999694824219,78.9000015258789,9133740,77.28246307373047
2024-11-25,6213,聯茂,79.4000015258789,81.5999984741211,78.5999984741211,81.19999694824219,15472020,79.5353012084961
2024-11-26,6213,聯茂,80.5999984741211,81.19999694824219,79.69999694824219,79.80000305175781,5945955,78.16400909423828
2024-11-27,6213,聯茂,80.0,80.5999984741211,77.0999984741211,77.19999694824219,4961050,75.6173095703125
2024-11-28,6213,聯茂,77.19999694824219,77.80000305175781,74.30000305175781,74.80000305175781,4603597,73.26651763916016
2024-11-29,6213,聯茂,74.5,75.5999984741211,73.9000015258789,75.4000015258789,1747200,73.85421752929688
2024-12-02,6213,聯茂,76.0,76.5,75.5999984741211,75.9000015258789,1528949,74.34396362304688
2024-12-03,6213,聯茂,76.9000015258789,77.69999694824219,76.19999694824219,76.5999984741211,1694473,75.02960968017578
2024-12-04,6213,聯茂,77.19999694824219,79.69999694824219,76.80000305175781,79.19999694824219,5142588,77.57630920410156
2024-12-05,6213,聯茂,79.5999984741211,80.0,77.5,77.5,2853715,75.91116333007812
2024-12-06,6213,聯茂,78.19999694824219,78.30000305175781,77.30000305175781,77.5999984741211,1794080,76.00910949707031
2024-12-09,6213,聯茂,78.30000305175781,78.5999984741211,77.0,77.69999694824219,2160041,76.1070556640625
2024-12-10,6213,聯茂,78.0,78.5999984741211,77.0,77.0,1843251,75.4214096069336
2024-12-11,6213,聯茂,76.69999694824219,79.5999984741211,76.4000015258789,78.69999694824219,6170827,77.08655548095703
2024-12-12,6213,聯茂,79.5,79.5999984741211,78.0999984741211,78.4000015258789,3298010,76.79270935058594
2024-12-13,6213,聯茂,78.4000015258789,79.80000305175781,77.5,77.5999984741211,6543020,76.00910949707031
2024-12-16,6213,聯茂,78.5999984741211,80.30000305175781,76.69999694824219,77.0999984741211,8693817,75.51936340332031
2024-12-17,6213,聯茂,77.5,79.5,77.4000015258789,78.4000015258789,3282586,76.79270935058594
2024-12-18,6213,聯茂,78.0,78.5999984741211,77.0,78.5,3377391,76.89066314697266
2024-12-19,6213,聯茂,77.4000015258789,79.5,77.30000305175781,79.30000305175781,3382700,77.67426300048828
2024-12-20,6213,聯茂,79.4000015258789,79.9000015258789,77.69999694824219,78.0999984741211,3589697,76.49886322021484
2024-12-23,6213,聯茂,78.9000015258789,79.4000015258789,78.4000015258789,78.69999694824219,2391257,77.08655548095703
2024-12-24,6213,聯茂,79.0999984741211,80.30000305175781,78.19999694824219,78.30000305175781,5483576,76.69476318359375
2024-12-25,6213,聯茂,78.4000015258789,79.0,77.9000015258789,78.30000305175781,2161350,76.69476318359375
2024-12-26,6213,聯茂,78.4000015258789,81.9000015258789,78.4000015258789,80.80000305175781,16266472,79.14350891113281
2024-12-27,6213,聯茂,81.19999694824219,81.4000015258789,79.5,79.9000015258789,6693547,78.261962890625
2024-12-30,6213,聯茂,79.80000305175781,80.0999984741211,78.80000305175781,79.5,3018860,77.87016296386719
2024-12-31,6213,聯茂,79.5,79.5999984741211,78.0999984741211,78.69999694824219,2842488,77.08655548095703
2025-01-02,6213,聯茂,78.69999694824219,78.9000015258789,78.30000305175781,78.69999694824219,1628705,77.08655548095703
2025-01-03,6213,聯茂,78.80000305175781,79.19999694824219,77.4000015258789,77.80000305175781,2638202,76.20501708984375
2025-01-06,6213,聯茂,78.0,79.19999694824219,77.5,79.19999694824219,2823052,77.57630920410156
2025-01-07,6213,聯茂,79.19999694824219,79.5999984741211,78.5,78.5,1914049,76.89066314697266
2025-01-08,6213,聯茂,78.5,78.5999984741211,77.4000015258789,77.5999984741211,2034064,76.00910949707031
2025-01-09,6213,聯茂,77.5999984741211,78.0,73.0,73.19999694824219,4915512,71.69931030273438
2025-01-10,6213,聯茂,73.19999694824219,73.5999984741211,72.0,72.0999984741211,2763807,70.62186431884766
2025-01-13,6213,聯茂,71.69999694824219,71.69999694824219,67.4000015258789,69.5,4793870,68.0751724243164
2025-01-14,6213,聯茂,70.0,71.30000305175781,68.69999694824219,71.30000305175781,2355345,69.83827209472656
2025-01-15,6213,聯茂,70.5999984741211,71.30000305175781,70.0,70.0999984741211,1884461,68.66287231445312
2025-01-16,6213,聯茂,72.0,73.5999984741211,71.5999984741211,73.5,2538559,71.9931640625
2025-01-17,6213,聯茂,73.5,73.69999694824219,71.80000305175781,71.9000015258789,1225125,70.42597198486328
2025-01-20,6213,聯茂,72.5,72.9000015258789,71.69999694824219,72.9000015258789,722532,71.40547180175781
2025-01-21,6213,聯茂,73.19999694824219,73.5,72.5999984741211,72.5999984741211,731083,71.11161804199219
2025-01-22,6213,聯茂,73.0,73.5999984741211,72.30000305175781,73.5999984741211,1181685,72.09111785888672
2025-02-03,6213,聯茂,72.0,72.4000015258789,70.0,70.9000015258789,2207101,69.44647216796875
2025-02-04,6213,聯茂,71.5,71.5,70.0,70.19999694824219,1193262,68.76081848144531
2025-02-05,6213,聯茂,70.9000015258789,71.30000305175781,70.69999694824219,70.69999694824219,1200450,69.25056457519531
2025-02-06,6213,聯茂,71.0,72.30000305175781,70.9000015258789,71.30000305175781,1460145,69.83827209472656
2025-02-07,6213,聯茂,71.9000015258789,72.4000015258789,71.5,72.0,1597060,70.52391815185547
2025-02-10,6213,聯茂,72.4000015258789,73.0,72.0999984741211,72.4000015258789,2018185,70.91571807861328
2025-02-11,6213,聯茂,72.5999984741211,79.0,71.4000015258789,76.80000305175781,10557072,75.22551727294922
2025-02-12,6213,聯茂,79.0,80.5,76.5999984741211,78.0,11098932,76.40090942382812
2025-02-13,6213,聯茂,78.4000015258789,81.69999694824219,77.4000015258789,79.80000305175781,12298355,78.16400909423828
2025-02-14,6213,聯茂,79.19999694824219,80.5,78.4000015258789,78.5999984741211,4255036,76.98860931396484
2025-02-17,6213,聯茂,79.30000305175781,81.5999984741211,78.5,78.69999694824219,5389001,77.08655548095703
2025-02-18,6213,聯茂,79.0,79.69999694824219,78.30000305175781,79.0,3523078,77.38040924072266
2025-02-19,6213,聯茂,79.0,79.5,78.5,79.0999984741211,2699712,77.47835540771484
2025-02-20,6213,聯茂,79.4000015258789,79.5,78.0999984741211,79.0,2418700,77.38040924072266
2025-02-21,6213,聯茂,79.0999984741211,79.0999984741211,77.69999694824219,77.80000305175781,2767188,76.20501708984375
2025-02-24,6213,聯茂,77.5999984741211,77.5999984741211,76.19999694824219,77.4000015258789,3044308,75.81321716308594
2025-02-25,6213,聯茂,77.0,77.19999694824219,76.30000305175781,76.30000305175781,1738893,74.73576354980469
2025-02-26,6213,聯茂,76.5999984741211,77.69999694824219,76.5,77.4000015258789,1892293,75.81321716308594
2025-02-27,6213,聯茂,77.80000305175781,77.9000015258789,74.4000015258789,74.69999694824219,4932713,73.16856384277344
2025-03-03,6213,聯茂,74.0999984741211,74.0999984741211,71.80000305175781,72.0,3034739,70.52391815185547
2025-03-04,6213,聯茂,71.0,72.19999694824219,70.0,71.9000015258789,1613520,70.42597198486328
2025-03-05,6213,聯茂,72.80000305175781,73.5,71.9000015258789,73.5,1275747,71.9931640625
2025-03-06,6213,聯茂,74.0999984741211,75.4000015258789,73.69999694824219,73.9000015258789,2587115,72.38496398925781
2025-03-07,6213,聯茂,73.9000015258789,74.4000015258789,73.0999984741211,73.69999694824219,1240357,72.1890640258789
2025-03-10,6213,聯茂,72.5,73.0999984741211,71.5,72.4000015258789,2802174,70.91571807861328
2025-03-11,6213,聯茂,70.5999984741211,71.5,69.5999984741211,71.19999694824219,2586570,69.74031829833984
2025-03-12,6213,聯茂,71.5999984741211,72.5,71.5999984741211,72.0999984741211,1062147,70.62186431884766
2025-03-13,6213,聯茂,72.69999694824219,73.69999694824219,71.69999694824219,71.69999694824219,1528085,70.23006439208984
2025-03-14,6213,聯茂,71.9000015258789,72.4000015258789,71.19999694824219,72.4000015258789,1114330,70.91571807861328
2025-03-17,6213,聯茂,72.9000015258789,73.0999984741211,71.9000015258789,71.9000015258789,1313505,70.42597198486328
2025-03-18,6213,聯茂,72.5999984741211,73.19999694824219,72.0,73.19999694824219,1424328,71.69931030273438
2025-03-19,6213,聯茂,73.30000305175781,73.30000305175781,71.30000305175781,71.4000015258789,2086300,69.93621826171875
2025-03-20,6213,聯茂,72.30000305175781,73.4000015258789,71.80000305175781,73.4000015258789,1257065,71.89521789550781
2025-03-21,6213,聯茂,73.5,73.80000305175781,72.80000305175781,73.30000305175781,768212,71.79727172851562
2025-03-24,6213,聯茂,73.9000015258789,74.30000305175781,73.4000015258789,74.0,1757477,72.48291778564453
2025-03-25,6213,聯茂,75.0,75.0,72.9000015258789,73.0,1320264,71.50341796875
2025-03-26,6213,聯茂,73.5,74.0,72.5,73.0,1192163,71.50341796875
2025-03-27,6213,聯茂,72.5,72.5,71.69999694824219,72.19999694824219,1059312,70.71981811523438
2025-03-28,6213,聯茂,72.0999984741211,72.0999984741211,67.80000305175781,68.5999984741211,3804501,67.19361877441406
2025-03-31,6213,聯茂,66.0,66.4000015258789,62.29999923706055,62.900001525878906,4008558,61.61048126220703
2025-04-01,6213,聯茂,63.0,66.5,62.900001525878906,66.4000015258789,2214026,65.03872680664062
2025-04-02,6213,聯茂,66.0,66.5,65.0999984741211,66.0,904351,64.64692687988281
2025-04-07,6213,聯茂,59.400001525878906,59.400001525878906,59.400001525878906,59.400001525878906,289174,58.18223571777344
2025-04-08,6213,聯茂,53.5,54.5,53.5,53.5,3509723,52.40319061279297
2025-04-09,6213,聯茂,50.0,51.5,48.150001525878906,48.150001525878906,5959886,47.162872314453125
2025-04-10,6213,聯茂,52.900001525878906,52.900001525878906,51.599998474121094,52.900001525878906,1411300,51.81549072265625
2025-04-11,6213,聯茂,50.5,55.5,50.400001525878906,55.5,2946137,54.362186431884766
2025-04-14,6213,聯茂,56.099998474121094,58.400001525878906,56.099998474121094,56.900001525878906,2327305,55.73348617553711
2025-04-15,6213,聯茂,57.900001525878906,59.400001525878906,57.099998474121094,59.29999923706055,1886075,58.08428192138672
2025-04-16,6213,聯茂,58.900001525878906,59.20000076293945,57.29999923706055,57.79999923706055,2068303,56.61503219604492
2025-04-17,6213,聯茂,57.0,59.0,56.099998474121094,58.599998474121094,1871676,57.39863204956055
2025-04-18,6213,聯茂,58.599998474121094,59.0,58.20000076293945,58.79999923706055,652101,57.59453201293945
2025-04-21,6213,聯茂,58.79999923706055,58.79999923706055,56.900001525878906,57.0,945337,55.83143615722656
2025-04-22,6213,聯茂,55.900001525878906,58.0,55.900001525878906,57.599998474121094,1018025,56.419132232666016
2025-04-23,6213,聯茂,59.400001525878906,60.5,59.0,60.29999923706055,1624215,59.06378173828125
2025-04-24,6213,聯茂,60.79999923706055,62.29999923706055,60.599998474121094,61.900001525878906,1852318,60.6309814453125
2025-04-25,6213,聯茂,64.0,64.0,62.70000076293945,63.599998474121094,1498890,62.29612731933594
2025-04-28,6213,聯茂,63.79999923706055,64.4000015258789,62.900001525878906,64.30000305175781,1155020,62.981781005859375
2025-04-29,6213,聯茂,64.19999694824219,65.0,64.19999694824219,64.80000305175781,773495,63.47153091430664
2025-04-30,6213,聯茂,64.80000305175781,64.9000015258789,63.599998474121094,63.79999923706055,931360,62.492027282714844
2025-05-02,6213,聯茂,64.4000015258789,66.19999694824219,64.4000015258789,65.19999694824219,1384100,63.86332321166992
2025-05-05,6213,聯茂,65.30000305175781,65.4000015258789,61.79999923706055,64.19999694824219,1513335,62.88382339477539
2025-05-06,6213,聯茂,64.0,66.4000015258789,63.79999923706055,66.4000015258789,1688136,65.03872680664062
2025-05-07,6213,聯茂,68.80000305175781,71.69999694824219,68.5999984741211,69.5999984741211,7488378,68.1731185913086
2025-05-08,6213,聯茂,69.5999984741211,71.30000305175781,69.5,71.19999694824219,5295310,69.74031829833984
2025-05-09,6213,聯茂,71.30000305175781,73.19999694824219,71.30000305175781,72.69999694824219,4901475,71.20956420898438
2025-05-12,6213,聯茂,73.19999694824219,74.0,72.80000305175781,73.4000015258789,3050331,71.89521789550781
2025-05-13,6213,聯茂,74.80000305175781,74.9000015258789,73.5999984741211,74.0999984741211,5626554,72.58086395263672
2025-05-14,6213,聯茂,74.5,76.5,74.4000015258789,76.0,5370852,74.44190979003906
2025-05-15,6213,聯茂,75.80000305175781,76.30000305175781,74.9000015258789,76.0,3081073,74.44190979003906
2025-05-16,6213,聯茂,76.0999984741211,76.0999984741211,73.5999984741211,74.0,2538631,72.48291778564453
2025-05-19,6213,聯茂,74.0,75.5999984741211,74.0,74.5999984741211,3095141,73.07061004638672
2025-05-20,6213,聯茂,76.0,78.80000305175781,75.5,78.30000305175781,7737939,76.69476318359375
2025-05-21,6213,聯茂,78.0,80.80000305175781,77.80000305175781,80.0999984741211,10796269,78.45785522460938
2025-05-22,6213,聯茂,79.4000015258789,82.0,79.19999694824219,80.9000015258789,9637132,79.24146270751953
2025-05-23,6213,聯茂,81.80000305175781,82.4000015258789,80.0999984741211,81.19999694824219,6593642,79.5353012084961
2025-05-26,6213,聯茂,80.69999694824219,89.30000305175781,80.69999694824219,89.30000305175781,30647766,87.46925354003906
2025-05-27,6213,聯茂,90.30000305175781,92.5999984741211,89.30000305175781,89.80000305175781,40134402,87.95899963378906
2025-05-28,6213,聯茂,90.5,91.5999984741211,85.69999694824219,86.0,28611347,84.23690032958984
2025-05-29,6213,聯茂,88.5,88.80000305175781,85.0,88.0,17089241,86.1958999633789
2025-06-02,6213,聯茂,86.0,87.5,85.80000305175781,86.80000305175781,6589231,85.0205078125
2025-06-03,6213,聯茂,88.80000305175781,89.69999694824219,86.9000015258789,87.80000305175781,22188561,86.0
2025-06-04,6213,聯茂,88.9000015258789,89.69999694824219,86.30000305175781,87.0,13173958,85.21640014648438
2025-06-05,6213,聯茂,87.0,88.4000015258789,86.19999694824219,88.0,6357380,86.1958999633789
2025-06-06,6213,聯茂,87.0,88.4000015258789,84.5,85.0999984741211,12705515,83.35535430908203
2025-06-09,6213,聯茂,85.0999984741211,86.30000305175781,83.19999694824219,86.30000305175781,9077725,84.53075408935547
2025-06-10,6213,聯茂,87.5999984741211,90.5,86.69999694824219,90.30000305175781,19096874,88.4487533569336
2025-06-11,6213,聯茂,91.0,91.5,88.30000305175781,90.69999694824219,16465107,88.84054565429688
2025-06-12,6213,聯茂,90.69999694824219,91.30000305175781,88.19999694824219,88.5999984741211,11846927,86.78359985351562
2025-06-13,6213,聯茂,88.0,94.69999694824219,86.9000015258789,87.5,30184078,85.7061538696289
2025-06-16,6213,聯茂,86.80000305175781,88.5,86.19999694824219,88.30000305175781,6069593,86.48975372314453
2025-06-17,6213,聯茂,89.0,90.5999984741211,86.5,87.19999694824219,12046587,85.41230010986328
2025-06-18,6213,聯茂,87.30000305175781,88.0,87.0,87.5999984741211,3579046,85.8041000366211
2025-06-19,6213,聯茂,87.69999694824219,88.0,85.5,85.5,4338661,83.74715423583984
2025-06-20,6213,聯茂,85.5,85.5,83.19999694824219,84.0999984741211,4897548,82.3758544921875
2025-06-23,6213,聯茂,82.5,85.9000015258789,82.5,85.69999694824219,3691047,83.94304656982422
2025-06-24,6213,聯茂,86.0999984741211,88.0,86.0999984741211,87.69999694824219,4207794,85.90204620361328
2025-06-25,6213,聯茂,88.5,88.80000305175781,86.9000015258789,87.5,4844595,85.7061538696289
2025-06-26,6213,聯茂,88.30000305175781,89.30000305175781,86.80000305175781,87.19999694824219,5620086,85.41230010986328
2025-06-27,6213,聯茂,87.9000015258789,89.19999694824219,86.80000305175781,87.5999984741211,6084852,85.8041000366211
2025-06-30,6213,聯茂,88.9000015258789,89.80000305175781,87.19999694824219,87.19999694824219,6359556,85.41230010986328
2025-07-01,6213,聯茂,88.0999984741211,88.5999984741211,87.4000015258789,87.5999984741211,3059093,85.8041000366211
2025-07-02,6213,聯茂,88.0,90.9000015258789,87.30000305175781,87.80000305175781,9943896,86.0
2025-07-03,6213,聯茂,86.5,87.5999984741211,86.0,86.30000305175781,4555398,86.30000305175781
2025-07-04,6213,聯茂,87.0,89.5,84.9000015258789,84.9000015258789,8799292,84.9000015258789
2025-07-07,6213,聯茂,84.4000015258789,84.4000015258789,82.80000305175781,83.80000305175781,3862010,83.80000305175781
2025-07-08,6213,聯茂,83.9000015258789,87.5,83.5999984741211,87.5,6999382,87.5
2025-07-09,6213,聯茂,87.0999984741211,88.30000305175781,87.0,88.19999694824219,4768108,88.19999694824219
2025-07-10,6213,聯茂,88.0,91.69999694824219,87.80000305175781,88.0,14947906,88.0
2025-07-11,6213,聯茂,88.0999984741211,88.5,85.30000305175781,87.5999984741211,8076883,87.5999984741211
2025-07-14,6213,聯茂,87.0,87.5,86.19999694824219,86.69999694824219,3571089,86.69999694824219
2025-07-15,6213,聯茂,87.0999984741211,93.80000305175781,86.9000015258789,93.80000305175781,23784226,93.80000305175781
2025-07-16,6213,聯茂,94.19999694824219,94.30000305175781,88.30000305175781,88.30000305175781,24640702,88.30000305175781
2025-07-17,6213,聯茂,89.0,90.0999984741211,88.19999694824219,89.69999694824219,6653538,89.69999694824219
2025-07-18,6213,聯茂,90.30000305175781,92.80000305175781,90.30000305175781,92.19999694824219,14777898,92.19999694824219
2025-07-21,6213,聯茂,92.0,93.19999694824219,91.19999694824219,91.5,7756353,91.5
2025-07-22,6213,聯茂,92.0,92.4000015258789,87.5,87.80000305175781,8687091,87.80000305175781
2025-07-23,6213,聯茂,89.4000015258789,90.5,88.80000305175781,89.30000305175781,4732864,89.30000305175781
2025-07-24,6213,聯茂,90.0999984741211,94.69999694824219,89.80000305175781,91.0999984741211,14247609,91.0999984741211
2025-07-25,6213,聯茂,92.0999984741211,98.19999694824219,91.5,97.0999984741211,32723128,97.0999984741211
2025-07-28,6213,聯茂,99.5,106.0,96.9000015258789,104.0,51281409,104.0
2025-07-29,6213,聯茂,104.0,105.5,101.0,102.0,19843289,102.0
2025-07-30,6213,聯茂,103.5,105.0,99.9000015258789,101.5,15238480,101.5
2025-07-31,6213,聯茂,101.5,107.0,101.0,101.5,32803137,101.5
2025-08-04,6213,聯茂,98.5999984741211,99.30000305175781,96.5,97.19999694824219,10212379,97.19999694824219
2025-08-05,6213,聯茂,99.5,102.5,98.5,98.5999984741211,16833847,98.5999984741211
2025-08-06,6213,聯茂,95.30000305175781,96.19999694824219,90.5,90.69999694824219,20288228,90.69999694824219
2025-08-07,6213,聯茂,91.5,91.80000305175781,88.5,88.69999694824219,13731753,88.69999694824219
2025-08-08,6213,聯茂,88.5999984741211,91.30000305175781,88.5999984741211,90.0,11685398,90.0
2025-08-11,6213,聯茂,92.9000015258789,99.0,92.0999984741211,99.0,29147055,99.0
2025-08-12,6213,聯茂,102.0,106.0,98.5,100.5,44385393,100.5
2025-08-13,6213,聯茂,101.0,108.5,98.80000305175781,100.5,48451942,100.5
2025-08-14,6213,聯茂,102.0,109.5,102.0,107.0,53491683,107.0
2025-08-15,6213,聯茂,111.5,117.5,109.5,117.5,73493317,117.5
2025-08-18,6213,聯茂,128.5,129.0,127.0,129.0,12547485,129.0
2025-08-19,6213,聯茂,141.5,141.5,134.5,135.0,98006375,135.0
2025-08-20,6213,聯茂,131.0,135.5,127.5,128.5,55493114,128.5
2025-08-21,6213,聯茂,133.0,135.0,130.0,131.5,57459279,131.5
2025-08-22,6213,聯茂,128.0,128.0,119.0,121.5,15341570,121.5
2025-08-25,6213,聯茂,126.0,126.0,122.5,123.0,5270146,123.0
2025-08-26,6213,聯茂,122.0,123.5,118.0,123.0,5458149,123.0
2025-08-27,6213,聯茂,125.0,127.5,125.0,127.5,6878681,127.5
2025-08-28,6213,聯茂,127.0,127.0,124.5,125.0,3917448,125.0
2025-08-29,6213,聯茂,128.5,137.0,127.0,137.0,13331248,137.0
2025-09-01,6213,聯茂,136.5,138.5,123.5,127.5,11580953,127.5
2025-09-02,6213,聯茂,130.0,130.0,118.5,124.0,5479508,124.0
2025-09-03,6213,聯茂,124.5,127.5,122.5,127.5,4393370,127.5
2025-09-04,6213,聯茂,122.5,124.0,120.0,122.0,6561905,122.0
2025-09-05,6213,聯茂,128.5,131.5,121.5,121.5,31946429,121.5
2025-09-08,6213,聯茂,122.0,122.5,111.5,115.5,23830854,115.5
2025-09-09,6213,聯茂,118.0,120.5,116.5,117.5,16479104,117.5
2025-09-10,6213,聯茂,118.0,122.0,117.0,118.0,15760126,118.0
2025-09-11,6213,聯茂,120.5,122.0,116.0,117.0,13414619,117.0
2025-09-12,6213,聯茂,118.5,119.0,114.0,114.5,8814928,114.5
2025-09-15,6213,聯茂,115.0,115.0,109.0,111.0,10188796,111.0
2025-09-16,6213,聯茂,111.5,112.0,108.5,110.0,8921267,110.0
2025-09-17,6213,聯茂,110.0,111.5,109.0,111.0,6217841,111.0
2025-09-18,6213,聯茂,111.5,114.0,109.5,112.0,7073960,112.0
2025-09-19,6213,聯茂,113.5,113.5,110.0,110.5,4863290,110.5
2025-09-22,6213,聯茂,111.5,114.0,111.0,113.0,6427979,113.0
2025-09-23,6213,聯茂,114.5,115.5,110.5,111.5,11638471,111.5
2025-09-24,6213,聯茂,111.5,112.0,106.5,108.0,8094280,108.0
2025-09-25,6213,聯茂,109.0,111.0,107.5,107.5,6320060,107.5
2025-09-26,6213,聯茂,107.5,108.0,101.5,102.5,7024490,102.5
2025-09-30,6213,聯茂,103.5,107.0,103.0,106.0,4038949,106.0
2025-10-01,6213,聯茂,111.0,112.0,103.5,104.0,11956277,104.0
2025-10-02,6213,聯茂,105.0,106.0,102.0,102.5,5827521,102.5
2025-10-03,6213,聯茂,103.5,103.5,102.0,103.0,2787863,103.0
2025-10-07,6213,聯茂,105.5,108.0,104.5,105.5,7896934,105.5
2025-10-08,6213,聯茂,105.5,106.5,103.0,105.0,5383570,105.0
2025-10-09,6213,聯茂,106.0,106.5,104.0,104.5,4413813,104.5
2025-10-13,6213,聯茂,99.0,102.0,98.9000015258789,102.0,4623830,102.0
2025-10-14,6213,聯茂,103.0,103.5,97.0,97.0,8527077,97.0
2025-10-15,6213,聯茂,97.9000015258789,99.80000305175781,97.5999984741211,99.0,3881899,99.0
2025-10-16,6213,聯茂,99.0,101.0,98.9000015258789,99.30000305175781,2930914,99.30000305175781
2025-10-17,6213,聯茂,98.9000015258789,100.5,97.69999694824219,97.9000015258789,3126399,97.9000015258789
2025-10-20,6213,聯茂,98.0999984741211,100.5,98.0,98.5999984741211,2935011,98.5999984741211
2025-10-21,6213,聯茂,99.5,102.0,99.4000015258789,100.5,3983772,100.5
2025-10-22,6213,聯茂,100.5,101.0,99.30000305175781,101.0,2557160,101.0
2025-10-23,6213,聯茂,106.0,111.0,105.0,108.5,29079875,108.5
2025-10-27,6213,聯茂,109.0,109.5,105.0,107.0,16644897,107.0
2025-10-28,6213,聯茂,107.0,115.0,106.0,112.5,22337524,112.5
2025-10-29,6213,聯茂,115.5,115.5,111.5,114.5,17140463,114.5
2025-10-30,6213,聯茂,117.0,120.5,114.5,118.0,35133917,118.0
2025-10-31,6213,聯茂,117.5,122.0,115.5,117.0,29303881,117.0
2025-11-03,6213,聯茂,118.0,119.5,116.5,119.5,13993197,119.5
2025-11-04,6213,聯茂,120.5,122.0,115.0,116.0,21009681,116.0
2025-11-05,6213,聯茂,110.5,116.0,110.5,116.0,12295277,116.0
2025-11-06,6213,聯茂,117.5,119.5,115.0,119.0,10974288,119.0
2025-11-07,6213,聯茂,117.5,118.5,114.0,115.5,7193342,115.5
2025-11-10,6213,聯茂,114.0,114.0,104.5,105.0,15459110,105.0
2025-11-11,6213,聯茂,106.0,107.0,104.0,106.0,7449217,106.0
2025-11-12,6213,聯茂,107.5,113.0,107.5,110.5,14504559,110.5
2025-11-13,6213,聯茂,110.0,112.5,109.0,111.5,7087463,111.5
2025-11-14,6213,聯茂,108.5,111.0,107.5,107.5,5003767,107.5
2025-11-17,6213,聯茂,110.5,111.5,107.5,107.5,6286830,107.5
2025-11-18,6213,聯茂,106.0,108.5,102.0,102.0,6815757,102.0
2025-11-19,6213,聯茂,102.0,103.0,98.9000015258789,99.5999984741211,5404416,99.5999984741211
2025-11-20,6213,聯茂,103.0,108.5,102.5,106.0,7834331,106.0
2025-11-21,6213,聯茂,102.5,103.5,99.30000305175781,100.0,6647176,100.0
2025-11-24,6213,聯茂,101.5,101.5,98.5,99.5999984741211,5536976,99.5999984741211
2025-11-25,6213,聯茂,103.5,106.0,103.0,105.0,7315712,105.0
2025-11-26,6213,聯茂,106.0,109.0,105.0,108.0,8311865,108.0
2025-11-27,6213,聯茂,109.0,110.0,108.0,109.5,5909156,109.5
2025-11-28,6213,聯茂,113.0,113.5,110.0,111.0,12191052,111.0
2025-12-01,6213,聯茂,112.0,112.0,108.5,109.5,3359321,109.5
2025-12-02,6213,聯茂,110.0,112.0,107.0,107.5,4808488,107.5
2025-12-03,6213,聯茂,109.0,110.5,107.5,108.0,3005226,108.0
2025-12-04,6213,聯茂,108.5,109.5,106.0,106.5,3544279,106.5
2025-12-05,6213,聯茂,106.5,109.0,105.0,108.5,3413316,108.5
2025-12-08,6213,聯茂,110.0,112.5,109.0,112.5,7358034,112.5
2025-12-09,6213,聯茂,114.5,115.0,112.5,114.0,9271730,114.0
2025-12-10,6213,聯茂,115.0,118.5,114.0,115.0,10677404,115.0
2025-12-11,6213,聯茂,116.0,117.5,114.0,114.5,8080019,114.5
2025-12-12,6213,聯茂,115.5,116.0,112.5,113.5,4588637,113.5
2025-12-15,6213,聯茂,110.5,115.0,109.0,114.0,5073561,114.0
2025-12-16,6213,聯茂,113.0,113.5,107.0,109.0,5336198,109.0
2025-12-17,6213,聯茂,109.0,110.5,107.5,108.0,3392849,108.0
2025-12-18,6213,聯茂,107.5,108.0,105.5,106.5,2827491,106.5
2025-12-19,6213,聯茂,108.0,110.5,107.0,108.0,3262040,108.0
2025-12-22,6213,聯茂,109.5,114.0,109.0,113.0,5004555,113.0
2025-12-23,6213,聯茂,114.5,115.0,111.5,112.0,4173131,112.0
2025-12-24,6213,聯茂,114.0,115.0,112.5,113.5,6805337,113.5
2025-12-26,6213,聯茂,115.0,115.5,113.0,115.5,5132894,115.5
2025-12-29,6213,聯茂,116.5,116.5,113.5,114.0,3768428,114.0
2025-12-30,6213,聯茂,115.0,115.0,112.0,112.0,4671827,112.0
2025-12-31,6213,聯茂,112.5,114.0,112.0,113.5,2933156,113.5
2026-01-02,6213,聯茂,114.0,118.0,112.0,116.5,9350410,116.5
2026-01-05,6213,聯茂,117.5,119.0,112.5,119.0,15839022,119.0
2026-01-06,6213,聯茂,122.0,122.0,116.5,118.0,18479476,118.0
2026-01-07,6213,聯茂,118.0,118.5,113.0,113.5,11536842,113.5
2026-01-08,6213,聯茂,113.5,115.0,112.0,113.0,7871878,113.0
2026-01-09,6213,聯茂,113.0,116.0,111.5,114.5,5994962,114.5
2026-01-12,6213,聯茂,115.5,117.5,115.0,117.0,6088891,117.0
2026-01-13,6213,聯茂,118.0,119.0,114.5,115.0,10774547,115.0
2026-01-14,6213,聯茂,116.0,119.0,116.0,117.0,7790636,117.0
2026-01-15,6213,聯茂,117.5,118.0,114.0,115.5,4902213,115.5
2026-01-16,6213,聯茂,116.5,117.0,114.0,115.5,6468411,115.5
2026-01-19,6213,聯茂,116.0,116.0,113.0,114.0,4919444,114.0
2026-01-20,6213,聯茂,114.0,118.0,113.5,115.5,7484841,115.5
2026-01-21,6213,聯茂,115.0,118.5,114.0,115.0,7746151,115.0
2026-01-22,6213,聯茂,116.5,123.5,116.5,122.0,28676393,122.0
2026-01-23,6213,聯茂,125.0,125.5,117.5,119.5,26126070,119.5
2026-01-26,6213,聯茂,119.5,121.0,116.0,117.5,9378562,117.5
2026-01-27,6213,聯茂,118.5,122.0,117.5,121.0,11938416,121.0
2026-01-28,6213,聯茂,122.0,122.5,118.0,118.0,10591726,118.0
2026-01-29,6213,聯茂,118.5,119.0,110.5,110.5,15963482,110.5
2026-01-30,6213,聯茂,110.0,110.0,105.0,106.5,8690979,106.5
2026-02-02,6213,聯茂,104.0,105.5,102.0,104.0,4860697,104.0
2026-02-03,6213,聯茂,106.5,107.5,104.5,107.5,3721352,107.5
2026-02-04,6213,聯茂,106.5,118.0,106.5,118.0,14399682,118.0
2026-02-05,6213,聯茂,118.0,123.5,116.5,116.5,27635511,116.5
2026-02-06,6213,聯茂,116.5,117.5,111.0,115.0,11004324,115.0
2026-02-09,6213,聯茂,118.5,120.0,115.5,118.0,9609257,118.0
2026-02-10,6213,聯茂,119.5,121.0,118.0,118.5,8112073,118.5
2026-02-11,6213,聯茂,120.0,124.5,119.5,121.0,19786166,121.0
2026-02-23,6213,聯茂,122.0,123.5,120.5,121.5,10043885,121.5
2026-02-24,6213,聯茂,122.0,133.5,122.0,133.5,33213796,133.5
2026-02-25,6213,聯茂,137.5,146.5,129.0,146.5,38436284,146.5
2026-02-26,6213,聯茂,148.0,148.5,137.5,141.5,27148354,141.5
2026-03-02,6213,聯茂,133.5,137.5,132.0,132.0,14910655,132.0
2026-03-03,6213,聯茂,133.0,141.0,130.5,134.0,21179122,134.0
2026-03-04,6213,聯茂,130.5,131.5,121.0,121.5,14755645,121.5
2026-03-05,6213,聯茂,127.0,131.0,125.0,128.0,11622958,128.0
2026-03-06,6213,聯茂,127.0,129.5,125.5,127.5,7036549,127.5
2026-03-09,6213,聯茂,116.5,118.0,115.0,115.0,9601939,115.0
2026-03-10,6213,聯茂,121.0,126.5,120.0,126.5,12095409,126.5
2026-03-11,6213,聯茂,129.5,138.0,129.0,133.5,17046847,133.5
2026-03-12,6213,聯茂,133.0,137.5,131.5,132.5,10680790,132.5
2026-03-13,6213,聯茂,130.5,139.0,129.0,137.5,16401798,137.5
2026-03-16,6213,聯茂,140.0,145.5,136.0,140.0,22095142,140.0
2026-03-17,6213,聯茂,144.5,154.0,141.0,154.0,26478839,154.0
2026-03-18,6213,聯茂,159.0,159.5,148.0,150.5,26862395,150.5
2026-03-19,6213,聯茂,148.0,158.5,147.0,151.5,24932332,151.5
2026-03-20,6213,聯茂,153.0,153.5,141.0,143.5,18610737,143.5
2026-03-23,6213,聯茂,136.5,141.0,135.0,136.0,7418586,136.0
2026-03-24,6213,聯茂,139.5,139.5,130.0,132.5,7135202,132.5
2026-03-25,6213,聯茂,137.5,145.5,137.5,145.5,10839708,145.5
2026-03-26,6213,聯茂,145.5,151.5,143.5,144.0,17030117,144.0
2026-03-27,6213,聯茂,141.5,158.0,140.5,158.0,25162156,158.0
2026-03-30,6213,聯茂,156.0,157.5,146.5,151.0,23350568,151.0
2026-03-31,6213,聯茂,152.5,156.0,146.5,148.5,34545249,148.5
2026-04-01,6213,聯茂,156.0,163.0,155.0,163.0,26476974,163.0
2026-04-02,6213,聯茂,167.5,176.0,167.0,170.0,58688744,170.0
2026-04-07,6213,聯茂,180.5,187.0,177.0,187.0,26711034,187.0
2026-04-08,6213,聯茂,194.0,200.0,187.5,197.0,59621945,197.0
2026-04-09,6213,聯茂,197.5,216.5,197.5,216.5,22403641,216.5
2026-04-10,6213,聯茂,225.0,225.0,207.0,214.0,37384760,214.0
2026-04-13,6213,聯茂,210.0,213.0,203.5,204.0,25937364,204.0
2026-04-14,6213,聯茂,211.0,224.0,211.0,224.0,29765886,224.0
2026-04-15,6213,聯茂,228.0,235.5,220.5,229.5,53413571,229.5
2026-04-16,6213,聯茂,237.0,252.0,229.0,252.0,45715840,252.0
2026-04-17,6213,聯茂,253.0,276.5,250.5,270.5,64985275,270.5
2026-04-20,6213,聯茂,273.0,292.0,263.5,282.0,55356892,282.0
2026-04-21,6213,聯茂,285.5,297.5,275.0,286.0,50445386,286.0
2026-04-22,6213,聯茂,287.0,312.0,287.0,297.0,40156740,297.0
2026-04-23,6213,聯茂,302.0,304.0,267.5,274.5,13700938,274.5
2026-04-24,6213,聯茂,277.0,287.0,259.0,276.0,11543115,276.0
2026-04-27,6213,聯茂,283.0,283.5,255.0,265.0,10909388,265.0
2026-04-28,6213,聯茂,263.5,263.5,252.5,253.5,7517647,253.5
2026-04-29,6213,聯茂,250.0,258.0,247.0,253.5,5769954,253.5
2026-04-30,6213,聯茂,259.0,273.5,256.5,270.0,6489035,270.0
2026-05-04,6213,聯茂,280.5,292.0,275.5,290.0,7288017,290.0
2026-05-05,6213,聯茂,295.0,295.0,283.0,284.0,5108534,284.0
2026-05-06,6213,聯茂,291.5,291.5,272.5,285.0,6713948,285.0
2026-05-07,6213,聯茂,289.0,303.0,288.5,299.5,9555764,299.5
2026-05-08,6213,聯茂,295.5,301.0,277.0,287.5,5264544,287.5
2026-05-11,6213,聯茂,289.5,302.5,285.0,300.5,4925216,300.5
2026-05-12,6213,聯茂,311.0,322.0,285.0,285.5,28311088,285.5
2026-05-13,6213,聯茂,279.5,284.5,266.5,273.5,15102695,273.5
2026-05-14,6213,聯茂,282.0,285.0,265.0,268.0,14549908,268.0
2026-05-15,6213,聯茂,270.0,270.0,251.0,253.0,12415250,253.0
2026-05-18,6213,聯茂,243.0,247.0,238.0,245.0,8774083,245.0
2026-05-19,6213,聯茂,243.5,252.5,238.5,240.5,8365917,240.5
2026-05-20,6213,聯茂,241.0,241.0,230.0,236.5,9799015,236.5
2024-06-19,8046,南電,197.5,201.5,197.5,198.5,4720944,190.98716735839844
2024-06-20,8046,南電,199.5,201.0,197.0,199.5,2304592,191.94932556152344
2024-06-21,8046,南電,196.5,198.5,196.5,196.5,5319640,189.0628662109375
2024-06-24,8046,南電,196.5,197.5,191.5,191.5,6430746,184.25210571289062
2024-06-25,8046,南電,192.5,192.5,185.5,187.0,7348919,179.92242431640625
2024-06-26,8046,南電,187.5,190.5,187.0,188.0,5085305,180.88458251953125
2024-06-27,8046,南電,186.5,190.0,186.5,186.5,5451177,179.44134521484375
2024-06-28,8046,南電,187.0,189.5,185.5,186.0,2607424,178.96026611328125
2024-07-01,8046,南電,186.0,186.0,182.5,182.5,3030019,175.59274291992188
2024-07-02,8046,南電,182.5,183.0,178.5,178.5,3504207,171.74412536621094
2024-07-03,8046,南電,180.5,185.5,179.5,181.0,4097700,174.14950561523438
2024-07-04,8046,南電,182.5,185.0,181.5,183.5,2302634,176.5548858642578
2024-07-05,8046,南電,185.0,186.0,183.0,183.5,1400570,176.5548858642578
2024-07-08,8046,南電,183.5,185.5,181.5,184.0,1820725,177.0359649658203
2024-07-09,8046,南電,184.5,184.5,178.5,179.0,3207749,172.22520446777344
2024-07-10,8046,南電,179.0,180.5,176.0,176.5,3562804,169.81982421875
2024-07-11,8046,南電,178.5,187.5,178.0,186.5,11693432,179.44134521484375
2024-07-12,8046,南電,186.0,193.0,184.0,189.0,10038122,181.8467254638672
2024-07-15,8046,南電,192.0,192.0,185.5,187.5,4650452,180.40350341796875
2024-07-16,8046,南電,185.5,186.5,183.0,183.5,6550187,181.89035034179688
2024-07-17,8046,南電,185.0,198.5,182.0,195.5,15303743,193.7850799560547
2024-07-18,8046,南電,190.5,195.0,189.0,191.0,6071790,189.32455444335938
2024-07-19,8046,南電,192.0,192.5,183.0,183.0,4914328,181.3947296142578
2024-07-22,8046,南電,185.0,185.0,175.0,176.5,4882244,174.95175170898438
2024-07-23,8046,南電,181.0,183.5,179.5,181.5,3275489,179.9078826904297
2024-07-26,8046,南電,173.0,179.0,172.5,178.0,3411435,176.4385986328125
2024-07-29,8046,南電,181.0,183.0,173.5,173.5,3638430,171.9780731201172
2024-07-30,8046,南電,173.5,174.5,162.0,170.0,7181068,168.50877380371094
2024-07-31,8046,南電,169.0,169.5,163.0,166.0,3397606,164.54385375976562
2024-08-01,8046,南電,170.0,174.5,168.5,169.5,3531956,168.01315307617188
2024-08-02,8046,南電,163.0,164.5,154.0,156.0,7917206,154.63157653808594
2024-08-05,8046,南電,150.0,150.0,140.5,140.5,5507728,139.26754760742188
2024-08-06,8046,南電,141.0,143.5,129.0,140.5,8368886,139.26754760742188
2024-08-07,8046,南電,138.0,146.0,137.5,143.0,4640325,141.74560546875
2024-08-08,8046,南電,138.0,141.0,136.0,138.5,3527760,137.2850799560547
2024-08-09,8046,南電,144.5,145.0,141.5,141.5,2262228,140.25877380371094
2024-08-12,8046,南電,142.5,148.0,142.0,147.5,2690839,146.2061309814453
2024-08-13,8046,南電,148.0,148.0,145.0,145.0,1619784,143.7280731201172
2024-08-14,8046,南電,147.5,150.0,146.0,148.5,2005920,147.19735717773438
2024-08-15,8046,南電,147.0,149.0,145.5,146.0,1528631,144.71929931640625
2024-08-16,8046,南電,149.0,151.0,148.0,148.5,1545422,147.19735717773438
2024-08-19,8046,南電,148.5,149.0,146.5,148.0,1169657,146.70175170898438
2024-08-20,8046,南電,150.0,151.5,148.5,148.5,932424,147.19735717773438
2024-08-21,8046,南電,147.0,149.5,147.0,147.5,965210,146.2061309814453
2024-08-22,8046,南電,147.5,155.0,147.5,150.5,5372430,149.17982482910156
2024-08-23,8046,南電,148.0,149.0,145.0,147.0,2779441,145.7105255126953
2024-08-26,8046,南電,147.5,152.0,147.0,149.0,2729424,147.69297790527344
2024-08-27,8046,南電,148.0,148.0,144.0,147.0,2127705,145.7105255126953
2024-08-28,8046,南電,147.0,147.5,145.0,145.5,813000,144.2236785888672
2024-08-29,8046,南電,144.0,148.0,143.5,147.0,5011878,145.7105255126953
2024-08-30,8046,南電,148.5,149.5,147.0,147.0,2266351,145.7105255126953
2024-09-02,8046,南電,150.0,150.0,146.5,146.5,908171,145.21490478515625
2024-09-03,8046,南電,147.5,148.0,142.0,142.0,1569721,140.75437927246094
2024-09-04,8046,南電,133.0,135.0,130.0,130.0,4557325,128.85964965820312
2024-09-05,8046,南電,134.0,134.0,127.5,128.0,2651558,126.87718963623047
2024-09-06,8046,南電,129.0,130.0,127.0,127.5,1799380,126.38157653808594
2024-09-09,8046,南電,122.0,126.0,121.5,125.5,1738332,124.39911651611328
2024-09-10,8046,南電,127.0,127.5,121.5,122.0,2423619,120.92982482910156
2024-09-11,8046,南電,123.0,124.5,121.0,123.0,1236796,121.92105102539062
2024-09-12,8046,南電,126.0,128.5,125.0,127.5,1466881,126.38157653808594
2024-09-13,8046,南電,128.5,135.0,126.5,134.0,2947640,132.82455444335938
2024-09-16,8046,南電,134.5,136.5,132.5,133.0,2082787,131.8333282470703
2024-09-18,8046,南電,134.0,135.5,132.0,133.0,2563430,131.8333282470703
2024-09-19,8046,南電,134.5,136.5,131.5,135.0,2575789,133.81578063964844
2024-09-20,8046,南電,136.5,140.5,136.5,137.0,3860333,135.79824829101562
2024-09-23,8046,南電,137.0,140.0,136.0,140.0,1398848,138.7719268798828
2024-09-24,8046,南電,138.5,139.5,137.5,138.0,1301342,136.7894744873047
2024-09-25,8046,南電,140.0,141.5,139.0,139.0,1816447,137.78070068359375
2024-09-26,8046,南電,141.0,142.0,138.5,138.5,1442861,137.2850799560547
2024-09-27,8046,南電,140.5,145.0,140.0,142.5,2960184,141.25
2024-09-30,8046,南電,140.5,144.0,140.0,142.5,1342372,141.25
2024-10-01,8046,南電,144.5,144.5,140.0,141.0,1261985,139.76315307617188
2024-10-04,8046,南電,139.0,140.0,136.0,136.5,2156436,135.30262756347656
2024-10-07,8046,南電,139.5,141.5,138.5,141.5,1732578,140.25877380371094
2024-10-08,8046,南電,139.0,140.5,135.5,136.5,2016632,135.30262756347656
2024-10-09,8046,南電,138.0,139.5,134.5,135.0,1843000,133.81578063964844
2024-10-11,8046,南電,135.0,137.5,134.0,134.5,1085498,133.32017517089844
2024-10-14,8046,南電,136.5,137.0,134.5,136.5,743749,135.30262756347656
2024-10-15,8046,南電,137.5,139.5,136.5,137.0,939620,135.79824829101562
2024-10-16,8046,南電,134.5,137.5,133.5,135.5,2113623,134.3114013671875
2024-10-17,8046,南電,136.0,140.5,136.0,136.5,1588258,135.30262756347656
2024-10-18,8046,南電,138.0,138.0,133.0,133.5,1223433,132.32894897460938
2024-10-21,8046,南電,135.5,139.5,134.5,138.0,2150472,136.7894744873047
2024-10-22,8046,南電,138.0,143.0,138.0,140.5,6225775,139.26754760742188
2024-10-23,8046,南電,141.5,142.5,139.5,140.5,2211000,139.26754760742188
2024-10-24,8046,南電,140.5,140.5,137.0,137.0,1709441,135.79824829101562
2024-10-25,8046,南電,137.0,138.0,135.5,136.0,1279554,134.8070068359375
2024-10-28,8046,南電,136.0,137.5,134.0,136.0,1153494,134.8070068359375
2024-10-29,8046,南電,135.5,135.5,129.0,130.0,2622543,128.85964965820312
2024-10-30,8046,南電,132.0,135.0,131.0,133.0,1538357,131.8333282470703
2024-11-01,8046,南電,129.5,132.0,127.0,131.5,2253323,130.3464813232422
2024-11-04,8046,南電,127.0,128.0,124.0,124.5,3311118,123.40789031982422
2024-11-05,8046,南電,124.0,128.0,124.0,127.5,2098310,126.38157653808594
2024-11-06,8046,南電,124.0,125.5,122.5,124.5,4002952,123.40789031982422
2024-11-07,8046,南電,124.0,132.0,124.0,132.0,3574731,130.84210205078125
2024-11-08,8046,南電,134.0,134.0,128.5,129.5,2327671,128.36402893066406
2024-11-11,8046,南電,129.5,129.5,126.0,129.0,1441232,127.86841583251953
2024-11-12,8046,南電,126.5,127.0,124.0,124.0,2024351,122.91227722167969
2024-11-13,8046,南電,124.0,125.0,123.0,124.0,962690,122.91227722167969
2024-11-14,8046,南電,124.0,125.0,120.5,121.0,1788034,119.93859100341797
2024-11-15,8046,南電,123.5,125.0,121.5,121.5,1309404,120.4342041015625
2024-11-18,8046,南電,121.5,124.0,121.0,124.0,1626569,122.91227722167969
2024-11-19,8046,南電,124.5,126.5,122.0,126.5,1550409,125.39035034179688
2024-11-20,8046,南電,126.0,126.0,126.0,126.0,1036827,124.89473724365234
2024-11-21,8046,南電,124.5,128.0,124.5,126.5,1320500,125.39035034179688
2024-11-22,8046,南電,128.5,128.5,124.5,125.0,967632,123.90350341796875
2024-11-25,8046,南電,126.0,127.5,125.5,127.0,981444,125.8859634399414
2024-11-26,8046,南電,126.5,128.0,124.0,128.0,1259625,126.87718963623047
2024-11-27,8046,南電,129.0,129.0,120.5,120.5,2422777,119.44297790527344
2024-11-28,8046,南電,120.0,120.5,114.5,117.0,3035802,115.97367858886719
2024-11-29,8046,南電,115.5,117.5,114.5,116.5,1599868,115.47806549072266
2024-12-02,8046,南電,117.0,118.0,113.5,113.5,2284204,112.50437927246094
2024-12-03,8046,南電,116.0,118.5,114.5,115.5,1880034,114.4868392944336
2024-12-04,8046,南電,116.0,117.0,115.0,117.0,1348181,115.97367858886719
2024-12-05,8046,南電,116.0,117.0,114.5,114.5,1682486,113.49561309814453
2024-12-06,8046,南電,114.0,117.5,114.0,114.0,1415147,113.0
2024-12-09,8046,南電,115.0,115.5,111.5,112.0,1561577,111.01753997802734
2024-12-10,8046,南電,112.0,114.5,111.5,112.0,1310691,111.01753997802734
2024-12-11,8046,南電,112.0,113.0,110.5,110.5,1327631,109.53070068359375
2024-12-12,8046,南電,111.5,114.5,108.5,109.0,2176465,108.04385375976562
2024-12-13,8046,南電,109.0,109.0,104.0,105.0,3859206,104.07894134521484
2024-12-16,8046,南電,105.5,110.0,104.0,107.0,3072622,106.0614013671875
2024-12-17,8046,南電,107.5,109.5,107.5,109.0,1659548,108.04385375976562
2024-12-18,8046,南電,109.0,111.0,108.0,110.0,1904925,109.03508758544922
2024-12-19,8046,南電,106.0,109.0,105.5,108.5,1655640,107.5482406616211
2024-12-20,8046,南電,110.0,112.5,109.0,111.0,2325805,110.02631378173828
2024-12-23,8046,南電,114.0,119.0,113.0,117.5,4466290,116.46929168701172
2024-12-24,8046,南電,120.5,127.0,119.0,120.0,8699911,118.9473648071289
2024-12-25,8046,南電,122.0,124.0,119.5,122.0,2629482,120.92982482910156
2024-12-26,8046,南電,122.0,122.0,119.0,121.5,1937386,120.4342041015625
2024-12-27,8046,南電,120.5,124.5,119.5,124.5,3238541,123.40789031982422
2024-12-30,8046,南電,125.0,125.5,121.5,122.5,1940289,121.4254379272461
2024-12-31,8046,南電,122.0,131.5,122.0,130.5,5335501,129.35525512695312
2025-01-02,8046,南電,129.0,135.0,128.0,133.0,7023755,131.8333282470703
2025-01-03,8046,南電,132.0,132.5,129.0,129.0,2990820,127.86841583251953
2025-01-06,8046,南電,131.0,140.0,129.0,139.0,7627189,137.78070068359375
2025-01-07,8046,南電,138.5,139.5,135.5,135.5,4602900,134.3114013671875
2025-01-08,8046,南電,133.5,136.0,132.0,132.0,2319140,130.84210205078125
2025-01-09,8046,南電,129.5,131.5,127.5,128.0,3145767,126.87718963623047
2025-01-10,8046,南電,127.5,130.0,127.5,127.5,1097955,126.38157653808594
2025-01-13,8046,南電,126.5,126.5,121.0,122.0,2811894,120.92982482910156
2025-01-14,8046,南電,123.0,127.0,122.5,126.0,1650430,124.89473724365234
2025-01-15,8046,南電,125.5,132.0,125.5,130.5,3760975,129.35525512695312
2025-01-16,8046,南電,133.0,141.0,132.0,138.0,6821683,136.7894744873047
2025-01-17,8046,南電,136.0,137.0,132.5,133.0,2977214,131.8333282470703
2025-01-20,8046,南電,134.0,135.0,130.5,132.0,2158810,130.84210205078125
2025-01-21,8046,南電,132.0,132.5,130.5,132.0,1674512,130.84210205078125
2025-01-22,8046,南電,132.5,138.5,131.0,136.0,4139126,134.8070068359375
2025-02-03,8046,南電,132.0,134.0,123.5,127.5,3353647,126.38157653808594
2025-02-04,8046,南電,128.5,130.0,123.5,129.5,2785878,128.36402893066406
2025-02-05,8046,南電,130.5,132.0,127.0,127.0,2913387,125.8859634399414
2025-02-06,8046,南電,129.0,135.5,127.5,135.0,4122757,133.81578063964844
2025-02-07,8046,南電,134.5,136.5,132.5,136.0,3013429,134.8070068359375
2025-02-10,8046,南電,135.0,137.5,133.5,137.0,2373091,135.79824829101562
2025-02-11,8046,南電,138.0,138.5,132.5,133.5,2394519,132.32894897460938
2025-02-12,8046,南電,134.5,135.0,127.5,127.5,4585508,126.38157653808594
2025-02-13,8046,南電,129.0,133.0,128.0,133.0,3131288,131.8333282470703
2025-02-14,8046,南電,134.0,135.0,131.5,132.5,2150200,131.3377227783203
2025-02-17,8046,南電,133.5,137.0,131.0,132.5,4278587,131.3377227783203
2025-02-18,8046,南電,134.0,140.0,132.0,139.5,4978073,138.27630615234375
2025-02-19,8046,南電,142.0,147.0,141.5,144.0,11666706,142.73683166503906
2025-02-20,8046,南電,145.0,146.0,142.5,144.5,3789028,143.23245239257812
2025-02-21,8046,南電,144.5,146.0,142.5,144.5,3041320,143.23245239257812
2025-02-24,8046,南電,140.0,143.0,139.0,140.0,3435907,138.7719268798828
2025-02-25,8046,南電,140.5,148.0,139.5,143.5,6683706,142.24122619628906
2025-02-26,8046,南電,144.5,145.5,140.5,141.0,3724381,139.76315307617188
2025-02-27,8046,南電,141.0,142.0,136.0,136.0,3544407,134.8070068359375
2025-03-03,8046,南電,132.5,133.0,128.0,130.0,4309900,128.85964965820312
2025-03-04,8046,南電,127.5,135.5,126.5,135.0,3248868,133.81578063964844
2025-03-05,8046,南電,133.5,137.0,132.5,137.0,2280843,135.79824829101562
2025-03-06,8046,南電,137.0,137.5,135.0,135.0,1608967,133.81578063964844
2025-03-07,8046,南電,134.0,137.5,133.5,133.5,1271048,132.32894897460938
2025-03-10,8046,南電,134.5,136.0,132.5,132.5,1211285,131.3377227783203
2025-03-11,8046,南電,129.0,130.5,125.5,129.5,2092200,128.36402893066406
2025-03-12,8046,南電,131.0,132.5,128.5,128.5,2752871,127.372802734375
2025-03-13,8046,南電,131.0,133.0,127.0,127.0,2257336,125.8859634399414
2025-03-14,8046,南電,129.0,130.5,126.0,129.0,2171140,127.86841583251953
2025-03-17,8046,南電,130.5,131.5,129.0,129.0,1276450,127.86841583251953
2025-03-18,8046,南電,130.0,133.0,129.0,129.0,1349100,127.86841583251953
2025-03-19,8046,南電,129.5,131.0,128.5,128.5,2036262,127.372802734375
2025-03-20,8046,南電,130.0,132.5,129.0,131.5,1605411,130.3464813232422
2025-03-21,8046,南電,132.5,132.5,130.5,130.5,1480120,129.35525512695312
2025-03-24,8046,南電,131.0,132.0,127.0,127.0,1098527,125.8859634399414
2025-03-25,8046,南電,128.5,130.5,126.0,126.0,940570,124.89473724365234
2025-03-26,8046,南電,127.5,128.5,125.0,125.0,927414,123.90350341796875
2025-03-27,8046,南電,122.5,125.0,119.5,119.5,3533592,118.45175170898438
2025-03-28,8046,南電,118.5,118.5,110.0,112.0,4097794,111.01753997802734
2025-03-31,8046,南電,107.0,108.0,101.0,101.0,5443125,100.11402893066406
2025-04-01,8046,南電,103.0,105.5,100.5,103.5,2490705,102.59210205078125
2025-04-02,8046,南電,103.0,105.5,101.0,105.0,2054976,104.07894134521484
2025-04-07,8046,南電,94.5,94.5,94.5,94.5,305621,93.67105102539062
2025-04-08,8046,南電,85.0999984741211,86.80000305175781,85.0999984741211,85.0999984741211,3016072,84.35350799560547
2025-04-09,8046,南電,78.0,79.69999694824219,76.5999984741211,76.5999984741211,4203149,75.92807006835938
2025-04-10,8046,南電,84.19999694824219,84.19999694824219,81.9000015258789,84.19999694824219,6327771,83.46139526367188
2025-04-11,8046,南電,78.0999984741211,83.9000015258789,76.19999694824219,83.69999694824219,6054362,82.96578216552734
2025-04-14,8046,南電,88.69999694824219,91.19999694824219,87.0,88.5999984741211,4478284,87.82279968261719
2025-04-15,8046,南電,89.5999984741211,93.0,89.19999694824219,92.4000015258789,2545237,91.58946990966797
2025-04-16,8046,南電,91.5,92.0,89.19999694824219,89.19999694824219,2509500,88.41754150390625
2025-04-17,8046,南電,88.9000015258789,89.4000015258789,86.69999694824219,88.80000305175781,1851552,88.02105712890625
2025-04-18,8046,南電,88.80000305175781,91.30000305175781,88.5,89.30000305175781,1668193,88.51667022705078
2025-04-21,8046,南電,88.0,88.9000015258789,84.80000305175781,85.30000305175781,3021482,84.5517578125
2025-04-22,8046,南電,85.0,87.19999694824219,84.19999694824219,84.5999984741211,3472862,83.8578872680664
2025-04-23,8046,南電,89.5,93.0,88.80000305175781,93.0,3338471,92.18421173095703
2025-04-24,8046,南電,95.80000305175781,98.19999694824219,93.30000305175781,96.19999694824219,8689959,95.35613250732422
2025-04-25,8046,南電,97.9000015258789,101.0,96.0,96.19999694824219,8312035,95.35613250732422
2025-04-28,8046,南電,96.9000015258789,98.5999984741211,96.5,97.5999984741211,2212135,96.74385833740234
2025-04-29,8046,南電,98.0,101.0,97.5999984741211,101.0,2990316,100.11402893066406
2025-04-30,8046,南電,99.9000015258789,101.0,98.5,98.80000305175781,2621969,97.93333435058594
2025-05-02,8046,南電,100.5,101.0,99.0999984741211,99.4000015258789,1724447,98.52806854248047
2025-05-05,8046,南電,101.0,101.5,96.30000305175781,98.69999694824219,2746750,97.8342056274414
2025-05-06,8046,南電,98.80000305175781,101.5,98.69999694824219,99.30000305175781,2198060,98.42894744873047
2025-05-07,8046,南電,99.30000305175781,101.0,98.0999984741211,98.0999984741211,2286410,97.23947143554688
2025-05-08,8046,南電,97.5999984741211,101.0,97.5999984741211,100.5,2450153,99.61841583251953
2025-05-09,8046,南電,101.5,101.5,99.19999694824219,101.0,1988533,100.11402893066406
2025-05-12,8046,南電,102.0,107.5,102.0,107.0,3145190,106.0614013671875
2025-05-13,8046,南電,110.0,110.5,104.5,105.0,2480910,104.07894134521484
2025-05-14,8046,南電,107.0,107.0,104.5,106.0,1504273,105.07017517089844
2025-05-15,8046,南電,107.0,107.0,105.0,105.5,854276,104.5745620727539
2025-05-16,8046,南電,105.5,107.0,105.0,105.0,869297,104.07894134521484
2025-05-19,8046,南電,103.5,105.5,101.5,102.0,1278567,101.10526275634766
2025-05-20,8046,南電,102.5,105.0,102.5,104.0,1706714,103.08771514892578
2025-05-21,8046,南電,105.0,107.0,104.5,107.0,1927680,106.0614013671875
2025-05-22,8046,南電,106.0,106.0,103.0,103.5,1279021,102.59210205078125
2025-05-23,8046,南電,105.0,107.0,104.5,105.5,1376839,104.5745620727539
2025-05-26,8046,南電,104.5,105.0,103.5,104.5,878253,103.58332824707031
2025-05-27,8046,南電,108.0,114.5,107.5,114.5,9156809,113.49561309814453
2025-05-28,8046,南電,116.5,118.0,105.0,106.5,20293738,105.56578826904297
2025-05-29,8046,南電,107.5,108.0,104.0,105.0,4309310,104.07894134521484
2025-06-02,8046,南電,103.0,103.0,97.80000305175781,97.9000015258789,5599671,97.04122924804688
2025-06-03,8046,南電,99.19999694824219,100.5,98.30000305175781,98.69999694824219,2819246,97.8342056274414
2025-06-04,8046,南電,102.0,107.5,102.0,105.0,5100624,104.07894134521484
2025-06-05,8046,南電,107.0,109.0,103.5,106.0,5256495,105.07017517089844
2025-06-06,8046,南電,106.0,107.0,104.5,107.0,1282033,106.0614013671875
2025-06-09,8046,南電,107.5,109.0,104.0,104.0,2518238,103.08771514892578
2025-06-10,8046,南電,105.5,109.5,105.5,109.0,3056644,108.04385375976562
2025-06-11,8046,南電,109.0,112.0,108.0,111.5,3519440,110.52192687988281
2025-06-12,8046,南電,110.5,111.0,109.0,110.0,1639120,109.03508758544922
2025-06-13,8046,南電,108.5,108.5,106.5,106.5,1377701,105.56578826904297
2025-06-16,8046,南電,106.0,110.0,105.0,110.0,2849577,109.03508758544922
2025-06-17,8046,南電,112.0,113.0,108.0,108.0,2070210,107.05262756347656
2025-06-18,8046,南電,108.5,109.5,108.0,109.0,959242,108.04385375976562
2025-06-19,8046,南電,109.5,109.5,105.5,106.5,1242275,105.56578826904297
2025-06-20,8046,南電,107.0,107.5,104.0,105.0,1172160,104.07894134521484
2025-06-23,8046,南電,104.0,109.0,101.5,107.5,5721257,106.55701446533203
2025-06-24,8046,南電,109.0,113.0,109.0,112.0,4079170,111.01753997802734
2025-06-25,8046,南電,112.5,114.0,111.5,112.5,2271130,111.51315307617188
2025-06-26,8046,南電,112.5,114.5,112.5,113.0,1858490,112.0087661743164
2025-06-27,8046,南電,114.5,114.5,111.0,112.5,2079377,111.51315307617188
2025-06-30,8046,南電,112.5,113.0,110.5,112.0,828293,111.01753997802734
2025-07-01,8046,南電,112.5,116.5,111.5,111.5,2507664,110.52192687988281
2025-07-02,8046,南電,111.5,115.0,110.0,114.0,2239498,113.0
2025-07-03,8046,南電,114.0,124.0,113.5,124.0,14093526,124.0
2025-07-04,8046,南電,124.5,132.0,124.0,126.0,22776713,126.0
2025-07-07,8046,南電,130.0,138.0,124.5,125.0,31118863,125.0
2025-07-08,8046,南電,120.5,127.5,117.5,126.5,12375177,126.5
2025-07-09,8046,南電,126.0,139.0,124.5,139.0,26817586,139.0
2025-07-10,8046,南電,142.5,145.5,140.0,140.0,48657030,140.0
2025-07-11,8046,南電,140.0,145.5,138.5,144.5,19723989,144.5
2025-07-14,8046,南電,144.5,147.5,140.5,143.5,14497852,143.5
2025-07-15,8046,南電,147.0,157.5,147.0,157.5,24474830,157.5
2025-07-16,8046,南電,161.0,173.0,160.0,173.0,86901637,173.0
2025-07-17,8046,南電,175.0,177.0,168.5,170.0,60751699,170.0
2025-07-18,8046,南電,168.0,171.5,164.5,171.0,32548685,171.0
2025-07-21,8046,南電,170.5,173.0,166.5,168.0,19212318,168.0
2025-07-22,8046,南電,169.5,170.0,161.5,163.0,16813873,163.0
2025-07-23,8046,南電,169.0,179.0,164.5,171.5,45046864,171.5
2025-07-24,8046,南電,172.0,177.5,169.0,175.0,25688397,175.0
2025-07-25,8046,南電,175.0,187.5,174.0,180.5,52219342,180.5
2025-07-28,8046,南電,183.5,185.5,181.5,184.5,23512128,184.5
2025-07-29,8046,南電,184.5,189.0,176.0,177.0,42965667,177.0
2025-07-30,8046,南電,179.5,182.0,176.5,180.0,16276672,180.0
2025-07-31,8046,南電,179.0,183.0,176.5,177.5,12524340,177.5
2025-08-04,8046,南電,177.0,178.0,173.0,176.5,10039007,176.5
2025-08-05,8046,南電,178.0,179.5,176.5,177.5,10179867,177.5
2025-08-06,8046,南電,178.5,179.0,173.5,174.0,7747897,174.0
2025-08-07,8046,南電,175.5,177.0,172.5,172.5,6125900,172.5
2025-08-08,8046,南電,172.5,176.0,166.0,168.5,12344955,168.5
2025-08-11,8046,南電,168.5,182.5,167.0,181.0,22911471,181.0
2025-08-12,8046,南電,181.5,182.0,175.0,177.0,10130700,177.0
2025-08-13,8046,南電,179.5,180.0,170.5,172.5,10876042,172.5
2025-08-14,8046,南電,172.5,178.0,170.5,171.0,8686655,171.0
2025-08-15,8046,南電,172.5,179.5,168.5,169.5,15053011,169.5
2025-08-18,8046,南電,170.0,183.0,169.0,183.0,22211840,183.0
2025-08-19,8046,南電,194.0,195.5,178.0,180.0,32740547,180.0
2025-08-20,8046,南電,177.0,177.5,167.0,167.0,17023625,167.0
2025-08-21,8046,南電,170.5,171.5,168.0,169.0,6338937,169.0
2025-08-22,8046,南電,171.0,173.0,169.0,172.5,5132118,172.5
2025-08-25,8046,南電,176.0,187.0,176.0,186.0,20666953,186.0
2025-08-26,8046,南電,195.0,200.0,184.5,187.0,41238861,187.0
2025-08-27,8046,南電,196.5,205.5,195.0,205.5,28676756,205.5
2025-08-28,8046,南電,213.0,226.0,208.0,226.0,60456441,226.0
2025-08-29,8046,南電,232.0,233.0,219.0,220.0,64920387,220.0
2025-09-01,8046,南電,220.0,220.0,198.0,201.0,25014198,201.0
2025-09-02,8046,南電,202.5,203.0,193.0,197.0,19801597,197.0
2025-09-03,8046,南電,196.5,197.0,190.0,190.5,12274768,190.5
2025-09-04,8046,南電,196.0,196.5,185.0,185.5,16457361,185.5
2025-09-05,8046,南電,188.0,191.0,185.0,187.5,12834095,187.5
2025-09-08,8046,南電,188.5,192.5,185.5,186.0,9818129,186.0
2025-09-09,8046,南電,188.0,191.0,183.0,184.0,10871758,184.0
2025-09-10,8046,南電,186.0,188.5,183.0,185.0,10071968,185.0
2025-09-11,8046,南電,188.5,190.0,178.5,179.5,12788220,179.5
2025-09-12,8046,南電,181.5,185.0,180.5,184.0,9291426,184.0
2025-09-15,8046,南電,184.0,184.5,177.5,179.0,6450534,179.0
2025-09-16,8046,南電,183.5,196.5,182.0,196.5,17599073,196.5
2025-09-17,8046,南電,200.5,201.5,191.0,193.5,40090726,193.5
2025-09-18,8046,南電,194.5,201.5,192.5,200.0,20868494,200.0
2025-09-19,8046,南電,208.0,220.0,206.5,220.0,45692219,220.0
2025-09-22,8046,南電,221.0,239.5,219.5,235.5,52543885,235.5
2025-09-23,8046,南電,239.0,248.0,231.0,234.5,45112736,234.5
2025-09-24,8046,南電,238.0,239.0,216.5,220.5,29679440,220.5
2025-09-25,8046,南電,222.0,238.0,219.0,229.0,29018079,229.0
2025-09-26,8046,南電,230.0,234.5,216.0,219.0,22654232,219.0
2025-09-30,8046,南電,224.0,232.0,222.5,226.0,15026384,226.0
2025-10-01,8046,南電,226.0,233.0,223.5,228.0,14367953,228.0
2025-10-02,8046,南電,232.0,233.0,224.5,231.0,12331316,231.0
2025-10-03,8046,南電,231.0,254.0,229.5,254.0,45523514,254.0
2025-10-07,8046,南電,258.5,261.5,247.5,253.0,43420016,253.0
2025-10-08,8046,南電,252.5,264.5,245.0,260.5,25597289,260.5
2025-10-09,8046,南電,267.5,283.0,262.5,265.0,68375872,265.0
2025-10-13,8046,南電,241.0,268.0,241.0,267.5,29037959,267.5
2025-10-14,8046,南電,275.0,279.0,254.5,256.0,43270562,256.0
2025-10-15,8046,南電,263.0,281.5,260.5,281.5,45993863,281.5
2025-10-16,8046,南電,286.5,299.0,280.0,281.5,72392198,281.5
2025-10-17,8046,南電,282.0,289.0,278.0,280.5,27855254,280.5
2025-10-20,8046,南電,285.5,292.0,274.5,277.5,23563404,277.5
2025-10-21,8046,南電,280.0,283.0,272.5,273.5,16014681,273.5
2025-10-22,8046,南電,276.0,285.0,272.0,275.5,22569595,275.5
2025-10-23,8046,南電,273.5,279.0,268.0,272.5,13104550,272.5
2025-10-27,8046,南電,282.0,288.0,276.5,278.5,19420598,278.5
2025-10-28,8046,南電,281.5,286.5,271.5,276.0,24866430,276.0
2025-10-29,8046,南電,279.0,294.0,275.5,290.5,26348039,290.5
2025-10-30,8046,南電,293.5,298.0,279.0,282.0,29196800,282.0
2025-10-31,8046,南電,286.5,296.0,283.0,290.5,28424638,290.5
2025-11-03,8046,南電,291.5,301.0,284.5,285.0,37167742,285.0
2025-11-04,8046,南電,289.0,296.5,277.0,280.0,30015841,280.0
2025-11-05,8046,南電,268.0,272.5,262.0,272.0,21258065,272.0
2025-11-06,8046,南電,277.5,277.5,263.5,273.0,20471511,273.0
2025-11-07,8046,南電,268.0,279.0,267.5,273.0,14496515,273.0
2025-11-10,8046,南電,276.5,293.0,274.5,290.5,31905709,290.5
2025-11-11,8046,南電,291.5,296.5,287.0,289.0,21453910,289.0
2025-11-12,8046,南電,294.5,296.0,283.0,284.5,18042938,284.5
2025-11-13,8046,南電,285.5,294.0,282.5,292.0,19747913,292.0
2025-11-14,8046,南電,283.5,287.0,275.5,282.5,17618004,282.5
2025-11-17,8046,南電,285.0,291.0,272.0,272.5,18174343,272.5
2025-11-18,8046,南電,269.0,276.5,261.0,265.5,17353230,265.5
2025-11-19,8046,南電,264.5,264.5,250.0,251.0,16256831,251.0
2025-11-20,8046,南電,258.0,272.5,258.0,269.0,13291911,269.0
2025-11-21,8046,南電,258.0,262.5,247.5,250.0,11705834,250.0
2025-11-24,8046,南電,253.5,253.5,242.0,247.0,9788236,247.0
2025-11-25,8046,南電,254.0,256.5,241.0,250.0,13242775,250.0
2025-11-26,8046,南電,253.0,261.5,250.0,257.0,11394713,257.0
2025-11-27,8046,南電,261.0,264.5,258.0,260.5,11500858,260.5
2025-11-28,8046,南電,261.0,264.0,256.0,262.5,7444987,262.5
2025-12-01,8046,南電,265.0,269.0,260.5,266.5,13100464,266.5
2025-12-02,8046,南電,266.5,268.0,258.5,262.0,8146716,262.0
2025-12-03,8046,南電,264.5,273.0,264.0,269.0,11361133,269.0
2025-12-04,8046,南電,269.0,272.0,258.5,258.5,11147916,258.5
2025-12-05,8046,南電,259.0,276.5,258.5,270.0,20615797,270.0
2025-12-08,8046,南電,272.0,272.5,265.0,270.0,8901971,270.0
2025-12-09,8046,南電,270.0,286.0,266.0,284.0,21297620,284.0
2025-12-10,8046,南電,288.5,293.0,278.5,280.0,14458005,280.0
2025-12-11,8046,南電,283.0,289.0,277.5,278.0,12005967,278.0
2025-12-12,8046,南電,280.5,282.5,271.0,271.5,8638426,271.5
2025-12-15,8046,南電,265.5,270.0,264.5,266.0,6276045,266.0
2025-12-16,8046,南電,263.5,264.0,246.0,249.0,10665214,249.0
2025-12-17,8046,南電,253.0,253.5,242.5,243.5,9976499,243.5
2025-12-18,8046,南電,241.5,245.0,232.0,234.5,11011900,234.5
2025-12-19,8046,南電,239.0,242.0,235.0,239.5,5790900,239.5
2025-12-22,8046,南電,244.0,246.5,240.5,244.0,4385770,244.0
2025-12-23,8046,南電,245.0,245.0,239.0,239.0,3478477,239.0
2025-12-24,8046,南電,240.5,244.0,239.0,239.0,3805739,239.0
2025-12-26,8046,南電,241.0,248.0,239.0,246.5,7159425,246.5
2025-12-29,8046,南電,247.5,247.5,237.0,240.5,6081876,240.5
2025-12-30,8046,南電,239.5,241.0,235.0,240.5,4014855,240.5
2025-12-31,8046,南電,242.0,247.0,241.0,241.0,4302002,241.0
2026-01-02,8046,南電,243.5,246.0,236.0,237.0,5552440,237.0
2026-01-05,8046,南電,243.0,247.0,237.0,241.5,11682966,241.5
2026-01-06,8046,南電,243.5,248.0,240.5,244.5,7642908,244.5
2026-01-07,8046,南電,247.0,253.5,240.0,241.5,18986425,241.5
2026-01-08,8046,南電,241.5,243.5,235.0,237.0,5491348,237.0
2026-01-09,8046,南電,237.5,242.0,235.5,240.5,4470261,240.5
2026-01-12,8046,南電,244.5,260.5,243.0,254.5,16347539,254.5
2026-01-13,8046,南電,255.5,273.5,251.5,268.0,27038179,268.0
2026-01-14,8046,南電,272.0,278.0,260.5,261.5,19529770,261.5
2026-01-15,8046,南電,262.0,278.0,258.5,263.5,19750623,263.5
2026-01-16,8046,南電,269.0,289.5,266.5,289.5,30304326,289.5
2026-01-19,8046,南電,295.0,318.0,287.0,318.0,53778089,318.0
2026-01-20,8046,南電,312.0,349.5,311.5,341.5,59623021,341.5
2026-01-21,8046,南電,349.5,375.5,345.0,361.0,47317042,361.0
2026-01-22,8046,南電,374.5,375.0,357.0,370.5,8171325,370.5
2026-01-23,8046,南電,370.5,382.0,366.0,382.0,7178030,382.0
2026-01-26,8046,南電,374.0,375.0,368.5,370.0,5048098,370.0
2026-01-27,8046,南電,374.0,396.0,374.0,395.0,2968948,395.0
2026-01-28,8046,南電,393.0,397.5,390.5,396.0,1846275,396.0
2026-01-29,8046,南電,390.0,390.0,356.5,374.0,4055995,374.0
2026-01-30,8046,南電,370.0,400.0,370.0,388.5,3756776,388.5
2026-02-02,8046,南電,381.0,381.0,360.0,368.0,2887720,368.0
2026-02-03,8046,南電,378.0,397.0,372.5,394.5,2895599,394.5
2026-02-04,8046,南電,384.0,410.0,384.0,410.0,2765548,410.0
2026-02-05,8046,南電,400.0,400.0,390.0,397.5,2271756,397.5
2026-02-06,8046,南電,375.5,379.0,360.0,379.0,3229510,379.0
2026-02-09,8046,南電,402.0,416.5,391.0,416.5,3486435,416.5
2026-02-10,8046,南電,417.0,449.5,402.5,409.5,35361678,409.5
2026-02-11,8046,南電,411.5,427.0,405.5,416.0,20473316,416.0
2026-02-23,8046,南電,448.5,457.5,448.5,457.5,6120509,457.5
2026-02-24,8046,南電,478.0,503.0,477.0,503.0,14501131,503.0
2026-02-25,8046,南電,530.0,553.0,510.0,553.0,27118910,553.0
2026-02-26,8046,南電,548.0,572.0,532.0,555.0,29243868,555.0
2026-03-02,8046,南電,540.0,566.0,531.0,541.0,3473652,541.0
2026-03-03,8046,南電,545.0,560.0,500.0,500.0,3060492,500.0
2026-03-04,8046,南電,466.0,466.0,450.0,450.0,4331670,450.0
2026-03-05,8046,南電,488.0,488.0,441.5,461.0,4122457,461.0
2026-03-06,8046,南電,461.0,471.5,450.0,469.5,2339913,469.5
2026-03-09,8046,南電,423.0,423.0,423.0,423.0,617183,423.0
2026-03-10,8046,南電,434.5,445.0,409.0,428.0,3736742,428.0
2026-03-11,8046,南電,444.5,470.5,444.5,470.5,1666335,470.5
2026-03-12,8046,南電,459.0,480.0,458.0,468.5,1846647,468.5
2026-03-13,8046,南電,456.0,515.0,456.0,515.0,3270438,515.0
2026-03-16,8046,南電,542.0,566.0,508.0,566.0,30167740,566.0
2026-03-17,8046,南電,580.0,603.0,540.0,544.0,28812746,544.0
2026-03-18,8046,南電,549.0,580.0,535.0,567.0,18334709,567.0
2026-03-19,8046,南電,554.0,582.0,543.0,561.0,19121051,561.0
2026-03-20,8046,南電,563.0,571.0,525.0,541.0,19629090,541.0
2026-03-23,8046,南電,511.0,539.0,507.0,534.0,15277046,534.0
2026-03-24,8046,南電,551.0,562.0,486.0,491.0,30072587,491.0
2026-03-25,8046,南電,510.0,540.0,510.0,540.0,10726972,540.0
2026-03-26,8046,南電,550.0,593.0,544.0,569.0,30559025,569.0
2026-03-27,8046,南電,553.0,587.0,543.0,561.0,25050492,561.0
2026-03-30,8046,南電,543.0,580.0,541.0,580.0,19320765,580.0
2026-03-31,8046,南電,567.0,581.0,522.0,522.0,22415117,522.0
2026-04-01,8046,南電,561.0,574.0,551.0,574.0,17302447,574.0
2026-04-02,8046,南電,588.0,627.0,564.0,568.0,46263456,568.0
2026-04-07,8046,南電,596.0,624.0,593.0,624.0,22976129,624.0
2026-04-08,8046,南電,658.0,664.0,636.0,637.0,31538395,637.0
2026-04-09,8046,南電,643.0,693.0,643.0,669.0,24195071,669.0
2026-04-10,8046,南電,679.0,685.0,646.0,667.0,20419720,667.0
2026-04-13,8046,南電,667.0,675.0,650.0,655.0,8814345,655.0
2026-04-14,8046,南電,675.0,685.0,635.0,646.0,14464302,646.0
2026-04-15,8046,南電,652.0,682.0,640.0,656.0,17575621,656.0
2026-04-16,8046,南電,665.0,721.0,651.0,721.0,21254342,721.0
2026-04-17,8046,南電,728.0,749.0,708.0,724.0,25227723,724.0
2026-04-20,8046,南電,740.0,796.0,738.0,796.0,17055757,796.0
2026-04-21,8046,南電,812.0,820.0,780.0,789.0,29481976,789.0
2026-04-22,8046,南電,810.0,825.0,793.0,803.0,18698804,803.0
2026-04-23,8046,南電,825.0,865.0,768.0,795.0,29493909,795.0
2026-04-24,8046,南電,837.0,874.0,835.0,874.0,22112991,874.0
2026-04-27,8046,南電,930.0,959.0,860.0,913.0,27647924,913.0
2026-04-28,8046,南電,937.0,977.0,904.0,932.0,23286333,932.0
2026-04-29,8046,南電,925.0,963.0,910.0,916.0,17288197,916.0
2026-04-30,8046,南電,935.0,1005.0,926.0,1005.0,20336203,1005.0
2026-05-04,8046,南電,1020.0,1025.0,960.0,986.0,21653577,986.0
2026-05-05,8046,南電,986.0,1035.0,975.0,997.0,11624024,997.0
2026-05-06,8046,南電,1005.0,1025.0,901.0,940.0,21747666,940.0
2026-05-07,8046,南電,970.0,980.0,932.0,947.0,11579428,947.0
2026-05-08,8046,南電,942.0,942.0,853.0,854.0,18940919,854.0
2026-05-11,8046,南電,857.0,918.0,857.0,908.0,13367644,908.0
2026-05-12,8046,南電,928.0,965.0,899.0,900.0,15206707,900.0
2026-05-13,8046,南電,861.0,896.0,861.0,880.0,11307783,880.0
2026-05-14,8046,南電,899.0,900.0,846.0,847.0,19126039,847.0
2026-05-15,8046,南電,851.0,855.0,780.0,786.0,17829658,786.0
2026-05-18,8046,南電,775.0,798.0,765.0,791.0,10484883,791.0
2026-05-19,8046,南電,800.0,830.0,786.0,798.0,9611338,798.0
2026-05-20,8046,南電,807.0,843.0,783.0,829.0,12858887,829.0
2024-06-19,^TWII,加權指數,22858.44921875,23275.30078125,22858.44921875,23209.5390625,5033100,23209.5390625
2024-06-20,^TWII,加權指數,23196.689453125,23406.099609375,23180.69921875,23406.099609375,4446000,23406.099609375
2024-06-21,^TWII,加權指數,23193.900390625,23351.169921875,23151.150390625,23253.390625,6457400,23253.390625
2024-06-24,^TWII,加權指數,23124.310546875,23131.6796875,22813.69921875,22813.69921875,5094100,22813.69921875
2024-06-25,^TWII,加權指數,22695.150390625,22875.970703125,22503.0,22875.970703125,4386700,22875.970703125
2024-06-26,^TWII,加權指數,22938.5703125,23074.740234375,22893.75,22986.689453125,4289300,22986.689453125
2024-06-27,^TWII,加權指數,22859.9296875,22922.560546875,22765.16015625,22905.98046875,4535700,22905.98046875
2024-06-28,^TWII,加權指數,22896.720703125,23142.400390625,22896.720703125,23032.25,4348300,23032.25
2024-07-01,^TWII,加權指數,23042.69921875,23187.880859375,23015.169921875,23058.5703125,4294900,23058.5703125
2024-07-02,^TWII,加權指數,23012.740234375,23041.900390625,22833.779296875,22879.369140625,5034500,22879.369140625
2024-07-03,^TWII,加權指數,23009.8203125,23172.4296875,22994.279296875,23172.4296875,5720700,23172.4296875
2024-07-04,^TWII,加權指數,23360.880859375,23571.8203125,23360.880859375,23522.529296875,5361000,23522.529296875
2024-07-05,^TWII,加權指數,23532.009765625,23628.859375,23491.7890625,23556.58984375,5319900,23556.58984375
2024-07-08,^TWII,加權指數,23550.640625,24011.640625,23505.859375,23878.150390625,5644800,23878.150390625
2024-07-09,^TWII,加權指數,23888.19921875,24126.66015625,23607.919921875,23900.080078125,6353500,23900.080078125
2024-07-10,^TWII,加權指數,23744.880859375,24040.609375,23682.490234375,24007.080078125,5510500,24007.080078125
2024-07-11,^TWII,加權指數,24242.029296875,24416.669921875,24151.80078125,24390.029296875,5761800,24390.029296875
2024-07-12,^TWII,加權指數,23955.669921875,24045.73046875,23774.220703125,23916.9296875,6056600,23916.9296875
2024-07-15,^TWII,加權指數,23927.91015625,24018.310546875,23759.509765625,23879.359375,5209800,23879.359375
2024-07-16,^TWII,加權指數,23880.330078125,24174.1796875,23861.76953125,23997.25,4762100,23997.25
2024-07-17,^TWII,加權指數,23827.26953125,23993.6796875,23650.939453125,23769.8203125,6025100,23769.8203125
2024-07-18,^TWII,加權指數,23373.009765625,23450.91015625,23148.740234375,23398.470703125,5618700,23398.470703125
2024-07-19,^TWII,加權指數,23228.0390625,23235.8203125,22865.83984375,22869.259765625,5435600,22869.259765625
2024-07-22,^TWII,加權指數,22818.859375,22818.859375,22130.880859375,22256.990234375,5194300,22256.990234375
2024-07-23,^TWII,加權指數,22514.75,22871.83984375,22514.75,22871.83984375,3915800,22871.83984375
2024-07-26,^TWII,加權指數,22206.9296875,22206.9296875,21889.609375,22119.2109375,4132300,22119.2109375
2024-07-29,^TWII,加權指數,22321.369140625,22471.400390625,22128.140625,22164.490234375,3920300,22164.490234375
2024-07-30,^TWII,加權指數,22040.0390625,22276.390625,21833.849609375,22223.5703125,3659100,22223.5703125
2024-07-31,^TWII,加權指數,22088.779296875,22315.310546875,22046.2890625,22199.349609375,3673200,22199.349609375
2024-08-01,^TWII,加權指數,22546.400390625,22652.2109375,22465.060546875,22642.099609375,4149100,22642.099609375
2024-08-02,^TWII,加權指數,22141.19921875,22141.19921875,21636.220703125,21638.08984375,4570100,21638.08984375
2024-08-05,^TWII,加權指數,20982.919921875,20982.919921875,19783.5,19830.880859375,6413800,19830.880859375
2024-08-06,^TWII,加權指數,20344.390625,20751.5,19662.740234375,20501.01953125,6051700,20501.01953125
2024-08-07,^TWII,加權指數,20638.279296875,21306.23046875,20638.279296875,21295.279296875,3982300,21295.279296875
2024-08-08,^TWII,加權指數,21047.16015625,21074.189453125,20723.259765625,20870.099609375,3746500,20870.099609375
2024-08-09,^TWII,加權指數,21212.0,21613.759765625,21212.0,21469.0,4426600,21469.0
2024-08-12,^TWII,加權指數,21598.9296875,21897.98046875,21598.9296875,21773.259765625,3821500,21773.259765625
2024-08-13,^TWII,加權指數,21816.0703125,21866.630859375,21698.470703125,21796.5703125,3389300,21796.5703125
2024-08-14,^TWII,加權指數,21952.029296875,22155.2890625,21942.220703125,22027.25,3955900,22027.25
2024-08-15,^TWII,加權指數,22005.689453125,22089.0390625,21895.169921875,21895.169921875,3151800,21895.169921875
2024-08-16,^TWII,加權指數,22114.720703125,22374.939453125,22114.720703125,22349.330078125,3855200,22349.330078125
2024-08-19,^TWII,加權指數,22338.830078125,22485.91015625,22307.169921875,22409.630859375,3122100,22409.630859375
2024-08-20,^TWII,加權指數,22464.0703125,22545.890625,22369.25,22429.099609375,3871600,22429.099609375
2024-08-21,^TWII,加權指數,22316.779296875,22358.880859375,22165.8203125,22237.890625,4134900,22237.890625
2024-08-22,^TWII,加權指數,22254.58984375,22315.919921875,22096.259765625,22148.830078125,3019700,22148.830078125
2024-08-23,^TWII,加權指數,22042.58984375,22159.26953125,21935.98046875,22158.05078125,4275900,22158.05078125
2024-08-26,^TWII,加權指數,22250.490234375,22449.44921875,22164.529296875,22240.119140625,4880500,22240.119140625
2024-08-27,^TWII,加權指數,22179.2109375,22205.109375,22059.509765625,22185.0,3660500,22185.0
2024-08-28,^TWII,加權指數,22210.5703125,22370.66015625,22108.859375,22370.66015625,3293800,22370.66015625
2024-08-29,^TWII,加權指數,22136.310546875,22273.619140625,22010.890625,22201.849609375,3416000,22201.849609375
2024-08-30,^TWII,加權指數,22230.0703125,22342.25,22230.0703125,22268.08984375,4245800,22268.08984375
2024-09-02,^TWII,加權指數,22341.900390625,22439.310546875,22178.0390625,22235.099609375,2928000,22235.099609375
2024-09-03,^TWII,加權指數,22240.109375,22303.5,22092.2109375,22092.2109375,2936800,22092.2109375
2024-09-04,^TWII,加權指數,21574.650390625,21574.650390625,20922.169921875,21092.75,4571100,21092.75
2024-09-05,^TWII,加權指數,21271.08984375,21488.810546875,21150.990234375,21187.7109375,3353700,21187.7109375
2024-09-06,^TWII,加權指數,21255.44921875,21461.7109375,21125.140625,21435.189453125,2587200,21435.189453125
2024-09-09,^TWII,加權指數,21127.810546875,21163.91015625,20922.509765625,21144.439453125,2944600,21144.439453125
2024-09-10,^TWII,加權指數,21252.5703125,21324.4296875,20977.0,21064.080078125,3118200,21064.080078125
2024-09-11,^TWII,加權指數,21089.1796875,21134.05078125,21031.0,21031.0,2863800,21031.0
2024-09-12,^TWII,加權指數,21373.640625,21706.849609375,21373.640625,21653.25,3050300,21653.25
2024-09-13,^TWII,加權指數,21754.359375,21796.390625,21643.220703125,21759.650390625,2514700,21759.650390625
2024-09-16,^TWII,加權指數,21800.0,21854.740234375,21736.69921875,21850.080078125,2823700,21850.080078125
2024-09-18,^TWII,加權指數,21813.5390625,21859.16015625,21584.630859375,21678.83984375,3989100,21678.83984375
2024-09-19,^TWII,加權指數,21675.400390625,22042.689453125,21656.66015625,22042.689453125,3393700,22042.689453125
2024-09-20,^TWII,加權指數,22246.240234375,22354.5390625,22136.529296875,22159.419921875,5085000,22159.419921875
2024-09-23,^TWII,加權指數,22170.939453125,22307.4609375,22170.939453125,22285.529296875,3582300,22285.529296875
2024-09-24,^TWII,加權指數,22273.7890625,22431.779296875,22154.55078125,22431.779296875,3517800,22431.779296875
2024-09-25,^TWII,加權指數,22569.2890625,22785.3203125,22569.2890625,22761.599609375,4014100,22761.599609375
2024-09-26,^TWII,加權指數,22841.419921875,22961.76953125,22769.240234375,22858.810546875,3923400,22858.810546875
2024-09-27,^TWII,加權指數,22978.970703125,23079.2109375,22806.830078125,22822.7890625,4104100,22822.7890625
2024-09-30,^TWII,加權指數,22643.91015625,22691.23046875,22224.5390625,22224.5390625,3569300,22224.5390625
2024-10-01,^TWII,加權指數,22329.650390625,22446.859375,22311.330078125,22390.390625,2789600,22390.390625
2024-10-04,^TWII,加權指數,22459.099609375,22493.05078125,22193.5,22302.7109375,3632200,22302.7109375
2024-10-07,^TWII,加權指數,22479.240234375,22719.0703125,22479.240234375,22702.560546875,3508600,22702.560546875
2024-10-08,^TWII,加權指數,22691.3203125,22691.3203125,22418.380859375,22611.390625,3557200,22611.390625
2024-10-09,^TWII,加權指數,22637.169921875,22885.94921875,22637.169921875,22659.080078125,3670800,22659.080078125
2024-10-11,^TWII,加權指數,22726.189453125,23011.109375,22726.189453125,22901.640625,3012500,22901.640625
2024-10-14,^TWII,加權指數,22947.3203125,23015.55078125,22799.140625,22975.2890625,2706500,22975.2890625
2024-10-15,^TWII,加權指數,23083.69921875,23353.91015625,23082.060546875,23292.0390625,3579700,23292.0390625
2024-10-16,^TWII,加權指數,22990.640625,23258.51953125,22866.73046875,23010.98046875,3698000,23010.98046875
2024-10-17,^TWII,加權指數,23114.2109375,23191.7890625,22950.69921875,23053.83984375,3263300,23053.83984375
2024-10-18,^TWII,加權指數,23620.5703125,23713.69921875,23378.359375,23487.26953125,3775600,23487.26953125
2024-10-21,^TWII,加權指數,23602.98046875,23678.509765625,23480.060546875,23542.529296875,3005000,23542.529296875
2024-10-22,^TWII,加權指數,23428.109375,23535.4296875,23269.859375,23535.4296875,3046700,23535.4296875
2024-10-23,^TWII,加權指數,23402.240234375,23486.44921875,23318.83984375,23334.759765625,3039000,23334.759765625
2024-10-24,^TWII,加權指數,23446.640625,23446.640625,23150.76953125,23192.51953125,3322300,23192.51953125
2024-10-25,^TWII,加權指數,23255.0703125,23388.529296875,23222.76953125,23348.44921875,2744200,23348.44921875
2024-10-28,^TWII,加權指數,23455.689453125,23547.119140625,23164.419921875,23198.0703125,2880000,23198.0703125
2024-10-29,^TWII,加權指數,23048.44921875,23056.5703125,22711.099609375,22926.58984375,2933400,22926.58984375
2024-10-30,^TWII,加權指數,22985.130859375,23116.330078125,22801.44921875,22820.4296875,2981400,22820.4296875
2024-11-01,^TWII,加權指數,22438.9296875,22828.98046875,22231.939453125,22780.080078125,3569900,22780.080078125
2024-11-04,^TWII,加權指數,22839.1796875,23020.990234375,22792.76953125,22965.390625,2715900,22965.390625
2024-11-05,^TWII,加權指數,22870.109375,23178.80078125,22849.830078125,23106.7890625,2872200,23106.7890625
2024-11-06,^TWII,加權指數,23112.94921875,23439.390625,23035.30078125,23217.380859375,3163400,23217.380859375
2024-11-07,^TWII,加權指數,23180.009765625,23518.630859375,23132.939453125,23408.8203125,3751300,23408.8203125
2024-11-08,^TWII,加權指數,23608.109375,23699.69921875,23509.130859375,23553.890625,3635500,23553.890625
2024-11-11,^TWII,加權指數,23477.75,23563.80078125,23306.66015625,23529.640625,3158800,23529.640625
2024-11-12,^TWII,加權指數,23276.759765625,23276.759765625,22981.76953125,22981.76953125,3983600,22981.76953125
2024-11-13,^TWII,加權指數,22894.91015625,23046.470703125,22860.23046875,22860.23046875,3491500,22860.23046875
2024-11-14,^TWII,加權指數,22821.0390625,22893.8203125,22619.7109375,22715.380859375,3593400,22715.380859375
2024-11-15,^TWII,加權指數,22767.109375,22940.80078125,22690.76953125,22742.76953125,3823100,22742.76953125
2024-11-18,^TWII,加權指數,22693.9609375,22781.76953125,22503.689453125,22546.5390625,3431100,22546.5390625
2024-11-19,^TWII,加權指數,22614.740234375,22906.689453125,22578.75,22848.80078125,3689400,22848.80078125
2024-11-20,^TWII,加權指數,22872.91015625,22977.560546875,22622.470703125,22688.359375,3757700,22688.359375
2024-11-21,^TWII,加權指數,22671.66015625,22708.5703125,22490.279296875,22555.66015625,3395800,22555.66015625
2024-11-22,^TWII,加權指數,22799.529296875,23019.0390625,22799.529296875,22904.3203125,3505100,22904.3203125
2024-11-25,^TWII,加權指數,22996.05078125,23172.4296875,22948.369140625,22948.369140625,5048900,22948.369140625
2024-11-26,^TWII,加權指數,22789.599609375,22832.109375,22645.130859375,22678.759765625,2985600,22678.759765625
2024-11-27,^TWII,加權指數,22665.580078125,22743.990234375,22334.779296875,22334.779296875,3577000,22334.779296875
2024-11-28,^TWII,加權指數,22380.44921875,22413.25,22124.310546875,22298.900390625,3123400,22298.900390625
2024-11-29,^TWII,加權指數,22202.279296875,22429.859375,22055.380859375,22262.5,2801000,22262.5
2024-12-02,^TWII,加權指數,22456.5,22802.529296875,22456.5,22736.9296875,2812700,22736.9296875
2024-12-03,^TWII,加權指數,22972.30078125,23144.779296875,22972.30078125,23027.4609375,3099500,23027.4609375
2024-12-04,^TWII,加權指數,23126.080078125,23255.330078125,23034.69921875,23255.330078125,2836900,23255.330078125
2024-12-05,^TWII,加權指數,23308.2890625,23387.169921875,23225.310546875,23267.939453125,2847600,23267.939453125
2024-12-06,^TWII,加權指數,23278.6796875,23361.119140625,23137.619140625,23193.26953125,2954100,23193.26953125
2024-12-09,^TWII,加權指數,23287.7890625,23325.990234375,23172.220703125,23273.25,3209600,23273.25
2024-12-10,^TWII,加權指數,23228.259765625,23329.009765625,23071.4296875,23125.080078125,2908900,23125.080078125
2024-12-11,^TWII,加權指數,23108.359375,23108.359375,22880.5703125,22903.630859375,2760300,22903.630859375
2024-12-12,^TWII,加權指數,23050.640625,23189.2890625,23030.48046875,23046.80078125,3059200,23046.80078125
2024-12-13,^TWII,加權指數,23002.369140625,23097.51953125,22920.83984375,23020.48046875,3046000,23020.48046875
2024-12-16,^TWII,加權指數,23207.2109375,23264.400390625,22959.91015625,23039.900390625,3188400,23039.900390625
2024-12-17,^TWII,加權指數,23131.5703125,23223.509765625,23018.009765625,23018.009765625,3429100,23018.009765625
2024-12-18,^TWII,加權指數,23014.4296875,23211.169921875,22934.58984375,23168.669921875,3298300,23168.669921875
2024-12-19,^TWII,加權指數,22947.560546875,22947.560546875,22743.30078125,22932.25,3445900,22932.25
2024-12-20,^TWII,加權指數,22798.390625,22845.58984375,22510.25,22510.25,4683900,22510.25
2024-12-23,^TWII,加權指數,22811.560546875,23132.25,22811.560546875,23104.5390625,3504100,23104.5390625
2024-12-24,^TWII,加權指數,23260.740234375,23326.25,23120.240234375,23120.240234375,3344300,23120.240234375
2024-12-25,^TWII,加權指數,23226.349609375,23296.359375,23159.359375,23220.130859375,3073700,23220.130859375
2024-12-26,^TWII,加權指數,23276.080078125,23320.619140625,23241.939453125,23246.939453125,2941300,23246.939453125
2024-12-27,^TWII,加權指數,23251.279296875,23335.66015625,23204.349609375,23275.6796875,2416800,23275.6796875
2024-12-30,^TWII,加權指數,23274.259765625,23331.669921875,23159.69921875,23190.19921875,2483600,23190.19921875
2024-12-31,^TWII,加權指數,23094.0703125,23123.9609375,22972.990234375,23035.099609375,2572400,23035.099609375
2025-01-02,^TWII,加權指數,22975.7109375,23038.080078125,22713.630859375,22832.060546875,3148600,22832.060546875
2025-01-03,^TWII,加權指數,23018.560546875,23092.0703125,22905.400390625,22908.30078125,2828200,22908.30078125
2025-01-06,^TWII,加權指數,23131.7890625,23553.2890625,23131.7890625,23547.7109375,2957500,23547.7109375
2025-01-07,^TWII,加權指數,23824.720703125,23943.94921875,23651.26953125,23651.26953125,3207900,23651.26953125
2025-01-08,^TWII,加權指數,23522.2890625,23671.279296875,23388.630859375,23407.330078125,2606700,23407.330078125
2025-01-09,^TWII,加權指數,23406.720703125,23463.9609375,23081.130859375,23081.130859375,3399500,23081.130859375
2025-01-10,^TWII,加權指數,23067.4609375,23202.25,22989.669921875,23011.859375,2979400,23011.859375
2025-01-13,^TWII,加權指數,23070.3203125,23070.3203125,22458.220703125,22488.330078125,3544500,22488.330078125
2025-01-14,^TWII,加權指數,22573.9609375,22797.51953125,22542.9296875,22797.51953125,2319000,22797.51953125
2025-01-15,^TWII,加權指數,22757.4609375,22777.33984375,22509.650390625,22514.5703125,2359800,22514.5703125
2025-01-16,^TWII,加權指數,22817.51953125,23147.689453125,22817.51953125,23025.099609375,2497000,23025.099609375
2025-01-17,^TWII,加權指數,23190.119140625,23209.880859375,22905.529296875,23148.080078125,2465000,23148.080078125
2025-01-20,^TWII,加權指數,23203.470703125,23346.640625,23176.4296875,23266.8203125,2168200,23266.8203125
2025-01-21,^TWII,加權指數,23266.8203125,23377.640625,23174.01953125,23300.009765625,0,23300.009765625
2025-01-22,^TWII,加權指數,23472.669921875,23642.080078125,23472.669921875,23525.41015625,2695000,23525.41015625
2025-02-03,^TWII,加權指數,22796.7109375,22796.7109375,22502.19921875,22694.7109375,3428900,22694.7109375
2025-02-04,^TWII,加權指數,22836.26953125,22934.310546875,22720.619140625,22793.9609375,2990000,22793.9609375
2025-02-05,^TWII,加權指數,22916.380859375,23249.330078125,22916.380859375,23161.580078125,2482200,23161.580078125
2025-02-06,^TWII,加權指數,23226.5,23348.419921875,23216.650390625,23316.599609375,2400700,23316.599609375
2025-02-07,^TWII,加權指數,23289.970703125,23478.26953125,23254.169921875,23478.26953125,2672200,23478.26953125
2025-02-10,^TWII,加權指數,23421.76953125,23448.16015625,23163.849609375,23252.140625,2706000,23252.140625
2025-02-11,^TWII,加權指數,23321.919921875,23485.509765625,23289.759765625,23384.05078125,2956500,23384.05078125
2025-02-12,^TWII,加權指數,23449.310546875,23528.609375,23289.75,23289.75,3159400,23289.75
2025-02-13,^TWII,加權指數,23263.279296875,23413.099609375,23206.44921875,23399.41015625,3604700,23399.41015625
2025-02-14,^TWII,加權指數,23198.390625,23276.240234375,23142.94921875,23152.609375,3818900,23152.609375
2025-02-17,^TWII,加權指數,23258.169921875,23510.6796875,23242.83984375,23505.330078125,3408200,23505.330078125
2025-02-18,^TWII,加權指數,23550.5,23666.109375,23454.08984375,23666.109375,3038600,23666.109375
2025-02-19,^TWII,加權指數,23589.439453125,23683.4609375,23550.990234375,23604.080078125,3534600,23604.080078125
2025-02-20,^TWII,加權指數,23530.970703125,23576.7109375,23400.75,23487.4609375,3563200,23487.4609375
2025-02-21,^TWII,加權指數,23526.130859375,23732.580078125,23488.419921875,23730.25,3518400,23730.25
2025-02-24,^TWII,加權指數,23573.80078125,23605.220703125,23461.4296875,23565.310546875,3211200,23565.310546875
2025-02-25,^TWII,加權指數,23376.419921875,23376.419921875,23209.529296875,23285.720703125,3717900,23285.720703125
2025-02-26,^TWII,加權指數,23221.83984375,23431.240234375,23156.01953125,23402.55078125,3362900,23402.55078125
2025-02-27,^TWII,加權指數,23446.4609375,23487.73046875,23053.1796875,23053.1796875,5093000,23053.1796875
2025-03-03,^TWII,加權指數,22734.05078125,22775.01953125,22611.099609375,22756.25,3324900,22756.25
2025-03-04,^TWII,加權指數,22508.80078125,22700.939453125,22359.5,22596.880859375,3100900,22596.880859375
2025-03-05,^TWII,加權指數,22778.859375,22948.30078125,22757.220703125,22871.900390625,3075000,22871.900390625
2025-03-06,^TWII,加權指數,22930.109375,22979.970703125,22715.4296875,22715.4296875,2851500,22715.4296875
2025-03-07,^TWII,加權指數,22696.23046875,22747.109375,22542.080078125,22576.0703125,2987500,22576.0703125
2025-03-10,^TWII,加權指數,22548.98046875,22641.25,22407.5703125,22459.150390625,3078100,22459.150390625
2025-03-11,^TWII,加權指數,22126.060546875,22140.390625,21769.5703125,22071.08984375,3604700,22071.08984375
2025-03-12,^TWII,加權指數,22171.099609375,22391.470703125,22153.609375,22278.359375,3159800,22278.359375
2025-03-13,^TWII,加權指數,22403.33984375,22552.4296875,21961.6796875,21961.6796875,3666300,21961.6796875
2025-03-14,^TWII,加權指數,21986.810546875,22074.029296875,21895.900390625,21968.05078125,3373300,21968.05078125
2025-03-17,^TWII,加權指數,22137.529296875,22306.830078125,22110.080078125,22118.630859375,2961500,22118.630859375
2025-03-18,^TWII,加權指數,22204.619140625,22327.099609375,22186.419921875,22271.669921875,2652000,22271.669921875
2025-03-19,^TWII,加權指數,22245.419921875,22247.66015625,21942.689453125,21960.830078125,2916300,21960.830078125
2025-03-20,^TWII,加權指數,22171.0,22377.259765625,22171.0,22377.259765625,2626000,22377.259765625
2025-03-21,^TWII,加權指數,22362.380859375,22366.94921875,22200.23046875,22209.099609375,3597700,22209.099609375
2025-03-24,^TWII,加權指數,22348.380859375,22380.73046875,22106.640625,22106.640625,2651400,22106.640625
2025-03-25,^TWII,加權指數,22269.369140625,22414.01953125,22228.6796875,22273.189453125,2553000,22273.189453125
2025-03-26,^TWII,加權指數,22327.609375,22398.119140625,22235.890625,22260.2890625,2295800,22260.2890625
2025-03-27,^TWII,加權指數,22093.19921875,22093.19921875,21919.400390625,21951.759765625,2674800,21951.759765625
2025-03-28,^TWII,加權指數,21836.16015625,21836.16015625,21525.05078125,21602.890625,3242700,21602.890625
2025-03-31,^TWII,加權指數,21254.630859375,21254.630859375,20695.900390625,20695.900390625,4034100,20695.900390625
2025-04-01,^TWII,加權指數,20884.529296875,21315.51953125,20884.529296875,21280.169921875,2753300,21280.169921875
2025-04-02,^TWII,加權指數,21313.76953125,21390.51953125,21235.990234375,21298.220703125,2300200,21298.220703125
2025-04-07,^TWII,加權指數,20153.5703125,20153.5703125,19212.01953125,19232.349609375,1558900,19232.349609375
2025-04-08,^TWII,加權指數,19064.470703125,19064.470703125,18180.48046875,18459.94921875,5839900,18459.94921875
2025-04-09,^TWII,加權指數,18337.439453125,18371.51953125,17306.970703125,17391.759765625,6177900,17391.759765625
2025-04-10,^TWII,加權指數,18256.470703125,19024.470703125,18256.470703125,19000.029296875,2659600,19000.029296875
2025-04-11,^TWII,加權指數,18772.5,19528.76953125,18418.19921875,19528.76953125,4766500,19528.76953125
2025-04-14,^TWII,加權指數,19686.6796875,20023.630859375,19508.9296875,19513.08984375,4176300,19513.08984375
2025-04-15,^TWII,加權指數,19609.900390625,19895.4296875,19576.150390625,19857.669921875,2866400,19857.669921875
2025-04-16,^TWII,加權指數,19737.08984375,19737.08984375,19453.140625,19468.0,2805300,19468.0
2025-04-17,^TWII,加權指數,19389.51953125,19478.0,19196.470703125,19338.73046875,2300500,19338.73046875
2025-04-18,^TWII,加權指數,19423.98046875,19499.279296875,19376.349609375,19395.029296875,2123700,19395.029296875
2025-04-21,^TWII,加權指數,19321.140625,19359.9609375,19080.599609375,19106.19921875,2325500,19106.19921875
2025-04-22,^TWII,加權指數,18990.859375,19059.650390625,18793.4296875,18793.4296875,2526000,18793.4296875
2025-04-23,^TWII,加權指數,19163.609375,19639.140625,19163.609375,19639.140625,2694600,19639.140625
2025-04-24,^TWII,加權指數,19752.58984375,19752.58984375,19433.369140625,19478.810546875,2418200,19478.810546875
2025-04-25,^TWII,加權指數,19861.240234375,20012.26953125,19861.240234375,19872.73046875,2674500,19872.73046875
2025-04-28,^TWII,加權指數,19972.0703125,20073.75,19972.0703125,20034.41015625,2131000,20034.41015625
2025-04-29,^TWII,加權指數,20018.3203125,20232.630859375,20007.30078125,20232.630859375,2538500,20232.630859375
2025-04-30,^TWII,加權指數,20215.390625,20331.890625,20185.310546875,20235.029296875,2806300,20235.029296875
2025-05-02,^TWII,加權指數,20534.080078125,20787.640625,20534.080078125,20787.640625,2779300,20787.640625
2025-05-05,^TWII,加權指數,20839.0390625,20885.5390625,20320.80078125,20532.990234375,3929000,20532.990234375
2025-05-06,^TWII,加權指數,20353.880859375,20623.849609375,20349.560546875,20522.58984375,3091500,20522.58984375
2025-05-07,^TWII,加權指數,20575.150390625,20685.279296875,20418.029296875,20546.490234375,2681400,20546.490234375
2025-05-08,^TWII,加權指數,20559.650390625,20747.279296875,20543.400390625,20543.400390625,2348100,20543.400390625
2025-05-09,^TWII,加權指數,20690.80078125,20915.0390625,20643.560546875,20915.0390625,2744700,20915.0390625
2025-05-12,^TWII,加權指數,20996.94921875,21176.130859375,20996.94921875,21129.5390625,2687300,21129.5390625
2025-05-13,^TWII,加權指數,21474.01953125,21626.279296875,21330.140625,21330.140625,3601900,21330.140625
2025-05-14,^TWII,加權指數,21552.419921875,21782.869140625,21552.419921875,21782.869140625,3656500,21782.869140625
2025-05-15,^TWII,加權指數,21776.650390625,21821.009765625,21674.3203125,21730.25,3543000,21730.25
2025-05-16,^TWII,加權指數,21731.880859375,21854.5,21697.849609375,21843.689453125,3714600,21843.689453125
2025-05-19,^TWII,加權指數,21786.330078125,21786.330078125,21496.689453125,21523.830078125,3401200,21523.830078125
2025-05-20,^TWII,加權指數,21631.609375,21746.560546875,21517.099609375,21526.029296875,2908900,21526.029296875
2025-05-21,^TWII,加權指數,21603.580078125,21879.240234375,21603.580078125,21803.91015625,3078500,21803.91015625
2025-05-22,^TWII,加權指數,21733.8203125,21733.8203125,21585.310546875,21670.9609375,3137400,21670.9609375
2025-05-23,^TWII,加權指數,21766.240234375,21798.880859375,21559.779296875,21652.240234375,3065000,21652.240234375
2025-05-26,^TWII,加權指數,21577.640625,21688.44921875,21536.5703125,21536.5703125,3105400,21536.5703125
2025-05-27,^TWII,加權指數,21491.650390625,21558.470703125,21310.0,21336.5390625,3512400,21336.5390625
2025-05-28,^TWII,加權指數,21539.150390625,21634.369140625,21305.73046875,21357.720703125,3647300,21357.720703125
2025-05-29,^TWII,加權指數,21531.2890625,21605.259765625,21347.30078125,21347.30078125,5081700,21347.30078125
2025-06-02,^TWII,加權指數,21253.970703125,21256.099609375,20940.98046875,21002.7109375,3805400,21002.7109375
2025-06-03,^TWII,加權指數,21126.69921875,21303.2109375,21110.630859375,21126.9296875,3739600,21126.9296875
2025-06-04,^TWII,加權指數,21341.439453125,21618.08984375,21341.439453125,21618.08984375,4061200,21618.08984375
2025-06-05,^TWII,加權指數,21695.9296875,21738.9296875,21626.740234375,21674.4296875,3521900,21674.4296875
2025-06-06,^TWII,加權指數,21637.76953125,21702.4609375,21606.69921875,21660.66015625,2964300,21660.66015625
2025-06-09,^TWII,加權指數,21773.44921875,21866.26953125,21717.51953125,21790.2890625,3035200,21790.2890625
2025-06-10,^TWII,加權指數,21921.240234375,22294.859375,21921.240234375,22242.140625,3534000,22242.140625
2025-06-11,^TWII,加權指數,22376.369140625,22470.099609375,22294.599609375,22470.099609375,3669800,22470.099609375
2025-06-12,^TWII,加權指數,22362.669921875,22390.169921875,22253.640625,22287.8203125,3060300,22287.8203125
2025-06-13,^TWII,加權指數,22215.5,22228.009765625,21984.359375,22072.94921875,3285000,22072.94921875
2025-06-16,^TWII,加權指數,22058.5703125,22094.599609375,21936.380859375,22049.900390625,2521300,22049.900390625
2025-06-17,^TWII,加權指數,22172.58984375,22331.689453125,22118.4609375,22211.58984375,3044000,22211.58984375
2025-06-18,^TWII,加權指數,22135.830078125,22370.25,22104.6796875,22356.73046875,3214600,22356.73046875
2025-06-19,^TWII,加權指數,22238.099609375,22249.400390625,21973.0390625,22003.5,3057900,22003.5
2025-06-20,^TWII,加權指數,21960.509765625,22089.48046875,21779.55078125,22045.740234375,4418300,22045.740234375
2025-06-23,^TWII,加權指數,21750.69921875,21801.3203125,21551.580078125,21732.01953125,3015300,21732.01953125
2025-06-24,^TWII,加權指數,22001.48046875,22201.05078125,22001.48046875,22188.759765625,3767600,22188.759765625
2025-06-25,^TWII,加權指數,22341.869140625,22444.509765625,22284.51953125,22430.609375,3405900,22430.609375
2025-06-26,^TWII,加權指數,22425.390625,22587.669921875,22391.26953125,22492.33984375,3685100,22492.33984375
2025-06-27,^TWII,加權指數,22503.849609375,22580.080078125,22388.58984375,22580.080078125,3454100,22580.080078125
2025-06-30,^TWII,加權指數,22508.330078125,22558.94921875,22256.01953125,22256.01953125,3443500,22256.01953125
2025-07-01,^TWII,加權指數,22419.740234375,22730.759765625,22401.580078125,22553.720703125,3676400,22553.720703125
2025-07-02,^TWII,加權指數,22463.55078125,22577.740234375,22396.259765625,22577.740234375,2897200,22577.740234375
2025-07-03,^TWII,加權指數,22707.41015625,22816.19921875,22700.859375,22712.970703125,3368000,22712.970703125
2025-07-04,^TWII,加權指數,22756.55078125,22842.75,22500.970703125,22547.5,3270200,22547.5
2025-07-07,^TWII,加權指數,22550.140625,22550.5,22294.109375,22428.720703125,2570300,22428.720703125
2025-07-08,^TWII,加權指數,22375.650390625,22375.650390625,22190.4609375,22362.26953125,2661400,22362.26953125
2025-07-09,^TWII,加權指數,22253.169921875,22527.009765625,22211.099609375,22527.009765625,2907300,22527.009765625
2025-07-10,^TWII,加權指數,22566.509765625,22699.2890625,22513.349609375,22693.25,2829400,22693.25
2025-07-11,^TWII,加權指數,22602.810546875,22770.009765625,22601.94921875,22751.029296875,4446700,22751.029296875
2025-07-14,^TWII,加權指數,22679.1796875,22735.23046875,22525.66015625,22614.970703125,2557300,22614.970703125
2025-07-15,^TWII,加權指數,22618.4296875,22888.23046875,22588.259765625,22835.939453125,2696000,22835.939453125
2025-07-16,^TWII,加權指數,22967.509765625,23106.4296875,22923.119140625,23042.900390625,3171200,23042.900390625
2025-07-17,^TWII,加權指數,23042.970703125,23159.5390625,22923.369140625,23113.279296875,3078000,23113.279296875
2025-07-18,^TWII,加權指數,23345.720703125,23468.2109375,23276.01953125,23383.130859375,2995200,23383.130859375
2025-07-21,^TWII,加權指數,23314.2890625,23403.830078125,23243.7890625,23340.560546875,2784300,23340.560546875
2025-07-22,^TWII,加權指數,23301.66015625,23486.080078125,22985.900390625,22987.919921875,3764700,22987.919921875
2025-07-23,^TWII,加權指數,23063.5703125,23318.669921875,23063.5703125,23318.669921875,3346500,23318.669921875
2025-07-24,^TWII,加權指數,23373.669921875,23455.08984375,23295.310546875,23373.73046875,3659600,23373.73046875
2025-07-25,^TWII,加權指數,23454.58984375,23485.560546875,23308.44921875,23364.380859375,2946900,23364.380859375
2025-07-28,^TWII,加權指數,23477.099609375,23564.439453125,23350.73046875,23412.98046875,3255000,23412.98046875
2025-07-29,^TWII,加權指數,23414.359375,23422.169921875,23094.669921875,23201.51953125,3565200,23201.51953125
2025-07-30,^TWII,加權指數,23288.720703125,23461.720703125,23264.640625,23461.720703125,3352200,23461.720703125
2025-07-31,^TWII,加權指數,23523.58984375,23631.109375,23454.439453125,23542.51953125,3757100,23542.51953125
2025-08-01,^TWII,加權指數,23318.369140625,23484.2109375,23168.26953125,23434.380859375,3402400,23434.380859375
2025-08-04,^TWII,加權指數,23260.1796875,23378.939453125,23151.650390625,23378.939453125,3191500,23378.939453125
2025-08-05,^TWII,加權指數,23498.400390625,23671.83984375,23498.400390625,23660.58984375,3421400,23660.58984375
2025-08-06,^TWII,加權指數,23443.359375,23557.490234375,23433.529296875,23447.359375,3264600,23447.359375
2025-08-07,^TWII,加權指數,23717.349609375,24050.5390625,23717.349609375,24003.76953125,3487700,24003.76953125
2025-08-08,^TWII,加權指數,24026.650390625,24131.4609375,23967.990234375,24021.259765625,3790600,24021.259765625
2025-08-11,^TWII,加權指數,23980.390625,24249.05078125,23887.25,24135.5,3851900,24135.5
2025-08-12,^TWII,加權指數,24182.83984375,24263.919921875,24065.4296875,24158.359375,4193700,24158.359375
2025-08-13,^TWII,加權指數,24232.0390625,24406.939453125,24172.189453125,24370.01953125,4867300,24370.01953125
2025-08-14,^TWII,加權指數,24258.5,24389.509765625,24198.880859375,24238.099609375,4491700,24238.099609375
2025-08-15,^TWII,加權指數,24266.23046875,24385.560546875,24164.4296875,24334.48046875,4491700,24334.48046875
2025-08-18,^TWII,加權指數,24272.55078125,24515.650390625,24257.30078125,24482.51953125,4745200,24482.51953125
2025-08-19,^TWII,加權指數,24493.919921875,24551.419921875,24324.2890625,24353.5,4734800,24353.5
2025-08-20,^TWII,加權指數,24309.26953125,24309.26953125,23620.240234375,23625.439453125,4336000,23625.439453125
2025-08-21,^TWII,加權指數,23739.830078125,24011.5,23739.830078125,23962.130859375,3924400,23962.130859375
2025-08-22,^TWII,加權指數,24033.01953125,24071.650390625,23764.470703125,23764.470703125,3633100,23764.470703125
2025-08-25,^TWII,加權指數,24108.810546875,24362.01953125,24108.75,24277.380859375,3818800,24277.380859375
2025-08-26,^TWII,加權指數,24237.359375,24382.419921875,24113.029296875,24305.099609375,5104500,24305.099609375
2025-08-27,^TWII,加權指數,24449.810546875,24539.880859375,24410.080078125,24519.900390625,4022200,24519.900390625
2025-08-28,^TWII,加權指數,24468.119140625,24502.369140625,24236.44921875,24236.44921875,4093700,24236.44921875
2025-08-29,^TWII,加權指數,24438.029296875,24570.150390625,24233.099609375,24233.099609375,4230800,24233.099609375
2025-09-01,^TWII,加權指數,24143.369140625,24312.830078125,23885.41015625,24071.73046875,3978800,24071.73046875
2025-09-02,^TWII,加權指數,24113.900390625,24295.029296875,23890.330078125,24016.779296875,3621600,24016.779296875
2025-09-03,^TWII,加權指數,24036.880859375,24103.23046875,23925.490234375,24100.30078125,3208300,24100.30078125
2025-09-04,^TWII,加權指數,24235.26953125,24389.349609375,24168.16015625,24179.849609375,4098500,24179.849609375
2025-09-05,^TWII,加權指數,24244.259765625,24494.580078125,24244.259765625,24494.580078125,3935800,24494.580078125
2025-09-08,^TWII,加權指數,24610.849609375,24729.9609375,24547.380859375,24547.380859375,4221200,24547.380859375
2025-09-09,^TWII,加權指數,24650.4609375,24880.0703125,24650.4609375,24855.1796875,4235300,24855.1796875
2025-09-10,^TWII,加權指數,25032.880859375,25272.23046875,25032.880859375,25192.58984375,4503300,25192.58984375
2025-09-11,^TWII,加權指數,25509.30078125,25541.439453125,25174.130859375,25215.7109375,5159400,25215.7109375
2025-09-12,^TWII,加權指數,25349.69921875,25492.279296875,25349.69921875,25474.640625,4362700,25474.640625
2025-09-15,^TWII,加權指數,25494.099609375,25519.939453125,25284.169921875,25357.16015625,3734300,25357.16015625
2025-09-16,^TWII,加權指數,25335.4609375,25664.810546875,25335.4609375,25629.640625,4224500,25629.640625
2025-09-17,^TWII,加權指數,25543.91015625,25632.0703125,25422.9609375,25438.25,4404600,25438.25
2025-09-18,^TWII,加權指數,25543.169921875,25769.359375,25475.25,25769.359375,4746200,25769.359375
2025-09-19,^TWII,加權指數,25794.66015625,25864.009765625,25578.369140625,25578.369140625,6041400,25578.369140625
2025-09-22,^TWII,加權指數,25599.599609375,25887.689453125,25599.599609375,25880.599609375,4316700,25880.599609375
2025-09-23,^TWII,加權指數,26121.0,26307.30078125,26041.689453125,26247.369140625,4775000,26247.369140625
2025-09-24,^TWII,加權指數,26389.16015625,26394.029296875,26045.470703125,26196.73046875,4309500,26196.73046875
2025-09-25,^TWII,加權指數,26067.970703125,26247.849609375,26023.849609375,26023.849609375,5318500,26023.849609375
2025-09-26,^TWII,加權指數,25998.279296875,25998.279296875,25469.0390625,25580.3203125,4370400,25580.3203125
2025-09-30,^TWII,加權指數,25738.310546875,25975.83984375,25738.310546875,25820.5390625,3601000,25820.5390625
2025-10-01,^TWII,加權指數,26078.2890625,26325.7890625,25982.91015625,25982.91015625,4127200,25982.91015625
2025-10-02,^TWII,加權指數,26392.310546875,26489.7890625,26330.25,26378.390625,4331900,26378.390625
2025-10-03,^TWII,加權指數,26435.099609375,26761.060546875,26410.029296875,26761.060546875,3947400,26761.060546875
2025-10-07,^TWII,加權指數,27029.279296875,27301.419921875,27017.080078125,27211.94921875,4714200,27211.94921875
2025-10-08,^TWII,加權指數,26999.8203125,27110.4296875,26883.990234375,27063.6796875,4475000,27063.6796875
2025-10-09,^TWII,加權指數,27301.609375,27463.119140625,27253.0703125,27301.919921875,5551400,27301.919921875
2025-10-13,^TWII,加權指數,26762.599609375,26965.720703125,26470.439453125,26923.419921875,4848200,26923.419921875
2025-10-14,^TWII,加權指數,27282.099609375,27507.16015625,26764.060546875,26793.150390625,6407700,26793.150390625
2025-10-15,^TWII,加權指數,26911.05078125,27275.7109375,26773.150390625,27275.7109375,4438300,27275.7109375
2025-10-16,^TWII,加權指數,27337.3203125,27732.779296875,27337.3203125,27647.869140625,4657900,27647.869140625
2025-10-17,^TWII,加權指數,27399.91015625,27513.08984375,27302.369140625,27302.369140625,4488400,27302.369140625
2025-10-20,^TWII,加權指數,27480.439453125,27768.26953125,27412.44921875,27688.630859375,4283400,27688.630859375
2025-10-21,^TWII,加權指數,27742.55078125,27969.05078125,27742.55078125,27752.41015625,4293000,27752.41015625
2025-10-22,^TWII,加權指數,27614.109375,27725.830078125,27490.890625,27648.91015625,3944200,27648.91015625
2025-10-23,^TWII,加權指數,27457.0703125,27586.849609375,27371.669921875,27532.259765625,3819800,27532.259765625
2025-10-27,^TWII,加權指數,28029.880859375,28196.330078125,27993.630859375,27993.630859375,4954700,27993.630859375
2025-10-28,^TWII,加權指數,28041.009765625,28087.9296875,27885.619140625,27949.109375,5011300,27949.109375
2025-10-29,^TWII,加權指數,28157.91015625,28395.310546875,28139.650390625,28294.740234375,5040500,28294.740234375
2025-10-30,^TWII,加權指數,28350.240234375,28527.6796875,28116.599609375,28287.529296875,5137600,28287.529296875
2025-10-31,^TWII,加權指數,28280.470703125,28489.759765625,28233.349609375,28233.349609375,4459700,28233.349609375
2025-11-03,^TWII,加權指數,28253.529296875,28494.990234375,28150.44921875,28334.58984375,3968500,28334.58984375
2025-11-04,^TWII,加權指數,28364.759765625,28554.609375,28033.619140625,28116.560546875,4218000,28116.560546875
2025-11-05,^TWII,加權指數,27785.91015625,27799.08984375,27373.05078125,27717.060546875,4085800,27717.060546875
2025-11-06,^TWII,加權指數,27906.439453125,28061.529296875,27879.69921875,27899.44921875,4125700,27899.44921875
2025-11-07,^TWII,加權指數,27818.5390625,27818.5390625,27621.48046875,27651.41015625,4344700,27651.41015625
2025-11-10,^TWII,加權指數,27805.470703125,27976.890625,27680.509765625,27869.509765625,4157600,27869.509765625
2025-11-11,^TWII,加權指數,28031.5390625,28187.69921875,27784.94921875,27784.94921875,5302400,27784.94921875
2025-11-12,^TWII,加權指數,27853.470703125,28071.759765625,27799.919921875,27947.08984375,5291300,27947.08984375
2025-11-13,^TWII,加權指數,27867.58984375,28038.240234375,27811.810546875,27903.560546875,6572900,27903.560546875
2025-11-14,^TWII,加權指數,27816.44921875,27816.44921875,27383.33984375,27397.5,5171300,27397.5
2025-11-17,^TWII,加權指數,27600.740234375,27723.76953125,27447.310546875,27447.310546875,4781900,27447.310546875
2025-11-18,^TWII,加權指數,27310.400390625,27310.400390625,26756.119140625,26756.119140625,5433000,26756.119140625
2025-11-19,^TWII,加權指數,26708.279296875,26902.970703125,26580.119140625,26580.119140625,4448000,26580.119140625
2025-11-20,^TWII,加權指數,27212.91015625,27493.630859375,27183.029296875,27426.359375,4862100,27426.359375
2025-11-21,^TWII,加權指數,26821.970703125,26821.970703125,26395.98046875,26434.939453125,4006000,26434.939453125
2025-11-24,^TWII,加權指數,26596.029296875,26764.130859375,26482.330078125,26504.240234375,6156100,26504.240234375
2025-11-25,^TWII,加權指數,26995.900390625,27118.01953125,26793.7109375,26912.169921875,3724900,26912.169921875
2025-11-26,^TWII,加權指數,27063.169921875,27409.5390625,27063.169921875,27409.5390625,4016500,27409.5390625
2025-11-27,^TWII,加權指數,27517.240234375,27659.060546875,27436.58984375,27554.529296875,3621100,27554.529296875
2025-11-28,^TWII,加權指數,27566.119140625,27796.900390625,27566.119140625,27626.48046875,3953500,27626.48046875
2025-12-01,^TWII,加權指數,27674.16015625,27697.060546875,27342.529296875,27342.529296875,3774100,27342.529296875
2025-12-02,^TWII,加權指數,27550.349609375,27741.890625,27477.099609375,27564.26953125,4210100,27564.26953125
2025-12-03,^TWII,加權指數,27605.630859375,27847.669921875,27605.630859375,27793.0390625,3769000,27793.0390625
2025-12-04,^TWII,加權指數,27773.419921875,27880.23046875,27636.630859375,27795.7109375,3599700,27795.7109375
2025-12-05,^TWII,加權指數,27796.4296875,27980.890625,27738.5,27980.890625,3817000,27980.890625
2025-12-08,^TWII,加權指數,28034.0,28303.779296875,28026.390625,28303.779296875,4068700,28303.779296875
2025-12-09,^TWII,加權指數,28364.0390625,28390.240234375,28157.26953125,28182.599609375,4898300,28182.599609375
2025-12-10,^TWII,加權指數,28190.759765625,28417.08984375,28190.759765625,28400.73046875,4773000,28400.73046875
2025-12-11,^TWII,加權指數,28385.23046875,28568.01953125,27984.189453125,28024.75,4248000,28024.75
2025-12-12,^TWII,加權指數,28097.5390625,28272.060546875,28071.33984375,28198.01953125,4802600,28198.01953125
2025-12-15,^TWII,加權指數,28119.7890625,28119.7890625,27684.869140625,27866.939453125,4157000,27866.939453125
2025-12-16,^TWII,加權指數,27721.099609375,27740.66015625,27355.669921875,27536.66015625,5140200,27536.66015625
2025-12-17,^TWII,加權指數,27596.1796875,27780.689453125,27469.599609375,27525.169921875,5499500,27525.169921875
2025-12-18,^TWII,加權指數,27447.44921875,27569.439453125,27350.76953125,27468.529296875,4799900,27468.529296875
2025-12-19,^TWII,加權指數,27685.740234375,27869.779296875,27672.05078125,27696.349609375,5627700,27696.349609375
2025-12-22,^TWII,加權指數,27986.66015625,28168.75,27986.66015625,28149.640625,5026500,28149.640625
2025-12-23,^TWII,加權指數,28253.140625,28350.369140625,28212.83984375,28310.470703125,4559700,28310.470703125
2025-12-24,^TWII,加權指數,28383.609375,28486.380859375,28280.58984375,28371.98046875,4612900,28371.98046875
2025-12-26,^TWII,加權指數,28443.48046875,28590.91015625,28404.33984375,28556.01953125,4511200,28556.01953125
2025-12-29,^TWII,加權指數,28662.7890625,28841.640625,28595.349609375,28810.890625,4440500,28810.890625
2025-12-30,^TWII,加權指數,28723.8203125,28833.029296875,28553.640625,28707.130859375,5135300,28707.130859375
2025-12-31,^TWII,加權指數,28723.490234375,29009.810546875,28687.900390625,28963.599609375,5689400,28963.599609375
2026-01-02,^TWII,加權指數,29016.6796875,29363.4296875,29007.75,29349.810546875,5945900,29349.810546875
2026-01-05,^TWII,加權指數,29779.69921875,30339.3203125,29779.69921875,30105.0390625,6274000,30105.0390625
2026-01-06,^TWII,加權指數,29933.650390625,30576.30078125,29933.650390625,30576.30078125,6867900,30576.30078125
2026-01-07,^TWII,加權指數,30412.3203125,30570.259765625,30306.16015625,30435.470703125,8350800,30435.470703125
2026-01-08,^TWII,加權指數,30330.580078125,30593.490234375,30268.359375,30360.55078125,8283300,30360.55078125
2026-01-09,^TWII,加權指數,30370.44921875,30500.419921875,29925.490234375,30288.9609375,6518900,30288.9609375
2026-01-12,^TWII,加權指數,30472.69921875,30681.990234375,30472.69921875,30567.2890625,5720700,30567.2890625
2026-01-13,^TWII,加權指數,30630.859375,30973.849609375,30529.330078125,30707.220703125,6687400,30707.220703125
2026-01-14,^TWII,加權指數,30742.529296875,30994.810546875,30742.529296875,30941.779296875,6046100,30941.779296875
2026-01-15,^TWII,加權指數,30746.98046875,30877.310546875,30663.869140625,30810.580078125,6569600,30810.580078125
2026-01-16,^TWII,加權指數,30844.630859375,31475.220703125,30844.630859375,31408.69921875,7323000,31408.69921875
2026-01-19,^TWII,加權指數,31336.76953125,31827.390625,31285.529296875,31639.2890625,7864700,31639.2890625
2026-01-20,^TWII,加權指數,31584.33984375,31759.990234375,31340.099609375,31759.990234375,7884000,31759.990234375
2026-01-21,^TWII,加權指數,31749.140625,31749.140625,31200.759765625,31246.369140625,8417100,31246.369140625
2026-01-22,^TWII,加權指數,31371.130859375,31890.619140625,31371.130859375,31746.080078125,7642300,31746.080078125
2026-01-23,^TWII,加權指數,31788.76953125,32042.439453125,31693.150390625,31961.509765625,7178200,31961.509765625
2026-01-26,^TWII,加權指數,32002.560546875,32196.75,31989.859375,32064.51953125,6470200,32064.51953125
2026-01-27,^TWII,加權指數,32095.080078125,32428.169921875,32095.080078125,32317.919921875,7511200,32317.919921875
2026-01-28,^TWII,加權指數,32381.759765625,32803.8203125,32381.759765625,32803.8203125,7408400,32803.8203125
2026-01-29,^TWII,加權指數,32828.01953125,32996.03125,32472.44921875,32536.26953125,7939900,32536.26953125
2026-01-30,^TWII,加權指數,32555.51953125,32555.51953125,32004.9609375,32063.75,8004400,32063.75
2026-02-02,^TWII,加權指數,32008.4609375,32008.4609375,31359.94921875,31624.029296875,6128700,31624.029296875
2026-02-03,^TWII,加權指數,31737.66015625,32293.830078125,31737.66015625,32195.359375,6083600,32195.359375
2026-02-04,^TWII,加權指數,32196.5703125,32380.0,31942.279296875,32289.810546875,5481900,32289.810546875
2026-02-05,^TWII,加權指數,32241.640625,32241.640625,31769.080078125,31801.26953125,5843100,31801.26953125
2026-02-06,^TWII,加權指數,31746.439453125,31842.619140625,31164.279296875,31782.919921875,5482300,31782.919921875
2026-02-09,^TWII,加權指數,31956.2109375,32666.05078125,31956.2109375,32404.619140625,4854000,32404.619140625
2026-02-10,^TWII,加權指數,32439.7109375,33072.96875,32439.7109375,33072.96875,4429000,33072.96875
2026-02-11,^TWII,加權指數,33086.1484375,33707.828125,33071.671875,33605.7109375,5334200,33605.7109375
2026-02-23,^TWII,加權指數,33663.01953125,34212.37890625,33663.01953125,33773.26171875,6847600,33773.26171875
2026-02-24,^TWII,加權指數,34020.7109375,34786.421875,33987.51171875,34700.8203125,6653800,34700.8203125
2026-02-25,^TWII,加權指數,34753.30859375,35521.5390625,34753.30859375,35413.0703125,8280600,35413.0703125
2026-02-26,^TWII,加權指數,35457.76171875,35579.33984375,35171.51953125,35414.48828125,8684700,35414.48828125
2026-03-02,^TWII,加權指數,35277.48046875,35345.71875,34605.359375,35095.08984375,7852100,35095.08984375
2026-03-03,^TWII,加權指數,35106.21875,35264.58984375,34323.6484375,34323.6484375,8829900,34323.6484375
2026-03-04,^TWII,加權指數,34228.75,34228.75,32828.87890625,32828.87890625,7817200,32828.87890625
2026-03-05,^TWII,加權指數,33620.73828125,34319.6796875,33472.91015625,33672.94140625,5789800,33672.94140625
2026-03-06,^TWII,加權指數,33483.94140625,33829.48828125,33322.51953125,33599.5390625,5479700,33599.5390625
2026-03-09,^TWII,加權指數,32354.609375,32354.609375,31529.359375,32110.419921875,6749000,32110.419921875
2026-03-10,^TWII,加權指數,32692.369140625,33256.69140625,32455.19921875,32771.87109375,6268300,32771.87109375
2026-03-11,^TWII,加權指數,33128.48828125,34218.66015625,33128.48828125,34114.19140625,5854600,34114.19140625
2026-03-12,^TWII,加權指數,33816.1484375,34019.48046875,33458.640625,33581.859375,7553100,33581.859375
2026-03-13,^TWII,加權指數,33215.78125,33639.1796875,33013.4609375,33400.3203125,6795000,33400.3203125
2026-03-16,^TWII,加權指數,33541.25,33765.80859375,33278.05859375,33342.51171875,6288500,33342.51171875
2026-03-17,^TWII,加權指數,33380.83984375,34008.69921875,33380.83984375,33836.5703125,6564400,33836.5703125
2026-03-18,^TWII,加權指數,33929.28125,34423.66015625,33929.28125,34348.578125,7008700,34348.578125
2026-03-19,^TWII,加權指數,34279.12109375,34279.12109375,33663.78125,33689.6796875,6675700,33689.6796875
2026-03-20,^TWII,加權指數,33719.8515625,33989.1796875,33379.23828125,33543.87890625,7825000,33543.87890625
2026-03-23,^TWII,加權指數,33334.0,33334.0,32461.08984375,32722.5,5505600,32722.5
2026-03-24,^TWII,加權指數,33062.890625,33361.4609375,32434.5390625,32612.240234375,5184200,32612.240234375
2026-03-25,^TWII,加權指數,32725.26953125,33705.75,32725.26953125,33439.109375,4540400,33439.109375
2026-03-26,^TWII,加權指數,33575.6015625,33892.55859375,33337.62109375,33337.62109375,5141000,33337.62109375
2026-03-27,^TWII,加權指數,33267.25,33267.25,32669.390625,33112.58984375,4967400,33112.58984375
2026-03-30,^TWII,加權指數,33009.6796875,33009.6796875,32326.369140625,32518.16015625,5026000,32518.16015625
2026-03-31,^TWII,加權指數,32419.0,32453.380859375,31705.990234375,31722.990234375,5862700,31722.990234375
2026-04-01,^TWII,加權指數,31892.330078125,33182.21875,31892.330078125,33174.8203125,4716000,33174.8203125
2026-04-02,^TWII,加權指數,33218.01953125,33497.578125,32516.939453125,32572.4296875,5332000,32572.4296875
2026-04-07,^TWII,加權指數,32671.51953125,33264.21875,32671.51953125,33229.8203125,4475300,33229.8203125
2026-04-08,^TWII,加權指數,33379.5,34761.37890625,33379.5,34761.37890625,5671700,34761.37890625
2026-04-09,^TWII,加權指數,34779.9609375,34884.44921875,34617.33984375,34861.16015625,6586300,34861.16015625
2026-04-10,^TWII,加權指數,34950.87109375,35417.828125,34950.87109375,35417.828125,6752000,35417.828125
2026-04-13,^TWII,加權指數,35422.91015625,35552.48828125,35261.73046875,35457.2890625,5566000,35457.2890625
2026-04-14,^TWII,加權指數,35584.08984375,36341.44140625,35584.08984375,36296.12109375,7184600,36296.12109375
2026-04-15,^TWII,加權指數,36369.109375,37064.16015625,36369.109375,36722.140625,7050400,36722.140625
2026-04-16,^TWII,加權指數,36759.53125,37135.55078125,36751.08984375,37132.01953125,6694200,37132.01953125
2026-04-17,^TWII,加權指數,37145.66015625,37145.66015625,36776.28125,36804.33984375,6808300,36804.33984375
2026-04-20,^TWII,加權指數,36850.23828125,37344.5,36850.23828125,36958.80078125,6458900,36958.80078125
2026-04-21,^TWII,加權指數,37051.25,37781.828125,37051.25,37605.109375,6360500,37605.109375
2026-04-22,^TWII,加權指數,37627.19921875,38096.87890625,37623.37890625,37878.46875,6248000,37878.46875
2026-04-23,^TWII,加權指數,37971.69140625,38921.94921875,37164.44140625,37714.1484375,8516700,37714.1484375
2026-04-24,^TWII,加權指數,37862.6484375,38989.94140625,37862.6484375,38932.3984375,5653800,38932.3984375
2026-04-27,^TWII,加權指數,39858.19140625,40194.921875,39607.73828125,39616.62890625,5805300,39616.62890625
2026-04-28,^TWII,加權指數,39531.9296875,40101.23046875,39521.73046875,39521.73046875,5020400,39521.73046875
2026-04-29,^TWII,加權指數,39176.23828125,39548.1796875,38896.30078125,39303.5,5009300,39303.5
2026-04-30,^TWII,加權指數,39571.4609375,39848.21875,38926.62890625,38926.62890625,5678600,38926.62890625
2026-05-04,^TWII,加權指數,39228.390625,40755.51953125,39228.390625,40705.140625,5642100,40705.140625
2026-05-05,^TWII,加權指數,40708.3984375,40885.05078125,40522.78125,40769.2890625,6050000,40769.2890625
2026-05-06,^TWII,加權指數,40983.0390625,41575.83984375,40616.28125,41138.8515625,8107500,41138.8515625
2026-05-07,^TWII,加權指數,41259.9609375,42156.05859375,41259.9609375,41933.78125,7835100,41933.78125
2026-05-08,^TWII,加權指數,41886.03125,42038.6015625,41132.25,41603.94140625,7818600,41603.94140625
2026-05-11,^TWII,加權指數,41714.0,42021.78125,41529.25,41790.05859375,6722000,41790.05859375
2026-05-12,^TWII,加權指數,41880.66015625,42253.421875,41471.5703125,41898.3203125,8332000,41898.3203125
2026-05-13,^TWII,加權指數,41795.921875,41795.921875,41014.53125,41374.5,8129100,41374.5
2026-05-14,^TWII,加權指數,41496.23046875,42205.62109375,41496.23046875,41751.75,7982100,41751.75
2026-05-15,^TWII,加權指數,41830.421875,42408.66015625,41016.73046875,41172.359375,8185700,41172.359375
2026-05-18,^TWII,加權指數,41095.8203125,41095.8203125,40170.171875,40891.8203125,6319000,40891.8203125
2026-05-19,^TWII,加權指數,40883.421875,40951.55859375,40168.51171875,40175.55859375,6548000,40175.55859375
2026-05-20,^TWII,加權指數,40204.16015625,40439.0390625,39967.078125,40020.8203125,0,40020.8203125
